['$489', 200.0]
['$489', 200.0]
['$489', 200.0]
['$489', 200.0]
['$489', 200.0]
['$489', 200.0]
['$489', 200.0]
['$489', 200.0]
['$489', 200.0]
['$489', 200.0]
['$489', 200.0]
['$489', 200.0]
['$489', 200.0]
['$489', 200.0]
['$489', 200.0]
['$489', 200.0]
['$489', 200.0]
['$489', 200.0]
['$489', 200.0]
['$489', 200.0]
['$489', 200.0]
['$489', 200.0]
['$489', 200.0]
['$308', 200.0, 150.0, '$180', 200.0]
['$306', 200.0, 150.0, '$2', 0.0, 100.0, '$179', 200.0]
['$305', 200.0, 150.0, '$2', 0.0, '$2', 50.0, '$179', 200.0]
['$304', 200.0, 150.0, '$2', 50.0, 0.0, 50.0, 100.0, '$179', 200.0]
['$304', 200.0, '$2', 50.0, '$2', 0.0, 50.0, 100.0, '$179', 200.0]
['$303', 200.0, 150.0, '$2', 50.0, '$2', 0.0, 50.0, 100.0, 150.0, '$178', 200.0]
['$303', 200.0, '$2', 50.0, '$3', 0.0, 50.0, '$2', 150.0, '$178', 200.0]
['$269', 200.0, '$6', 150.0, '$27', 200.0, 150.0, '$2', 50.0, '$3', 0.0, 50.0, '$3', 150.0, '$177', 200.0]
['$264', 200.0, '$5', 150.0, '$2', 100.0, '$3', 150.0, 100.0, '$5', 150.0, 200.0, '$2', 150.0, '$19', 200.0, 150.0, '$5', 0.0, 50.0, 100.0, '$2', 150.0, '$177', 200.0]
['$263', 200.0, '$3', 150.0, '$3', 100.0, '$4', 50.0, '$6', 100.0, '$2', 150.0, 100.0, '$5', 150.0, '$15', 200.0, 150.0, '$4', 0.0, '$2', 50.0, '$2', 100.0, '$2', 150.0, '$176', 200.0]
['$261', 200.0, '$3', 150.0, '$2', 100.0, '$4', 50.0, '$3', 0.0, '$6', 50.0, '$5', 100.0, '$3', 150.0, 200.0, 150.0, '$13', 200.0, 150.0, 0.0, 50.0, '$2', 0.0, '$2', 50.0, '$2', 100.0, '$3', 150.0, '$4', 200.0, '$2', 150.0, '$169', 200.0]
['$261', 200.0, '$3', 150.0, 100.0, 50.0, '$13', 0.0, '$5', 50.0, '$3', 100.0, '$4', 150.0, '$11', 200.0, 150.0, '$4', 0.0, '$2', 50.0, '$2', 100.0, '$3', 150.0, '$5', 200.0, '$2', 150.0, '$168', 200.0]
['$260', 200.0, 150.0, 100.0, 50.0, 100.0, '$2', 50.0, '$18', 0.0, '$4', 50.0, 100.0, 150.0, 100.0, 150.0, '$11', 200.0, 50.0, '$3', 0.0, '$2', 50.0, '$3', 100.0, '$2', 150.0, '$6', 200.0, '$3', 150.0, '$166', 200.0]
['$259', 200.0, 150.0, 100.0, '$2', 50.0, '$25', 0.0, '$4', 50.0, '$3', 150.0, '$8', 200.0, 150.0, '$4', 0.0, '$2', 50.0, '$2', 100.0, '$2', 150.0, '$4', 200.0, '$7', 150.0, '$164', 200.0]
['$259', 200.0, 150.0, 100.0, 50.0, '$29', 0.0, '$2', 50.0, '$2', 100.0, 150.0, '$8', 200.0, 50.0, '$3', 0.0, '$2', 50.0, '$2', 100.0, '$12', 150.0, '$2', 100.0, 150.0, '$162', 200.0]
['$259', 200.0, 150.0, 100.0, 50.0, '$32', 0.0, 50.0, '$2', 100.0, '$7', 200.0, 150.0, 0.0, 50.0, '$2', 0.0, '$2', 50.0, 100.0, '$12', 150.0, '$4', 100.0, 150.0, '$22', 200.0, '$8', 150.0, '$130', 200.0]
['$259', 200.0, 150.0, 100.0, '$34', 0.0, '$2', 50.0, 100.0, 150.0, '$6', 200.0, 100.0, 0.0, 50.0, '$2', 0.0, '$2', 50.0, 100.0, '$10', 150.0, 100.0, '$3', 150.0, '$2', 100.0, '$2', 150.0, '$15', 200.0, '$20', 150.0, 200.0, 150.0, '$121', 200.0]
['$259', 200.0, 150.0, 100.0, '$36', 0.0, 50.0, 100.0, '$3', 150.0, '$4', 200.0, 100.0, '$3', 0.0, '$2', 50.0, '$2', 100.0, '$19', 150.0, '$11', 200.0, '$4', 150.0, '$5', 100.0, '$4', 150.0, '$2', 100.0, '$12', 150.0, '$118', 200.0]
['$259', 200.0, 150.0, 100.0, '$37', 0.0, '$2', 50.0, 100.0, 150.0, '$5', 200.0, 100.0, 0.0, '$4', 50.0, '$2', 100.0, '$17', 150.0, '$2', 100.0, 150.0, '$6', 200.0, '$12', 150.0, 100.0, '$4', 150.0, '$2', 100.0, '$3', 150.0, '$2', 100.0, '$6', 150.0, '$118', 200.0]
['$259', 200.0, 150.0, 50.0, '$38', 0.0, '$2', 50.0, 100.0, '$6', 200.0, 100.0, '$3', 0.0, '$2', 50.0, '$3', 100.0, '$4', 150.0, 100.0, '$12', 150.0, '$2', 100.0, '$23', 150.0, 100.0, '$2', 150.0, '$4', 100.0, 150.0, 100.0, '$3', 150.0, '$11', 200.0, 150.0, '$106', 200.0]
['$259', 200.0, 150.0, 50.0, '$40', 0.0, 100.0, '$2', 150.0, '$5', 200.0, 150.0, '$3', 0.0, '$2', 50.0, '$8', 100.0, '$11', 150.0, '$2', 100.0, 150.0, 100.0, '$22', 150.0, 100.0, 150.0, 100.0, '$8', 150.0, '$7', 200.0, '$2', 150.0, '$2', 200.0, '$3', 150.0, '$104', 200.0]
['$259', 200.0, 150.0, 50.0, '$41', 0.0, 100.0, 150.0, '$6', 200.0, 150.0, '$3', 0.0, '$3', 50.0, '$8', 100.0, '$12', 150.0, 100.0, '$23', 150.0, '$4', 100.0, '$6', 150.0, '$8', 200.0, '$2', 150.0, '$2', 200.0, 150.0, 200.0, 150.0, '$103', 200.0]
['$259', 200.0, 150.0, 50.0, '$41', 0.0, 100.0, 150.0, '$7', 200.0, 150.0, '$2', 0.0, 50.0, 0.0, '$5', 50.0, '$5', 100.0, '$6', 150.0, 100.0, '$27', 150.0, '$5', 100.0, '$6', 150.0, '$2', 200.0, '$6', 150.0, 200.0, 100.0, 150.0, '$2', 200.0, '$3', 150.0, 200.0, 150.0, '$100', 200.0]
['$259', 200.0, 150.0, 50.0, '$41', 0.0, 50.0, 100.0, '$9', 200.0, '$2', 0.0, 50.0, 0.0, '$5', 50.0, '$4', 100.0, '$3', 150.0, '$3', 100.0, '$27', 150.0, '$6', 100.0, 150.0, '$2', 100.0, '$3', 150.0, 200.0, 150.0, '$3', 100.0, '$6', 150.0, '$2', 200.0, '$6', 150.0, '$99', 200.0]
['$259', 200.0, 150.0, '$2', 50.0, '$41', 0.0, 50.0, 150.0, '$9', 200.0, 100.0, '$3', 0.0, '$7', 50.0, '$7', 100.0, '$27', 150.0, '$7', 100.0, '$5', 150.0, 200.0, 150.0, 200.0, '$2', 150.0, 100.0, 150.0, 200.0, '$4', 150.0, 200.0, '$6', 150.0, '$99', 200.0]
['$259', 200.0, 150.0, 100.0, 50.0, '$42', 0.0, 100.0, '$8', 200.0, 250.0, 200.0, 150.0, '$4', 0.0, '$5', 50.0, '$7', 100.0, '$29', 150.0, '$6', 100.0, '$3', 150.0, '$6', 200.0, '$3', 150.0, 200.0, '$12', 150.0, '$97', 200.0]
['$259', 200.0, '$2', 150.0, 100.0, 50.0, '$41', 0.0, 50.0, 150.0, '$11', 200.0, 100.0, 0.0, 50.0, '$3', 0.0, '$4', 50.0, '$5', 100.0, '$30', 150.0, '$2', 100.0, '$2', 150.0, '$2', 100.0, '$2', 150.0, '$4', 200.0, '$2', 150.0, 200.0, '$3', 150.0, 200.0, '$5', 150.0, 100.0, '$5', 150.0, '$97', 200.0]
['$260', 200.0, 150.0, 100.0, 50.0, '$42', 0.0, 150.0, '$10', 200.0, 250.0, 200.0, 150.0, '$2', 0.0, 50.0, '$2', 0.0, '$5', 50.0, '$4', 100.0, '$29', 150.0, '$2', 100.0, '$7', 150.0, '$3', 200.0, '$2', 150.0, 200.0, '$2', 150.0, 100.0, '$2', 150.0, 100.0, '$3', 150.0, 100.0, '$5', 150.0, '$97', 200.0]
['$260', 200.0, 150.0, 100.0, 50.0, '$42', 0.0, 50.0, 150.0, '$12', 200.0, 150.0, 50.0, 0.0, 50.0, 0.0, '$6', 50.0, '$4', 100.0, '$14', 150.0, 200.0, '$4', 150.0, '$4', 200.0, '$7', 150.0, 200.0, 150.0, 100.0, '$3', 150.0, '$2', 200.0, '$2', 150.0, '$4', 200.0, '$3', 100.0, '$10', 150.0, '$98', 200.0]
['$261', 200.0, 150.0, 100.0, 50.0, '$42', 0.0, 100.0, '$14', 200.0, 100.0, '$4', 0.0, 50.0, 0.0, '$2', 50.0, '$4', 100.0, '$10', 150.0, 200.0, '$4', 150.0, '$3', 200.0, 150.0, '$4', 200.0, '$7', 150.0, 200.0, '$3', 100.0, '$2', 150.0, '$2', 200.0, '$2', 150.0, '$5', 200.0, '$8', 150.0, 100.0, '$5', 150.0, '$96', 200.0]
['$261', 200.0, 150.0, 100.0, 50.0, '$42', 0.0, 50.0, '$15', 200.0, 150.0, '$2', 0.0, 50.0, '$2', 0.0, '$3', 50.0, '$6', 100.0, 150.0, '$2', 100.0, '$10', 150.0, '$9', 200.0, '$4', 150.0, 200.0, 150.0, 100.0, '$5', 150.0, 200.0, 150.0, 100.0, 150.0, '$5', 200.0, '$5', 150.0, 100.0, '$9', 150.0, '$94', 200.0]
['$262', 200.0, 150.0, 50.0, '$43', 0.0, 150.0, '$14', 200.0, 250.0, 200.0, 50.0, '$4', 0.0, '$4', 50.0, '$4', 100.0, 150.0, '$2', 100.0, '$11', 150.0, '$9', 200.0, '$9', 150.0, 200.0, '$2', 150.0, 200.0, '$3', 150.0, '$4', 200.0, '$15', 150.0, '$94', 200.0]
['$262', 200.0, 150.0, 100.0, 50.0, '$42', 0.0, 50.0, 150.0, '$16', 200.0, 100.0, '$3', 0.0, '$4', 50.0, '$4', 100.0, '$10', 150.0, '$3', 200.0, 150.0, '$10', 200.0, '$8', 150.0, '$5', 200.0, 150.0, '$5', 200.0, '$14', 150.0, 200.0, 150.0, '$93', 200.0]
['$262', 200.0, '$2', 150.0, 50.0, '$43', 0.0, 100.0, 150.0, '$16', 200.0, 50.0, 0.0, '$5', 50.0, '$4', 100.0, '$5', 150.0, '$3', 200.0, '$4', 150.0, '$13', 200.0, '$5', 150.0, '$5', 200.0, '$2', 150.0, '$6', 200.0, '$14', 150.0, '$3', 200.0, 150.0, '$91', 200.0]
['$263', 200.0, 150.0, 100.0, '$44', 0.0, 100.0, '$16', 200.0, 100.0, 50.0, '$2', 100.0, '$3', 50.0, '$3', 100.0, '$4', 150.0, '$7', 200.0, '$2', 150.0, '$13', 200.0, '$5', 150.0, '$2', 200.0, '$6', 150.0, '$5', 200.0, '$8', 150.0, '$4', 200.0, '$3', 150.0, '$2', 200.0, '$4', 150.0, '$88', 200.0]
['$264', 200.0, 100.0, 50.0, '$44', 0.0, 150.0, '$15', 200.0, 100.0, 50.0, '$7', 100.0, '$3', 150.0, '$24', 200.0, '$6', 150.0, 200.0, 150.0, 200.0, '$2', 150.0, 200.0, 150.0, '$5', 200.0, '$8', 150.0, '$2', 200.0, '$4', 150.0, '$5', 200.0, 150.0, '$89', 200.0]
['$263', 200.0, 150.0, 100.0, 50.0, '$44', 0.0, 50.0, '$15', 200.0, '$8', 100.0, '$2', 150.0, '$26', 200.0, '$8', 150.0, '$2', 200.0, '$3', 150.0, '$5', 200.0, '$8', 150.0, '$2', 200.0, '$2', 150.0, '$11', 200.0, '$19', 150.0, '$3', 100.0, 50.0, 100.0, '$5', 150.0, '$57', 200.0]
['$264', 200.0, 150.0, 100.0, 50.0, '$44', 0.0, 150.0, '$13', 200.0, '$7', 100.0, '$3', 150.0, '$27', 200.0, 150.0, '$2', 200.0, '$5', 150.0, '$4', 200.0, 150.0, '$3', 200.0, 150.0, '$3', 200.0, '$5', 150.0, '$15', 200.0, '$5', 150.0, '$12', 100.0, 50.0, 100.0, '$8', 50.0, '$3', 100.0, '$2', 150.0, '$55', 200.0]
['$264', 200.0, 150.0, 50.0, '$45', 0.0, 50.0, '$7', 200.0, '$3', 150.0, '$2', 100.0, '$2', 50.0, '$4', 100.0, '$5', 150.0, '$27', 200.0, 150.0, '$4', 200.0, 150.0, '$2', 100.0, '$2', 150.0, '$6', 200.0, '$3', 150.0, '$20', 200.0, '$7', 150.0, '$13', 100.0, '$7', 50.0, '$4', 100.0, 150.0, '$56', 200.0]
['$264', 200.0, 150.0, 100.0, 50.0, '$45', 0.0, 100.0, '$3', 150.0, '$4', 100.0, '$5', 0.0, 50.0, '$2', 100.0, '$4', 150.0, 100.0, 150.0, '$28', 200.0, 150.0, '$4', 200.0, '$9', 150.0, '$3', 200.0, '$3', 150.0, '$16', 200.0, '$10', 150.0, '$11', 100.0, 50.0, 100.0, '$7', 50.0, '$4', 100.0, 150.0, 200.0, 150.0, '$54', 200.0]
['$265', 200.0, 150.0, 100.0, '$55', 0.0, 50.0, 0.0, 50.0, 100.0, '$7', 150.0, '$24', 200.0, 150.0, '$19', 200.0, '$5', 150.0, '$15', 200.0, '$11', 150.0, '$11', 100.0, '$10', 50.0, '$4', 100.0, '$2', 150.0, '$54', 200.0]
['$265', 200.0, 150.0, 100.0, 50.0, '$55', 0.0, 50.0, '$2', 100.0, '$2', 150.0, '$3', 100.0, 150.0, '$31', 200.0, 150.0, '$13', 200.0, '$3', 150.0, '$17', 200.0, '$11', 150.0, '$10', 100.0, '$12', 50.0, '$4', 100.0, 150.0, '$54', 200.0]
['$265', 200.0, 150.0, '$2', 50.0, '$55', 0.0, 50.0, '$6', 100.0, '$2', 150.0, '$2', 200.0, '$2', 150.0, '$8', 200.0, 150.0, '$18', 200.0, 150.0, '$33', 200.0, '$10', 150.0, '$10', 100.0, '$7', 50.0, 0.0, '$2', 50.0, 0.0, '$5', 50.0, 100.0, '$55', 200.0]
['$265', 200.0, 150.0, 100.0, 50.0, '$54', 0.0, 50.0, '$5', 100.0, 50.0, 100.0, '$3', 150.0, '$30', 200.0, 150.0, '$17', 200.0, '$4', 150.0, '$13', 200.0, '$9', 150.0, '$5', 100.0, 50.0, 100.0, '$9', 50.0, '$9', 0.0, 50.0, '$56', 200.0]
['$266', 200.0, 150.0, 50.0, '$54', 0.0, '$4', 100.0, 50.0, '$4', 0.0, 100.0, '$4', 150.0, '$2', 200.0, '$2', 150.0, '$23', 200.0, 150.0, '$12', 200.0, 150.0, '$4', 200.0, '$5', 150.0, '$15', 200.0, '$6', 150.0, '$2', 100.0, '$3', 50.0, 0.0, '$3', 50.0, '$15', 0.0, 100.0, '$57', 200.0]
['$266', 200.0, 150.0, 100.0, 50.0, '$52', 0.0, 50.0, '$3', 100.0, 50.0, '$6', 0.0, '$2', 100.0, '$7', 150.0, '$22', 200.0, 150.0, '$35', 200.0, '$7', 150.0, '$2', 100.0, '$2', 50.0, '$3', 0.0, '$4', 50.0, 0.0, 50.0, 0.0, 50.0, '$7', 0.0, 50.0, 100.0, '$59', 200.0]
['$266', 200.0, 150.0, 100.0, 50.0, '$52', 0.0, '$3', 100.0, 50.0, '$9', 0.0, 100.0, '$4', 150.0, 200.0, 150.0, '$58', 200.0, '$7', 150.0, '$2', 100.0, 50.0, '$3', 0.0, '$7', 50.0, '$4', 0.0, 50.0, '$2', 100.0, 150.0, '$62', 200.0]
['$266', 200.0, 150.0, 100.0, '$3', 50.0, '$49', 0.0, '$3', 100.0, 50.0, '$11', 0.0, 100.0, '$2', 150.0, '$27', 200.0, '$3', 150.0, '$31', 200.0, '$6', 150.0, 100.0, 150.0, 100.0, '$4', 0.0, '$3', 50.0, '$4', 0.0, 50.0, 100.0, '$2', 150.0, '$66', 200.0]
['$267', 200.0, '$2', 150.0, 100.0, '$2', 50.0, '$47', 0.0, 50.0, '$2', 100.0, 50.0, '$12', 0.0, 100.0, '$2', 150.0, '$27', 200.0, '$2', 150.0, 200.0, 150.0, '$8', 200.0, 150.0, '$21', 200.0, 150.0, 200.0, '$6', 150.0, '$2', 50.0, '$2', 0.0, 50.0, '$3', 0.0, 50.0, 100.0, 150.0, '$30', 200.0, '$2', 150.0, '$39', 200.0]
['$269', 200.0, 150.0, 100.0, 50.0, '$47', 0.0, 50.0, '$2', 100.0, 50.0, '$12', 0.0, 50.0, '$2', 150.0, '$26', 200.0, '$6', 150.0, 200.0, '$2', 150.0, '$26', 200.0, '$6', 150.0, '$2', 100.0, '$3', 50.0, '$2', 0.0, 50.0, 100.0, '$27', 200.0, '$6', 150.0, '$2', 100.0, '$11', 150.0, '$29', 200.0]
['$269', 200.0, 150.0, '$2', 100.0, 50.0, '$46', 0.0, '$3', 100.0, '$14', 0.0, 100.0, 150.0, '$26', 200.0, '$8', 150.0, '$28', 200.0, '$5', 150.0, '$2', 100.0, '$2', 50.0, 0.0, 100.0, 150.0, '$28', 200.0, '$3', 150.0, '$2', 100.0, '$2', 50.0, 100.0, 50.0, '$8', 100.0, '$2', 150.0, 100.0, '$6', 150.0, '$23', 200.0]
['$270', 200.0, 150.0, 100.0, '$2', 50.0, '$44', 0.0, 50.0, '$2', 100.0, 50.0, '$15', 0.0, 100.0, '$27', 200.0, '$8', 150.0, '$27', 200.0, '$5', 150.0, '$4', 100.0, 150.0, '$28', 200.0, 150.0, '$2', 50.0, 100.0, 50.0, '$8', 0.0, '$2', 50.0, 0.0, '$6', 50.0, 100.0, '$2', 150.0, 100.0, '$2', 150.0, '$23', 200.0]
['$270', 200.0, '$2', 150.0, 100.0, '$2', 50.0, '$43', 0.0, '$3', 100.0, '$16', 0.0, 50.0, 150.0, '$26', 200.0, '$12', 150.0, '$4', 200.0, 150.0, '$18', 200.0, '$6', 150.0, '$2', 100.0, 150.0, '$27', 200.0, 150.0, 100.0, 50.0, 0.0, 50.0, '$10', 0.0, 50.0, '$5', 0.0, 50.0, 0.0, '$4', 50.0, '$2', 100.0, '$5', 150.0, '$19', 200.0]
['$271', 200.0, '$2', 150.0, 100.0, 50.0, '$43', 0.0, '$2', 100.0, 50.0, '$16', 0.0, 50.0, 150.0, '$27', 200.0, '$11', 150.0, '$24', 200.0, '$7', 150.0, '$27', 200.0, 100.0, 50.0, '$25', 0.0, '$5', 50.0, '$3', 100.0, 150.0, '$18', 200.0]
['$272', 200.0, 150.0, 100.0, '$2', 50.0, '$41', 0.0, 50.0, '$2', 100.0, '$17', 0.0, 100.0, '$2', 150.0, '$26', 200.0, '$10', 150.0, '$14', 200.0, 150.0, '$10', 200.0, '$7', 150.0, '$25', 200.0, 150.0, 100.0, '$31', 0.0, '$3', 50.0, 100.0, 150.0, '$2', 200.0, '$2', 150.0, '$14', 200.0]
['$272', 200.0, '$2', 150.0, '$3', 50.0, '$40', 0.0, '$2', 50.0, '$18', 0.0, 100.0, '$2', 150.0, '$27', 200.0, '$13', 150.0, '$21', 200.0, '$7', 150.0, '$24', 200.0, 150.0, 50.0, '$34', 0.0, '$2', 50.0, 100.0, '$3', 150.0, '$15', 200.0]
['$273', 200.0, 150.0, '$2', 100.0, '$2', 50.0, '$39', 0.0, 50.0, '$19', 0.0, 100.0, '$31', 200.0, '$10', 150.0, '$8', 200.0, 150.0, '$3', 200.0, 150.0, '$10', 200.0, '$7', 150.0, '$22', 200.0, 150.0, '$38', 0.0, 50.0, '$2', 100.0, '$4', 150.0, '$12', 200.0]
['$274', 200.0, '$2', 150.0, 100.0, '$3', 50.0, '$57', 0.0, 100.0, '$26', 200.0, 150.0, '$6', 200.0, '$9', 150.0, '$5', 200.0, '$2', 150.0, '$6', 200.0, 150.0, '$10', 200.0, '$4', 150.0, 100.0, 150.0, '$19', 200.0, 150.0, 100.0, '$40', 0.0, '$2', 50.0, '$2', 100.0, '$2', 150.0, '$12', 200.0]
['$274', 200.0, 150.0, 200.0, 150.0, 100.0, '$3', 50.0, '$56', 0.0, 150.0, '$23', 200.0, '$8', 150.0, '$3', 200.0, '$8', 150.0, '$5', 200.0, 150.0, '$6', 200.0, '$2', 150.0, '$10', 200.0, '$3', 150.0, 100.0, 50.0, 0.0, 150.0, '$16', 200.0, 150.0, 100.0, 50.0, '$43', 0.0, 50.0, 100.0, '$3', 150.0, '$11', 200.0]
['$276', 200.0, '$3', 150.0, '$2', 100.0, '$2', 50.0, '$54', 0.0, 150.0, 200.0, 150.0, '$17', 200.0, 150.0, '$3', 200.0, '$18', 150.0, '$5', 200.0, 150.0, '$6', 200.0, '$2', 150.0, '$13', 200.0, 150.0, 100.0, 50.0, '$2', 0.0, 50.0, 150.0, '$13', 200.0, 150.0, 50.0, '$45', 0.0, '$3', 50.0, 100.0, '$2', 150.0, '$10', 200.0]
['$277', 200.0, '$2', 150.0, '$3', 100.0, '$4', 50.0, '$51', 0.0, 150.0, '$23', 200.0, '$17', 150.0, '$5', 200.0, '$2', 150.0, '$6', 200.0, '$2', 150.0, '$9', 200.0, 150.0, '$4', 200.0, 150.0, '$6', 0.0, 150.0, '$9', 200.0, '$2', 100.0, '$48', 0.0, '$2', 50.0, 100.0, '$2', 150.0, '$10', 200.0]
['$278', 200.0, '$5', 150.0, 100.0, 150.0, 100.0, 0.0, 50.0, '$48', 0.0, 100.0, 150.0, '$22', 200.0, '$17', 150.0, '$6', 200.0, 150.0, '$18', 200.0, '$2', 150.0, '$3', 200.0, 150.0, '$7', 0.0, 100.0, '$6', 200.0, 150.0, 50.0, '$52', 0.0, 50.0, 100.0, 150.0, '$10', 200.0]
['$281', 200.0, '$3', 150.0, 200.0, 150.0, 100.0, '$3', 50.0, '$30', 0.0, '$2', 50.0, '$14', 0.0, 50.0, '$2', 150.0, '$2', 200.0, 150.0, '$18', 200.0, '$16', 150.0, '$6', 200.0, 150.0, '$20', 200.0, 150.0, '$3', 200.0, 150.0, 50.0, '$7', 0.0, 100.0, '$4', 200.0, 150.0, '$54', 0.0, '$2', 50.0, 100.0, 150.0, '$9', 200.0]
['$285', 200.0, '$3', 150.0, '$2', 100.0, '$3', 50.0, '$27', 0.0, 50.0, 100.0, 50.0, '$13', 0.0, 50.0, 100.0, '$3', 200.0, 150.0, '$19', 200.0, '$15', 150.0, '$6', 200.0, 150.0, '$25', 200.0, 50.0, '$8', 0.0, 100.0, '$2', 150.0, 50.0, '$55', 0.0, 50.0, 100.0, 150.0, '$10', 200.0]
['$288', 200.0, '$2', 150.0, 100.0, '$3', 50.0, '$23', 0.0, '$4', 50.0, '$2', 100.0, '$14', 0.0, 100.0, '$3', 200.0, 150.0, '$19', 200.0, '$11', 150.0, '$9', 200.0, 150.0, 200.0, 150.0, '$24', 200.0, 100.0, '$67', 0.0, 50.0, 100.0, '$2', 150.0, '$9', 200.0]
['$290', 200.0, '$2', 150.0, '$2', 100.0, 50.0, '$3', 0.0, 50.0, '$17', 0.0, '$4', 50.0, 0.0, 50.0, 100.0, 50.0, '$13', 0.0, 100.0, 150.0, '$3', 200.0, 150.0, '$17', 200.0, '$4', 150.0, 200.0, '$7', 150.0, '$8', 200.0, 150.0, '$2', 200.0, 150.0, '$24', 200.0, 150.0, '$68', 0.0, 50.0, 100.0, 150.0, '$9', 200.0]
['$292', 200.0, '$2', 150.0, 100.0, 50.0, '$2', 0.0, 50.0, 0.0, '$2', 50.0, '$13', 0.0, '$2', 50.0, '$4', 0.0, 50.0, 150.0, 50.0, '$13', 0.0, 50.0, 150.0, '$3', 200.0, 150.0, '$15', 200.0, 150.0, 200.0, 150.0, '$6', 200.0, '$3', 150.0, '$33', 200.0, '$4', 150.0, 200.0, 150.0, '$68', 0.0, 50.0, 100.0, '$10', 200.0]
['$294', 200.0, '$2', 150.0, '$3', 50.0, '$2', 100.0, '$20', 0.0, 100.0, 150.0, 50.0, '$14', 0.0, 100.0, '$22', 200.0, '$2', 150.0, '$37', 200.0, '$2', 150.0, '$2', 100.0, '$3', 150.0, 200.0, 150.0, '$67', 0.0, 50.0, 100.0, 150.0, '$10', 200.0]
['$190', 200.0, '$3', 150.0, '$3', 100.0, '$4', 150.0, 200.0, '$11', 150.0, '$4', 200.0, '$16', 150.0, '$63', 200.0, 150.0, 100.0, 50.0, 100.0, 150.0, 100.0, 50.0, '$18', 0.0, 50.0, 150.0, 100.0, '$14', 0.0, 50.0, '$2', 150.0, '$20', 200.0, '$2', 150.0, '$34', 200.0, '$2', 150.0, '$2', 100.0, '$2', 50.0, '$2', 0.0, 50.0, '$2', 150.0, 200.0, 100.0, '$67', 0.0, 50.0, 100.0, 150.0, '$10', 200.0]
['$181', 200.0, '$4', 150.0, '$2', 100.0, '$2', 50.0, '$4', 0.0, 50.0, '$2', 0.0, 50.0, 100.0, '$40', 150.0, '$58', 200.0, 150.0, 50.0, 100.0, '$2', 150.0, 100.0, '$2', 50.0, '$16', 0.0, '$2', 100.0, 50.0, '$14', 0.0, 50.0, 100.0, '$22', 200.0, '$2', 150.0, '$31', 200.0, 150.0, '$2', 100.0, 50.0, '$2', 0.0, '$6', 50.0, 100.0, 150.0, 100.0, '$67', 0.0, 50.0, 100.0, 150.0, '$10', 200.0]
['$173', 200.0, '$3', 150.0, '$3', 100.0, '$2', 50.0, '$15', 0.0, 100.0, '$44', 150.0, '$56', 200.0, '$5', 100.0, '$3', 50.0, '$14', 0.0, 50.0, 100.0, 50.0, 0.0, 50.0, '$13', 0.0, 50.0, 100.0, 150.0, '$16', 200.0, 150.0, '$3', 200.0, 150.0, 200.0, '$2', 150.0, '$30', 200.0, 100.0, '$2', 0.0, '$8', 50.0, 0.0, 100.0, 150.0, 100.0, '$65', 0.0, '$3', 50.0, 150.0, '$11', 200.0]
['$152', 200.0, '$4', 150.0, '$4', 100.0, '$4', 150.0, '$4', 200.0, '$2', 150.0, '$2', 100.0, '$2', 50.0, '$21', 0.0, 50.0, '$2', 100.0, '$45', 150.0, '$51', 200.0, '$3', 150.0, 100.0, '$5', 50.0, 0.0, 50.0, '$15', 0.0, 50.0, 0.0, '$2', 50.0, '$13', 0.0, 50.0, 100.0, 150.0, '$15', 200.0, '$2', 150.0, '$3', 200.0, 150.0, '$2', 200.0, 150.0, '$29', 200.0, 100.0, 0.0, '$10', 50.0, 0.0, 50.0, 150.0, 100.0, '$65', 0.0, 50.0, 100.0, 150.0, '$12', 200.0]
['$141', 200.0, '$7', 150.0, '$2', 100.0, '$2', 50.0, 0.0, 50.0, 0.0, '$3', 50.0, '$6', 100.0, 150.0, '$2', 100.0, 50.0, '$27', 0.0, '$4', 100.0, 150.0, 100.0, '$54', 150.0, '$14', 200.0, '$3', 150.0, 200.0, '$21', 150.0, '$2', 100.0, '$4', 50.0, '$22', 0.0, 50.0, '$14', 0.0, 50.0, 100.0, 150.0, '$15', 200.0, 150.0, '$3', 200.0, '$2', 150.0, '$31', 200.0, 150.0, '$12', 50.0, 0.0, 50.0, 100.0, 50.0, '$66', 0.0, 150.0, '$13', 200.0]
['$112', 200.0, '$10', 150.0, '$20', 200.0, '$16', 150.0, 200.0, 150.0, '$2', 100.0, '$2', 50.0, '$28', 0.0, '$3', 50.0, 100.0, '$49', 150.0, '$4', 100.0, '$2', 50.0, '$6', 100.0, '$5', 150.0, 200.0, '$5', 150.0, '$3', 100.0, 150.0, '$3', 100.0, '$3', 50.0, '$5', 100.0, '$2', 50.0, '$6', 100.0, '$2', 50.0, 0.0, '$2', 50.0, '$25', 0.0, 50.0, '$15', 0.0, 100.0, '$2', 150.0, '$20', 200.0, 150.0, '$2', 200.0, 150.0, '$22', 200.0, '$3', 150.0, '$3', 200.0, 150.0, '$8', 50.0, '$6', 0.0, 50.0, '$67', 0.0, 150.0, '$13', 200.0]
['$109', 200.0, '$14', 150.0, '$33', 200.0, 150.0, 200.0, 150.0, 50.0, '$31', 0.0, 50.0, 150.0, '$2', 100.0, '$46', 150.0, '$4', 100.0, '$3', 50.0, '$4', 0.0, 50.0, '$2', 0.0, 50.0, 0.0, '$6', 50.0, 0.0, '$4', 50.0, 0.0, 50.0, '$2', 0.0, '$2', 50.0, '$6', 0.0, 50.0, '$4', 0.0, 50.0, '$2', 0.0, 50.0, '$48', 0.0, 100.0, '$2', 150.0, '$20', 200.0, 150.0, '$24', 200.0, '$3', 150.0, 200.0, '$3', 150.0, 50.0, 0.0, 50.0, 0.0, '$9', 50.0, '$68', 0.0, 100.0, 150.0, '$14', 200.0]
['$56', 200.0, 150.0, '$50', 200.0, '$17', 150.0, '$16', 200.0, 150.0, '$2', 200.0, '$2', 150.0, '$9', 200.0, '$3', 150.0, 100.0, '$31', 0.0, '$2', 50.0, 100.0, '$45', 150.0, '$4', 100.0, '$2', 50.0, '$66', 0.0, 50.0, '$26', 0.0, 50.0, 100.0, '$2', 150.0, '$7', 200.0, 150.0, '$15', 200.0, 150.0, '$21', 200.0, '$3', 150.0, 100.0, '$3', 50.0, 0.0, 50.0, '$11', 0.0, 50.0, '$65', 0.0, 50.0, 100.0, 150.0, '$15', 200.0]
['$22', 200.0, '$3', 150.0, 100.0, '$4', 50.0, '$8', 100.0, '$14', 150.0, 200.0, '$2', 150.0, 100.0, '$2', 50.0, 100.0, 150.0, '$44', 200.0, '$35', 150.0, 200.0, 150.0, '$12', 200.0, '$3', 150.0, 100.0, '$32', 0.0, 50.0, '$2', 100.0, '$40', 150.0, '$7', 100.0, 50.0, '$18', 0.0, 50.0, '$49', 0.0, '$2', 50.0, '$26', 0.0, 50.0, '$3', 150.0, '$7', 200.0, 150.0, '$5', 200.0, 150.0, '$9', 200.0, 150.0, '$22', 200.0, 150.0, 100.0, 50.0, '$81', 0.0, 50.0, 100.0, 150.0, '$2', 200.0, 250.0, '$13', 200.0]
['$12', 200.0, 150.0, '$3', 200.0, 150.0, '$2', 200.0, '$3', 150.0, 100.0, 50.0, '$18', 0.0, '$5', 50.0, '$3', 100.0, '$2', 50.0, '$4', 100.0, '$2', 50.0, '$3', 0.0, 100.0, '$6', 150.0, 200.0, 150.0, '$30', 200.0, '$38', 150.0, '$9', 200.0, '$5', 150.0, 200.0, '$3', 150.0, 100.0, 50.0, '$31', 0.0, 50.0, 100.0, '$42', 150.0, '$3', 100.0, '$3', 50.0, '$69', 0.0, '$2', 50.0, '$26', 0.0, 100.0, '$3', 150.0, '$13', 200.0, '$2', 150.0, '$31', 200.0, 100.0, '$9', 0.0, '$3', 50.0, '$4', 0.0, '$2', 50.0, '$64', 0.0, 50.0, 100.0, 150.0, '$17', 200.0]
['$11', 200.0, 150.0, '$4', 200.0, 150.0, 200.0, '$2', 150.0, 100.0, 50.0, '$34', 0.0, '$5', 50.0, '$4', 0.0, '$3', 50.0, 100.0, '$3', 50.0, '$4', 100.0, '$10', 150.0, '$14', 200.0, '$37', 150.0, '$7', 200.0, 150.0, 200.0, '$9', 150.0, '$2', 100.0, '$31', 0.0, '$2', 50.0, 100.0, '$40', 150.0, '$3', 100.0, 50.0, '$73', 0.0, 100.0, 50.0, '$25', 0.0, 50.0, '$2', 150.0, '$46', 200.0, '$2', 150.0, 50.0, '$17', 0.0, '$3', 50.0, '$62', 0.0, 100.0, 150.0, '$18', 200.0]
['$10', 200.0, '$8', 150.0, 100.0, 50.0, '$26', 0.0, '$20', 50.0, 100.0, 150.0, '$3', 200.0, '$11', 150.0, '$3', 200.0, 150.0, '$15', 200.0, '$36', 150.0, '$4', 200.0, '$13', 150.0, '$2', 100.0, 50.0, '$32', 0.0, 50.0, 100.0, '$39', 150.0, 100.0, 50.0, '$75', 0.0, '$2', 100.0, '$26', 0.0, 50.0, '$2', 150.0, '$14', 200.0, 150.0, '$31', 200.0, 150.0, 100.0, '$18', 0.0, 50.0, 0.0, 50.0, '$60', 0.0, 100.0, '$2', 150.0, '$19', 200.0]
['$4', 200.0, '$3', 150.0, '$3', 100.0, 50.0, '$4', 0.0, '$2', 50.0, '$36', 0.0, '$2', 50.0, '$2', 0.0, '$5', 50.0, '$2', 0.0, 50.0, 150.0, '$36', 200.0, '$36', 150.0, '$3', 200.0, '$12', 150.0, '$2', 100.0, 50.0, '$32', 0.0, 50.0, 100.0, '$38', 150.0, 100.0, 50.0, '$77', 0.0, 100.0, 50.0, '$25', 0.0, 50.0, 100.0, 150.0, '$11', 200.0, '$3', 150.0, '$3', 200.0, 150.0, '$28', 200.0, 150.0, 100.0, '$80', 0.0, 50.0, '$2', 100.0, 150.0, '$20', 200.0]
['$3', 100.0, '$3', 50.0, '$4', 0.0, '$7', 50.0, '$35', 0.0, '$7', 50.0, '$3', 0.0, 100.0, 150.0, '$44', 200.0, '$10', 150.0, 200.0, '$19', 150.0, '$3', 200.0, '$11', 150.0, '$2', 100.0, '$2', 50.0, '$30', 0.0, '$2', 50.0, '$2', 100.0, '$7', 150.0, '$4', 200.0, '$2', 150.0, 200.0, '$22', 150.0, '$2', 100.0, 50.0, '$77', 0.0, '$2', 100.0, '$26', 0.0, 100.0, '$2', 150.0, '$2', 200.0, 150.0, '$4', 200.0, 150.0, '$3', 200.0, '$2', 150.0, '$33', 200.0, 150.0, 50.0, '$79', 0.0, 50.0, 100.0, '$2', 150.0, '$21', 200.0]
['$2', 0.0, '$30', 50.0, '$10', 0.0, '$4', 50.0, '$2', 0.0, '$8', 50.0, '$3', 0.0, 50.0, 100.0, 150.0, '$46', 200.0, '$9', 150.0, 200.0, '$31', 150.0, '$2', 100.0, 50.0, '$34', 0.0, '$2', 50.0, '$4', 150.0, 200.0, '$2', 150.0, '$6', 200.0, 150.0, '$2', 200.0, '$20', 150.0, '$2', 100.0, 50.0, '$78', 0.0, 50.0, 150.0, '$26', 0.0, 50.0, '$3', 150.0, '$7', 200.0, '$8', 150.0, '$30', 200.0, 150.0, 100.0, '$13', 0.0, '$4', 50.0, '$62', 0.0, 50.0, 100.0, 150.0, '$23', 200.0]
['$52', 50.0, '$4', 0.0, 100.0, '$3', 150.0, '$50', 200.0, '$3', 150.0, 200.0, '$2', 150.0, 200.0, '$28', 150.0, 100.0, '$4', 50.0, '$36', 0.0, 50.0, 100.0, '$2', 150.0, 200.0, 150.0, '$2', 200.0, 150.0, '$9', 200.0, '$16', 150.0, 200.0, '$2', 150.0, 100.0, '$2', 50.0, '$79', 0.0, 50.0, 100.0, '$26', 0.0, 50.0, 150.0, 200.0, 150.0, 200.0, 150.0, '$5', 200.0, '$5', 150.0, 200.0, 150.0, '$31', 200.0, 150.0, 50.0, '$12', 0.0, '$2', 50.0, '$2', 100.0, 150.0, 50.0, '$59', 0.0, '$2', 50.0, 100.0, 150.0, '$24', 200.0]
['$52', 50.0, '$2', 100.0, '$2', 150.0, '$2', 200.0, 150.0, '$55', 200.0, '$3', 150.0, '$4', 200.0, '$17', 150.0, 200.0, '$4', 150.0, 100.0, 50.0, '$41', 0.0, 50.0, 100.0, '$6', 150.0, '$5', 200.0, '$23', 150.0, 100.0, 50.0, '$81', 0.0, 50.0, '$27', 0.0, 50.0, 150.0, '$7', 200.0, 150.0, '$2', 200.0, '$6', 150.0, '$31', 200.0, 100.0, '$11', 0.0, 50.0, 0.0, 150.0, 100.0, 0.0, 50.0, '$2', 100.0, '$58', 0.0, '$2', 50.0, 100.0, 150.0, '$25', 200.0]
['$16', 0.0, '$29', 50.0, '$3', 0.0, '$3', 50.0, 100.0, '$3', 150.0, '$2', 100.0, '$2', 150.0, '$58', 200.0, '$2', 150.0, '$3', 200.0, '$16', 150.0, '$2', 200.0, '$2', 150.0, 100.0, '$42', 0.0, 50.0, 100.0, '$3', 150.0, '$8', 200.0, '$23', 150.0, 100.0, '$82', 0.0, '$2', 50.0, '$27', 0.0, 50.0, 150.0, '$7', 200.0, 150.0, '$2', 200.0, '$6', 150.0, '$31', 200.0, 100.0, '$11', 0.0, '$2', 50.0, 150.0, 50.0, '$61', 0.0, 50.0, 100.0, '$2', 150.0, '$26', 200.0]
['$34', 0.0, '$12', 50.0, '$2', 0.0, 50.0, 0.0, '$3', 50.0, '$2', 0.0, 50.0, '$2', 150.0, '$38', 200.0, '$2', 150.0, '$18', 200.0, '$21', 150.0, 200.0, '$4', 150.0, 50.0, '$41', 0.0, 50.0, 100.0, '$2', 150.0, '$10', 200.0, '$22', 150.0, 100.0, '$82', 0.0, '$2', 50.0, '$28', 0.0, 50.0, 150.0, '$10', 200.0, '$6', 150.0, '$30', 200.0, 150.0, 100.0, '$10', 0.0, '$4', 50.0, '$62', 0.0, 50.0, 100.0, '$28', 200.0]
['$38', 0.0, '$13', 50.0, '$2', 0.0, 50.0, 100.0, 150.0, '$31', 200.0, '$2', 150.0, '$2', 200.0, '$8', 150.0, '$9', 200.0, 150.0, '$2', 200.0, '$30', 150.0, 50.0, '$41', 0.0, 50.0, 100.0, 150.0, '$3', 200.0, '$3', 150.0, '$6', 200.0, '$21', 150.0, 100.0, '$83', 0.0, 50.0, '$29', 0.0, 100.0, '$10', 200.0, '$6', 150.0, '$31', 200.0, 150.0, '$3', 50.0, '$7', 0.0, '$6', 50.0, '$59', 0.0, 50.0, 100.0, '$2', 150.0, '$28', 200.0]
['$38', 0.0, '$3', 50.0, '$2', 0.0, 50.0, '$7', 0.0, 50.0, 100.0, 150.0, '$30', 200.0, '$3', 150.0, 100.0, '$12', 150.0, '$8', 200.0, '$2', 150.0, '$10', 100.0, '$20', 150.0, 100.0, '$42', 0.0, 50.0, '$8', 150.0, '$7', 200.0, '$19', 150.0, 50.0, '$83', 0.0, '$2', 50.0, '$28', 0.0, 50.0, '$2', 150.0, '$9', 200.0, '$6', 150.0, '$32', 200.0, 100.0, 0.0, 50.0, '$8', 0.0, '$3', 50.0, 100.0, 50.0, '$57', 0.0, '$3', 50.0, 150.0, '$30', 200.0]
['$39', 0.0, 50.0, '$4', 0.0, 50.0, '$5', 100.0, '$2', 150.0, '$25', 200.0, '$2', 150.0, '$2', 200.0, '$4', 150.0, 50.0, '$2', 0.0, '$6', 50.0, 100.0, '$6', 150.0, '$2', 200.0, '$4', 150.0, '$2', 100.0, 50.0, '$4', 0.0, 50.0, '$4', 0.0, 50.0, 100.0, '$18', 150.0, 100.0, 50.0, '$41', 0.0, 100.0, '$5', 150.0, 200.0, 150.0, '$9', 200.0, '$14', 150.0, '$2', 200.0, '$2', 150.0, 50.0, '$84', 0.0, '$2', 50.0, '$28', 0.0, 100.0, 150.0, '$10', 200.0, '$5', 150.0, '$33', 200.0, '$3', 50.0, '$8', 0.0, 50.0, 100.0, '$3', 50.0, '$57', 0.0, 50.0, '$2', 150.0, '$31', 200.0]
['$3', 50.0, '$31', 0.0, '$3', 50.0, '$4', 0.0, 50.0, '$2', 100.0, 150.0, '$31', 200.0, '$4', 150.0, '$2', 100.0, '$2', 50.0, '$13', 0.0, '$3', 100.0, '$4', 150.0, 100.0, 50.0, '$13', 0.0, 50.0, 0.0, 50.0, 100.0, '$15', 150.0, 100.0, 50.0, '$41', 0.0, 50.0, '$4', 150.0, '$12', 200.0, '$14', 150.0, 200.0, '$3', 150.0, 100.0, 50.0, '$84', 0.0, 100.0, 50.0, '$28', 0.0, 100.0, 150.0, '$10', 200.0, '$4', 150.0, '$33', 200.0, 150.0, 0.0, 50.0, '$9', 0.0, '$3', 50.0, '$2', 0.0, 50.0, '$53', 0.0, '$2', 50.0, '$2', 100.0, 150.0, '$32', 200.0]
['$4', 50.0, '$28', 0.0, '$2', 50.0, '$4', 0.0, 50.0, 100.0, '$2', 150.0, '$31', 200.0, '$3', 150.0, '$2', 100.0, 50.0, '$20', 0.0, 50.0, 100.0, '$3', 50.0, '$16', 0.0, 50.0, 100.0, '$15', 150.0, 100.0, 50.0, '$41', 0.0, 50.0, '$3', 150.0, '$14', 200.0, '$18', 150.0, 100.0, '$85', 0.0, 100.0, 50.0, '$28', 0.0, 150.0, '$11', 200.0, '$3', 150.0, '$34', 200.0, 100.0, '$11', 0.0, '$3', 50.0, '$55', 0.0, 50.0, '$2', 100.0, 150.0, '$34', 200.0]
['$8', 50.0, '$2', 0.0, '$9', 50.0, '$16', 0.0, 50.0, 100.0, '$2', 150.0, '$32', 200.0, '$3', 150.0, 100.0, '$45', 0.0, 100.0, '$15', 150.0, 100.0, 50.0, '$37', 0.0, '$3', 50.0, '$2', 100.0, '$2', 150.0, '$14', 200.0, 150.0, 200.0, '$18', 150.0, 50.0, '$84', 0.0, 50.0, 100.0, '$5', 0.0, '$2', 50.0, '$21', 0.0, 100.0, 150.0, '$11', 200.0, '$2', 150.0, '$34', 200.0, 150.0, 50.0, '$11', 0.0, '$4', 50.0, '$3', 0.0, 50.0, '$16', 0.0, '$2', 50.0, 0.0, 50.0, '$27', 0.0, '$3', 50.0, 100.0, 150.0, '$36', 200.0]
['$19', 50.0, '$6', 0.0, 50.0, 0.0, 50.0, '$4', 0.0, 50.0, 100.0, '$2', 150.0, '$32', 200.0, '$2', 150.0, 200.0, 150.0, 100.0, '$47', 0.0, 50.0, '$8', 150.0, 200.0, '$5', 150.0, 100.0, 50.0, '$36', 0.0, 50.0, '$3', 100.0, '$3', 150.0, '$16', 200.0, '$19', 150.0, 50.0, '$85', 0.0, 100.0, 50.0, '$5', 0.0, '$2', 50.0, '$20', 0.0, 50.0, 150.0, '$12', 200.0, 150.0, '$35', 200.0, 150.0, 50.0, '$12', 0.0, '$3', 50.0, '$20', 0.0, '$2', 100.0, '$2', 50.0, '$23', 0.0, '$3', 50.0, 0.0, 50.0, '$2', 100.0, 150.0, '$37', 200.0]
['$16', 50.0, '$14', 0.0, 50.0, 100.0, 150.0, '$34', 200.0, '$3', 150.0, 100.0, 50.0, '$48', 0.0, 100.0, '$13', 150.0, 100.0, '$37', 0.0, 100.0, '$6', 150.0, '$17', 200.0, '$18', 150.0, 100.0, 50.0, '$84', 0.0, 50.0, 150.0, 50.0, '$5', 0.0, 50.0, '$21', 0.0, 100.0, '$49', 200.0, 100.0, 50.0, '$12', 0.0, '$4', 50.0, '$12', 0.0, 50.0, 100.0, '$3', 50.0, '$2', 0.0, 50.0, 150.0, 100.0, '$4', 50.0, 0.0, 100.0, 50.0, 100.0, 0.0, 50.0, '$3', 0.0, '$2', 50.0, 0.0, 50.0, '$3', 0.0, 50.0, 0.0, '$3', 50.0, '$2', 100.0, 50.0, '$3', 150.0, '$38', 200.0]
['$6', 0.0, '$6', 50.0, '$17', 0.0, 100.0, 150.0, '$36', 200.0, 150.0, 100.0, 50.0, '$49', 0.0, 50.0, '$12', 150.0, 100.0, 50.0, '$37', 0.0, 100.0, 150.0, 200.0, '$2', 150.0, '$19', 200.0, '$19', 150.0, 100.0, '$85', 0.0, 50.0, 150.0, '$5', 0.0, '$2', 50.0, '$20', 0.0, 50.0, 150.0, '$49', 200.0, 50.0, '$14', 0.0, '$4', 50.0, 0.0, 50.0, '$5', 0.0, 50.0, '$3', 100.0, '$3', 150.0, 100.0, 150.0, '$2', 50.0, 100.0, 150.0, '$3', 100.0, 50.0, 150.0, 100.0, 150.0, 50.0, '$2', 100.0, '$2', 150.0, '$2', 100.0, 150.0, 100.0, 50.0, 0.0, 100.0, 50.0, 0.0, 50.0, 100.0, 0.0, '$2', 100.0, '$4', 150.0, '$40', 200.0]
['$28', 0.0, '$2', 150.0, '$36', 200.0, 150.0, 100.0, '$51', 0.0, 50.0, '$11', 150.0, 100.0, 50.0, '$37', 0.0, 50.0, '$4', 150.0, '$20', 200.0, '$18', 150.0, 100.0, 50.0, '$85', 0.0, '$2', 50.0, '$5', 0.0, '$2', 50.0, '$20', 0.0, 50.0, 150.0, '$49', 200.0, 0.0, '$2', 50.0, 0.0, '$4', 50.0, '$8', 0.0, '$5', 50.0, '$4', 0.0, 100.0, 150.0, '$2', 200.0, 150.0, '$2', 200.0, '$2', 150.0, 200.0, '$3', 100.0, '$4', 150.0, 100.0, 150.0, 100.0, 200.0, '$2', 150.0, '$2', 200.0, '$5', 150.0, '$3', 100.0, 150.0, 100.0, '$4', 150.0, 200.0, 150.0, '$43', 200.0]
['$24', 0.0, '$2', 50.0, 100.0, 150.0, '$33', 200.0, 150.0, 200.0, '$2', 150.0, 100.0, '$52', 0.0, 50.0, 100.0, '$8', 150.0, 100.0, 50.0, 0.0, 50.0, '$38', 0.0, 100.0, '$2', 150.0, '$21', 200.0, '$19', 150.0, 100.0, 50.0, '$85', 0.0, 50.0, '$6', 0.0, 50.0, '$21', 0.0, 150.0, '$49', 200.0, 150.0, 0.0, '$2', 50.0, '$4', 0.0, 50.0, '$10', 0.0, '$3', 50.0, '$3', 0.0, 100.0, '$11', 200.0, '$7', 150.0, 200.0, 150.0, '$8', 200.0, '$2', 150.0, '$2', 200.0, '$3', 150.0, '$49', 200.0]
['$23', 0.0, 50.0, '$2', 100.0, 150.0, '$22', 200.0, '$9', 150.0, '$3', 100.0, '$3', 50.0, '$54', 0.0, 100.0, '$7', 150.0, 100.0, 50.0, '$41', 0.0, 50.0, '$4', 150.0, '$20', 200.0, '$19', 150.0, 100.0, '$85', 0.0, '$2', 50.0, '$26', 0.0, 50.0, 100.0, '$50', 200.0, 150.0, 50.0, 0.0, 50.0, '$16', 0.0, '$2', 50.0, '$2', 0.0, 100.0, 150.0, '$12', 200.0, '$2', 150.0, '$70', 200.0]
['$22', 0.0, '$2', 50.0, '$2', 150.0, '$15', 200.0, '$6', 150.0, '$2', 100.0, 50.0, '$4', 0.0, 50.0, '$63', 0.0, 100.0, '$3', 150.0, '$2', 100.0, 50.0, 100.0, 50.0, '$42', 0.0, 100.0, '$5', 150.0, '$18', 200.0, '$19', 150.0, 100.0, '$85', 0.0, '$2', 50.0, '$20', 0.0, '$2', 50.0, '$4', 0.0, 50.0, 150.0, '$51', 200.0, 150.0, 50.0, '$19', 0.0, 50.0, 0.0, 50.0, 150.0, '$85', 200.0]
['$21', 0.0, '$2', 50.0, 100.0, 150.0, '$11', 200.0, '$2', 150.0, '$2', 100.0, '$7', 50.0, '$70', 0.0, 50.0, '$3', 150.0, 100.0, 50.0, '$45', 0.0, 100.0, '$6', 150.0, '$18', 200.0, '$19', 150.0, 50.0, '$85', 0.0, '$2', 50.0, '$18', 0.0, 50.0, '$2', 100.0, 50.0, '$3', 0.0, 50.0, 150.0, '$52', 200.0, 100.0, '$2', 50.0, '$18', 0.0, 50.0, 0.0, 100.0, '$86', 200.0]
['$16', 0.0, 50.0, '$5', 0.0, 100.0, 150.0, '$3', 200.0, '$2', 150.0, '$5', 100.0, 150.0, 50.0, '$2', 0.0, '$4', 50.0, '$74', 0.0, 50.0, 100.0, 150.0, 100.0, 50.0, '$46', 0.0, 100.0, '$4', 150.0, 200.0, 150.0, '$18', 200.0, '$19', 150.0, 100.0, 50.0, '$85', 0.0, 50.0, '$8', 0.0, 50.0, '$8', 0.0, '$2', 50.0, 100.0, '$2', 150.0, '$3', 50.0, 100.0, 150.0, '$53', 200.0, '$2', 50.0, '$2', 0.0, 50.0, '$16', 0.0, '$2', 50.0, 150.0, '$86', 200.0]
['$18', 0.0, '$3', 50.0, 150.0, '$2', 200.0, 150.0, '$2', 100.0, 50.0, 0.0, '$6', 50.0, 0.0, '$6', 50.0, '$73', 0.0, 50.0, '$2', 100.0, 50.0, '$47', 0.0, 100.0, '$3', 150.0, '$9', 200.0, '$31', 150.0, 100.0, 50.0, '$86', 0.0, 50.0, '$16', 0.0, 50.0, 100.0, '$4', 150.0, '$2', 100.0, '$2', 150.0, '$54', 200.0, 50.0, '$22', 0.0, '$87', 200.0]
['$18', 0.0, '$2', 50.0, 100.0, 150.0, 100.0, 50.0, '$3', 0.0, '$7', 50.0, 0.0, '$2', 50.0, '$3', 0.0, '$2', 50.0, '$72', 0.0, 50.0, '$2', 100.0, '$48', 0.0, 100.0, '$2', 150.0, '$11', 200.0, '$31', 150.0, 100.0, '$87', 0.0, '$2', 50.0, '$9', 0.0, 50.0, '$2', 0.0, 50.0, '$2', 100.0, '$2', 150.0, '$2', 200.0, '$4', 150.0, '$56', 200.0, 100.0, '$21', 0.0, 50.0, '$87', 200.0]
['$19', 0.0, 50.0, '$5', 0.0, '$7', 50.0, '$2', 0.0, 50.0, '$78', 0.0, '$3', 100.0, '$48', 0.0, 100.0, '$3', 150.0, '$11', 200.0, '$30', 150.0, 100.0, 50.0, '$87', 0.0, 100.0, '$7', 0.0, 50.0, 0.0, 50.0, 100.0, 0.0, 50.0, 100.0, '$2', 150.0, '$6', 200.0, 150.0, '$57', 200.0, 150.0, 0.0, 50.0, '$19', 0.0, 100.0, '$87', 200.0]
['$22', 0.0, '$2', 50.0, '$2', 0.0, '$3', 50.0, '$82', 0.0, 50.0, '$2', 150.0, 100.0, 50.0, '$47', 0.0, 50.0, 150.0, 200.0, '$2', 150.0, '$12', 200.0, '$29', 150.0, 100.0, 50.0, '$86', 0.0, 50.0, 100.0, '$7', 0.0, 50.0, 0.0, '$2', 150.0, 100.0, '$3', 150.0, '$65', 200.0, 150.0, '$2', 50.0, '$19', 0.0, 100.0, '$87', 200.0]
['$9', 0.0, '$2', 50.0, '$9', 0.0, '$2', 50.0, '$4', 0.0, '$2', 50.0, '$81', 0.0, '$2', 50.0, '$2', 150.0, 100.0, '$49', 0.0, 100.0, '$4', 150.0, '$16', 200.0, '$25', 150.0, 50.0, '$87', 0.0, '$2', 100.0, '$6', 0.0, '$2', 50.0, 100.0, '$3', 150.0, '$68', 200.0, 100.0, '$2', 50.0, '$17', 0.0, 50.0, 0.0, 150.0, '$87', 200.0]
['$9', 0.0, '$2', 50.0, '$9', 0.0, '$2', 50.0, '$4', 0.0, '$2', 50.0, '$4', 0.0, 50.0, '$74', 0.0, 50.0, '$4', 150.0, 100.0, '$49', 0.0, 50.0, 100.0, '$2', 150.0, '$18', 200.0, '$24', 150.0, 100.0, 50.0, '$87', 0.0, '$2', 100.0, '$6', 0.0, 50.0, 100.0, 150.0, '$2', 200.0, 150.0, '$67', 200.0, 150.0, '$3', 50.0, '$19', 0.0, 150.0, '$87', 200.0]
['$27', 0.0, 50.0, '$78', 0.0, 50.0, '$4', 150.0, 100.0, '$50', 0.0, 50.0, '$4', 150.0, '$18', 200.0, '$23', 150.0, 100.0, '$88', 0.0, 100.0, 50.0, '$6', 0.0, 50.0, 150.0, '$71', 200.0, 150.0, 0.0, '$2', 50.0, '$18', 0.0, 50.0, '$88', 200.0]
['$106', 0.0, 100.0, '$3', 150.0, 50.0, '$51', 0.0, 100.0, '$5', 150.0, '$18', 200.0, '$21', 150.0, 100.0, 50.0, '$88', 0.0, 50.0, '$7', 0.0, 50.0, 150.0, '$71', 200.0, 150.0, 50.0, 0.0, 50.0, '$16', 0.0, 50.0, 0.0, 100.0, '$88', 200.0]
['$106', 0.0, 50.0, 100.0, 150.0, 100.0, '$51', 0.0, 50.0, '$4', 150.0, '$10', 200.0, '$4', 150.0, '$5', 200.0, '$22', 150.0, 100.0, 50.0, '$87', 0.0, 50.0, '$8', 0.0, 100.0, '$73', 200.0, 100.0, 50.0, '$19', 0.0, 150.0, '$88', 200.0]
['$105', 0.0, '$2', 50.0, '$2', 150.0, 100.0, 50.0, '$49', 0.0, 50.0, 100.0, 150.0, 200.0, '$5', 150.0, '$7', 200.0, '$2', 150.0, '$6', 200.0, '$22', 150.0, 100.0, 50.0, '$88', 0.0, 50.0, '$8', 0.0, 150.0, '$74', 200.0, 100.0, '$2', 50.0, '$17', 0.0, 150.0, '$88', 200.0]
['$106', 0.0, 50.0, '$2', 150.0, 100.0, 50.0, '$49', 0.0, 100.0, '$9', 150.0, '$6', 200.0, '$29', 150.0, '$2', 100.0, '$88', 0.0, 50.0, '$8', 0.0, 50.0, '$2', 150.0, '$73', 200.0, 100.0, '$18', 0.0, 50.0, '$89', 200.0]
['$106', 0.0, 50.0, '$2', 100.0, 50.0, '$49', 0.0, 50.0, '$10', 150.0, '$9', 200.0, '$26', 150.0, 100.0, 50.0, '$88', 0.0, 50.0, '$5', 0.0, '$2', 50.0, 0.0, 100.0, '$2', 150.0, '$38', 200.0, 250.0, '$34', 200.0, 150.0, '$3', 50.0, '$15', 0.0, 100.0, '$89', 200.0]
['$106', 0.0, '$2', 50.0, '$2', 100.0, '$49', 0.0, 100.0, '$10', 150.0, '$9', 200.0, '$26', 150.0, 100.0, 50.0, '$88', 0.0, 50.0, '$5', 0.0, 50.0, '$2', 0.0, 100.0, '$2', 150.0, '$41', 200.0, 250.0, '$31', 200.0, 150.0, '$2', 100.0, '$3', 50.0, '$10', 0.0, 50.0, '$2', 0.0, 150.0, '$89', 200.0]
['$108', 0.0, '$2', 100.0, '$48', 0.0, 50.0, 100.0, '$10', 150.0, '$9', 200.0, '$26', 150.0, 100.0, 50.0, '$88', 0.0, 50.0, '$4', 0.0, '$2', 50.0, '$2', 0.0, 100.0, '$2', 150.0, '$21', 200.0, '$4', 150.0, '$12', 200.0, 150.0, '$36', 200.0, '$3', 150.0, '$2', 100.0, 50.0, '$9', 0.0, 50.0, '$2', 0.0, 150.0, '$89', 200.0]
['$107', 0.0, 50.0, 100.0, 50.0, '$48', 0.0, 50.0, '$12', 150.0, '$8', 200.0, '$26', 150.0, 100.0, '$89', 0.0, 50.0, '$4', 0.0, 50.0, '$3', 0.0, '$3', 150.0, '$19', 200.0, 150.0, '$2', 100.0, '$2', 50.0, '$2', 100.0, '$2', 150.0, '$2', 100.0, '$8', 150.0, 100.0, '$3', 150.0, 200.0, 250.0, '$33', 200.0, '$2', 150.0, 100.0, '$8', 0.0, '$2', 50.0, 0.0, 50.0, '$90', 200.0]
['$106', 0.0, 50.0, '$2', 100.0, '$49', 0.0, 50.0, 100.0, '$11', 150.0, '$11', 200.0, '$23', 150.0, 100.0, '$89', 0.0, '$2', 50.0, '$3', 0.0, 50.0, '$2', 0.0, 50.0, '$3', 150.0, '$17', 200.0, 150.0, 100.0, 50.0, '$2', 0.0, '$14', 50.0, '$2', 100.0, '$2', 50.0, '$2', 100.0, 150.0, '$36', 200.0, 100.0, '$8', 0.0, 100.0, 50.0, 0.0, 150.0, '$90', 200.0]
['$104', 0.0, 50.0, 0.0, 100.0, 150.0, '$50', 0.0, 50.0, '$2', 100.0, '$10', 150.0, '$13', 200.0, '$21', 150.0, 100.0, '$89', 0.0, 50.0, '$4', 0.0, 50.0, '$2', 0.0, 50.0, '$3', 150.0, '$16', 200.0, 150.0, 100.0, '$2', 50.0, '$2', 0.0, '$7', 50.0, 100.0, '$11', 50.0, '$8', 100.0, '$3', 150.0, '$27', 200.0, 150.0, '$7', 0.0, 50.0, 150.0, '$2', 0.0, '$91', 200.0]
['$105', 0.0, 50.0, '$2', 150.0, 100.0, 50.0, '$47', 0.0, '$3', 50.0, '$2', 100.0, '$8', 150.0, '$18', 200.0, '$16', 150.0, 100.0, 50.0, '$88', 0.0, '$2', 50.0, '$3', 0.0, 50.0, 100.0, '$2', 0.0, '$4', 150.0, '$15', 200.0, 150.0, 100.0, 50.0, '$3', 0.0, '$20', 50.0, 100.0, '$6', 50.0, '$3', 100.0, '$2', 150.0, '$26', 200.0, 150.0, 50.0, '$6', 0.0, 50.0, 100.0, 0.0, 100.0, '$91', 200.0]
['$105', 0.0, 150.0, '$2', 200.0, 150.0, 100.0, '$48', 0.0, '$4', 50.0, 100.0, '$6', 150.0, '$2', 200.0, 150.0, '$16', 200.0, '$16', 150.0, 100.0, '$89', 0.0, '$2', 50.0, '$3', 0.0, '$2', 100.0, 0.0, 50.0, '$5', 150.0, '$14', 200.0, 100.0, '$2', 50.0, '$3', 0.0, '$18', 50.0, '$2', 100.0, '$8', 50.0, '$5', 100.0, 150.0, '$25', 200.0, 150.0, 50.0, '$3', 0.0, 50.0, 0.0, '$2', 100.0, 0.0, 150.0, '$91', 200.0]
['$104', 0.0, 150.0, '$4', 200.0, 150.0, '$51', 0.0, 50.0, 100.0, '$6', 150.0, '$2', 200.0, 150.0, '$12', 200.0, '$2', 150.0, '$6', 200.0, '$12', 150.0, 100.0, '$89', 0.0, 50.0, '$3', 0.0, 50.0, '$2', 150.0, 100.0, '$5', 150.0, '$14', 200.0, 150.0, 100.0, 50.0, '$2', 0.0, '$19', 50.0, 100.0, 50.0, 100.0, '$7', 50.0, 100.0, '$2', 50.0, '$4', 100.0, '$2', 150.0, '$23', 200.0, 150.0, 100.0, 50.0, 0.0, '$2', 50.0, 0.0, 150.0, '$2', 50.0, '$92', 200.0]
['$101', 0.0, '$2', 50.0, 150.0, '$5', 200.0, 150.0, '$52', 0.0, '$2', 100.0, '$8', 150.0, '$23', 200.0, '$8', 150.0, 100.0, 50.0, '$89', 0.0, 50.0, '$3', 0.0, '$9', 150.0, '$13', 200.0, 150.0, 100.0, 50.0, '$2', 0.0, '$2', 50.0, '$2', 0.0, 50.0, 0.0, '$8', 50.0, 100.0, '$4', 50.0, '$4', 100.0, '$2', 50.0, 100.0, '$4', 50.0, '$4', 100.0, 50.0, '$5', 100.0, 150.0, '$21', 200.0, '$2', 150.0, 100.0, 0.0, '$3', 100.0, 150.0, 0.0, 150.0, '$92', 200.0]
['$101', 0.0, 100.0, 150.0, '$5', 200.0, 150.0, 100.0, '$52', 0.0, 50.0, '$2', 100.0, '$7', 150.0, '$24', 200.0, '$6', 150.0, '$2', 100.0, '$89', 0.0, 50.0, '$3', 0.0, 50.0, '$9', 150.0, '$12', 200.0, 150.0, 100.0, '$5', 50.0, '$7', 0.0, '$5', 50.0, '$2', 100.0, '$5', 50.0, '$2', 100.0, '$4', 50.0, 100.0, '$5', 50.0, '$9', 100.0, 150.0, '$22', 200.0, 150.0, 50.0, '$4', 150.0, 0.0, '$93', 200.0]
['$100', 0.0, 100.0, 150.0, '$6', 200.0, 150.0, 50.0, '$53', 0.0, 50.0, 100.0, '$7', 150.0, '$24', 200.0, '$6', 150.0, 100.0, 50.0, '$89', 0.0, 50.0, '$3', 0.0, 100.0, '$7', 150.0, '$13', 200.0, '$2', 150.0, 100.0, 50.0, 0.0, '$2', 50.0, '$9', 0.0, '$4', 50.0, '$2', 100.0, '$4', 50.0, '$3', 100.0, '$4', 50.0, '$2', 100.0, 50.0, '$2', 100.0, 50.0, '$7', 100.0, '$2', 50.0, '$3', 100.0, 150.0, '$19', 200.0, '$3', 150.0, 200.0, 150.0, '$2', 100.0, '$93', 200.0]
['$99', 0.0, 100.0, '$8', 200.0, 150.0, 50.0, '$53', 0.0, 50.0, 100.0, '$7', 150.0, '$25', 200.0, '$5', 150.0, 100.0, '$89', 0.0, 50.0, '$4', 0.0, '$7', 150.0, '$14', 200.0, 150.0, '$2', 100.0, '$3', 50.0, '$11', 0.0, '$5', 50.0, 100.0, 50.0, '$11', 100.0, 50.0, 100.0, '$2', 50.0, '$11', 100.0, 50.0, '$2', 100.0, '$22', 200.0, 150.0, 50.0, 150.0, '$93', 200.0]
['$98', 0.0, 100.0, '$9', 200.0, 150.0, 50.0, '$53', 0.0, 50.0, '$2', 100.0, '$6', 150.0, '$25', 200.0, '$4', 150.0, 100.0, 50.0, '$89', 0.0, 50.0, '$3', 0.0, 50.0, '$8', 150.0, '$12', 200.0, '$2', 150.0, '$2', 100.0, '$3', 50.0, '$11', 0.0, '$4', 50.0, '$2', 100.0, 50.0, '$13', 100.0, '$2', 50.0, '$2', 100.0, 50.0, '$10', 100.0, 50.0, 100.0, '$21', 200.0, 150.0, 100.0, '$94', 200.0]
['$97', 0.0, 50.0, '$10', 200.0, 150.0, 50.0, '$54', 0.0, 50.0, 100.0, '$6', 150.0, '$25', 200.0, '$4', 150.0, 100.0, '$90', 0.0, 50.0, '$3', 0.0, 50.0, '$13', 150.0, '$4', 200.0, '$2', 150.0, 200.0, '$2', 150.0, 100.0, '$4', 50.0, '$11', 0.0, '$4', 50.0, '$2', 100.0, 50.0, '$18', 100.0, '$4', 150.0, '$5', 100.0, '$2', 50.0, 100.0, 150.0, '$19', 200.0, '$3', 150.0, '$94', 200.0]
['$2', 50.0, '$95', 0.0, 150.0, '$11', 200.0, 100.0, 50.0, '$54', 0.0, 50.0, 100.0, '$5', 150.0, '$25', 200.0, '$4', 150.0, 50.0, '$90', 0.0, 50.0, '$3', 0.0, 50.0, '$2', 150.0, 100.0, '$12', 150.0, '$2', 200.0, '$5', 150.0, 100.0, '$4', 50.0, '$12', 0.0, '$6', 50.0, '$16', 100.0, '$3', 150.0, 100.0, '$2', 150.0, '$6', 100.0, 0.0, 50.0, 100.0, '$19', 200.0, '$2', 150.0, '$95', 200.0]
['$2', 50.0, '$26', 0.0, 50.0, '$66', 0.0, 50.0, 100.0, 150.0, '$11', 200.0, 150.0, 50.0, '$54', 0.0, '$2', 50.0, '$5', 150.0, '$25', 200.0, '$3', 150.0, 100.0, 50.0, '$90', 0.0, 50.0, '$3', 0.0, 50.0, '$2', 150.0, 100.0, '$4', 150.0, '$2', 100.0, '$13', 150.0, 100.0, '$2', 50.0, 0.0, 50.0, '$11', 0.0, '$2', 50.0, 0.0, '$4', 50.0, '$3', 100.0, 50.0, '$11', 100.0, '$4', 150.0, '$3', 100.0, '$4', 50.0, 100.0, 50.0, 0.0, 50.0, 100.0, 150.0, '$18', 200.0, 150.0, '$96', 200.0]
['$95', 0.0, '$2', 100.0, '$12', 200.0, 150.0, 50.0, '$55', 0.0, 50.0, 100.0, '$4', 150.0, '$25', 200.0, '$3', 150.0, 50.0, '$91', 0.0, '$2', 50.0, '$2', 0.0, 50.0, 100.0, 150.0, '$2', 100.0, 150.0, '$9', 100.0, '$7', 150.0, '$3', 100.0, '$2', 50.0, '$12', 0.0, 50.0, '$2', 0.0, '$7', 50.0, 100.0, '$2', 50.0, '$3', 100.0, 50.0, '$6', 100.0, 150.0, '$2', 100.0, '$11', 50.0, 100.0, 150.0, '$115', 200.0]
['$93', 0.0, '$2', 50.0, 0.0, 100.0, '$12', 200.0, 150.0, 50.0, '$55', 0.0, 50.0, '$4', 150.0, '$26', 200.0, '$3', 150.0, 50.0, '$92', 0.0, 50.0, '$2', 0.0, 50.0, 100.0, 150.0, '$14', 100.0, '$6', 150.0, '$2', 100.0, '$2', 50.0, '$12', 0.0, 50.0, 0.0, '$15', 50.0, 100.0, 50.0, '$5', 100.0, '$4', 50.0, 0.0, '$8', 50.0, 100.0, 150.0, '$115', 200.0]
['$92', 0.0, '$2', 50.0, 0.0, 100.0, '$13', 200.0, 150.0, 50.0, '$55', 0.0, 50.0, '$4', 150.0, '$26', 200.0, '$2', 150.0, 100.0, 50.0, '$91', 0.0, 50.0, 100.0, '$2', 0.0, 50.0, '$3', 100.0, 150.0, '$5', 100.0, 50.0, '$7', 100.0, '$5', 150.0, '$2', 100.0, '$2', 50.0, '$10', 0.0, '$3', 50.0, 0.0, '$7', 50.0, 100.0, '$9', 50.0, '$3', 100.0, '$4', 50.0, '$4', 0.0, '$3', 50.0, 0.0, '$3', 50.0, 100.0, 150.0, '$115', 200.0]
['$91', 0.0, '$2', 50.0, 0.0, 100.0, '$14', 200.0, 150.0, 50.0, '$55', 0.0, 100.0, '$4', 150.0, '$27', 200.0, 150.0, 100.0, '$92', 0.0, '$2', 50.0, '$2', 0.0, 50.0, 100.0, 150.0, 100.0, '$2', 150.0, '$3', 100.0, 50.0, 100.0, '$3', 50.0, '$5', 100.0, '$5', 150.0, '$2', 100.0, 50.0, '$9', 0.0, '$4', 50.0, '$2', 0.0, '$2', 50.0, 0.0, '$7', 50.0, 100.0, '$7', 50.0, 100.0, '$3', 50.0, '$9', 0.0, '$3', 50.0, 100.0, 150.0, '$115', 200.0]
['$37', 0.0, '$2', 50.0, '$53', 0.0, 50.0, 100.0, '$15', 200.0, 150.0, 50.0, '$55', 0.0, 100.0, '$3', 150.0, '$27', 200.0, '$3', 150.0, 50.0, '$92', 0.0, 50.0, '$3', 0.0, 100.0, '$2', 150.0, 100.0, 150.0, '$3', 100.0, '$7', 50.0, '$3', 100.0, 150.0, 100.0, '$3', 150.0, '$3', 100.0, '$7', 0.0, '$6', 50.0, '$2', 0.0, '$12', 50.0, 0.0, '$8', 50.0, '$10', 0.0, '$2', 50.0, '$2', 100.0, 150.0, '$115', 200.0]
['$38', 0.0, '$2', 50.0, '$51', 0.0, 50.0, 150.0, '$16', 200.0, 150.0, 50.0, '$54', 0.0, 50.0, '$4', 150.0, '$27', 200.0, '$3', 150.0, 50.0, '$96', 0.0, 100.0, '$2', 150.0, 100.0, '$2', 150.0, '$3', 100.0, '$6', 50.0, '$6', 100.0, 150.0, 100.0, '$2', 150.0, 100.0, 50.0, '$5', 0.0, '$7', 50.0, '$2', 0.0, '$7', 50.0, 0.0, '$4', 50.0, 0.0, '$8', 50.0, '$10', 0.0, '$2', 50.0, '$2', 100.0, 150.0, '$115', 200.0]
['$36', 0.0, 50.0, '$2', 100.0, 50.0, '$50', 0.0, 50.0, '$2', 150.0, '$17', 200.0, 100.0, '$54', 0.0, 100.0, '$4', 150.0, '$27', 200.0, '$3', 150.0, 50.0, '$96', 0.0, '$2', 100.0, '$2', 150.0, '$7', 100.0, 50.0, '$2', 0.0, '$2', 50.0, '$6', 100.0, 150.0, '$3', 100.0, '$13', 50.0, '$2', 0.0, '$2', 50.0, 0.0, '$11', 50.0, 0.0, '$4', 50.0, 100.0, 50.0, '$11', 0.0, 50.0, '$2', 100.0, 150.0, '$115', 200.0]
['$35', 0.0, 100.0, '$3', 150.0, '$5', 50.0, 0.0, 50.0, '$44', 0.0, 100.0, '$19', 200.0, 100.0, '$53', 0.0, 50.0, '$5', 150.0, '$26', 200.0, '$3', 150.0, 100.0, '$92', 0.0, 50.0, '$4', 0.0, 50.0, '$3', 150.0, '$3', 100.0, '$2', 150.0, '$2', 100.0, '$2', 50.0, '$3', 0.0, '$2', 50.0, '$7', 100.0, '$15', 50.0, 0.0, '$2', 50.0, 0.0, '$8', 50.0, 0.0, '$2', 50.0, 0.0, '$4', 50.0, 100.0, 50.0, '$10', 0.0, '$2', 50.0, '$2', 100.0, 150.0, '$13', 200.0, 150.0, '$101', 200.0]
['$34', 0.0, 100.0, '$2', 150.0, '$3', 200.0, '$2', 150.0, '$3', 100.0, '$3', 50.0, '$40', 0.0, 50.0, 150.0, '$20', 200.0, 100.0, '$53', 0.0, '$6', 150.0, '$26', 200.0, '$3', 150.0, 50.0, '$91', 0.0, 50.0, '$6', 0.0, 100.0, '$2', 150.0, '$3', 100.0, 150.0, '$3', 100.0, '$3', 50.0, '$4', 0.0, 50.0, '$5', 100.0, '$16', 50.0, '$4', 0.0, '$7', 50.0, 0.0, '$2', 50.0, 0.0, '$5', 50.0, '$2', 100.0, '$10', 0.0, '$4', 50.0, 100.0, '$115', 200.0]
['$33', 0.0, 100.0, '$10', 200.0, '$2', 150.0, 100.0, '$2', 50.0, '$26', 0.0, 50.0, '$11', 0.0, 50.0, 150.0, '$21', 200.0, 100.0, '$52', 0.0, 50.0, '$6', 150.0, '$26', 200.0, '$2', 150.0, 100.0, '$91', 0.0, '$2', 50.0, '$6', 0.0, 100.0, '$3', 150.0, '$8', 100.0, '$2', 50.0, '$4', 0.0, 50.0, '$5', 100.0, '$14', 50.0, '$2', 0.0, '$2', 50.0, 0.0, '$7', 50.0, 0.0, '$7', 50.0, '$3', 100.0, '$10', 0.0, '$3', 50.0, 100.0, 150.0, '$115', 200.0]
['$30', 0.0, 50.0, 100.0, 150.0, '$13', 200.0, 150.0, 100.0, '$2', 50.0, '$23', 0.0, 50.0, '$2', 100.0, '$10', 0.0, 50.0, 150.0, '$22', 200.0, 50.0, '$52', 0.0, 100.0, '$7', 150.0, '$26', 200.0, 150.0, 100.0, '$91', 0.0, '$2', 50.0, '$6', 0.0, 50.0, 100.0, '$3', 150.0, '$8', 100.0, 50.0, '$5', 0.0, 50.0, '$4', 100.0, '$10', 50.0, '$2', 0.0, '$2', 50.0, 0.0, '$3', 50.0, '$2', 0.0, '$6', 50.0, 0.0, '$2', 50.0, 0.0, '$4', 50.0, '$4', 100.0, '$9', 0.0, '$2', 50.0, 100.0, '$2', 150.0, '$115', 200.0]
['$29', 0.0, 50.0, 150.0, '$16', 200.0, 150.0, 100.0, '$18', 0.0, '$6', 50.0, '$2', 150.0, 50.0, '$5', 0.0, '$3', 50.0, 0.0, 50.0, 150.0, '$22', 200.0, 150.0, 50.0, '$51', 0.0, 50.0, '$4', 150.0, 200.0, '$2', 150.0, '$26', 200.0, '$2', 150.0, 50.0, '$91', 0.0, 50.0, '$7', 0.0, 50.0, 100.0, '$3', 150.0, '$8', 100.0, 50.0, '$6', 0.0, '$2', 50.0, '$2', 100.0, '$2', 50.0, '$4', 0.0, 50.0, '$4', 0.0, '$2', 50.0, '$2', 0.0, '$2', 50.0, '$8', 0.0, 50.0, 0.0, '$4', 50.0, 0.0, '$2', 50.0, '$4', 100.0, '$2', 50.0, 0.0, 50.0, '$5', 0.0, '$3', 50.0, 150.0, '$17', 200.0, 150.0, '$98', 200.0]
['$28', 0.0, 50.0, 100.0, '$17', 200.0, 150.0, 100.0, '$4', 50.0, '$12', 0.0, 50.0, 100.0, 150.0, 200.0, '$3', 150.0, '$2', 200.0, 150.0, '$4', 50.0, '$2', 100.0, '$2', 150.0, '$2', 100.0, '$25', 200.0, 100.0, 50.0, '$50', 0.0, 100.0, 150.0, '$4', 200.0, 150.0, '$4', 200.0, 150.0, 200.0, '$5', 150.0, '$15', 200.0, '$2', 150.0, 100.0, 50.0, '$91', 0.0, 50.0, '$8', 0.0, 100.0, '$3', 150.0, '$8', 100.0, '$3', 50.0, '$3', 0.0, '$4', 50.0, 100.0, '$2', 50.0, '$4', 0.0, 50.0, '$4', 0.0, '$2', 50.0, '$2', 0.0, '$2', 50.0, '$9', 0.0, 50.0, '$2', 0.0, '$2', 50.0, 0.0, '$3', 50.0, 100.0, '$2', 150.0, '$2', 100.0, '$8', 50.0, '$3', 100.0, '$17', 200.0, 150.0, '$98', 200.0]
['$27', 0.0, 100.0, 150.0, '$19', 200.0, 150.0, 100.0, '$3', 50.0, '$8', 0.0, '$2', 50.0, 100.0, '$2', 150.0, '$9', 200.0, '$5', 150.0, '$30', 200.0, 150.0, 50.0, '$49', 0.0, 50.0, 150.0, '$4', 200.0, 150.0, '$5', 200.0, '$3', 150.0, '$3', 100.0, '$7', 150.0, '$9', 200.0, '$2', 150.0, 100.0, '$92', 0.0, 50.0, '$8', 0.0, 100.0, 150.0, '$2', 100.0, 150.0, '$3', 100.0, 150.0, '$4', 100.0, '$3', 50.0, '$3', 0.0, '$3', 50.0, 100.0, 50.0, '$14', 0.0, '$2', 50.0, 0.0, 50.0, '$9', 0.0, '$2', 50.0, '$2', 0.0, '$4', 50.0, 100.0, '$2', 150.0, '$2', 100.0, '$3', 50.0, 100.0, '$3', 50.0, 100.0, '$2', 150.0, '$17', 200.0, 150.0, '$98', 200.0]
['$25', 0.0, 50.0, 100.0, 150.0, '$21', 200.0, '$2', 150.0, 100.0, '$2', 50.0, '$7', 0.0, 100.0, 150.0, '$47', 200.0, 150.0, 100.0, '$3', 0.0, '$2', 50.0, '$44', 0.0, 100.0, 150.0, '$9', 200.0, '$2', 150.0, '$3', 100.0, 50.0, 100.0, '$9', 150.0, '$7', 200.0, '$2', 150.0, 100.0, 50.0, '$92', 0.0, 50.0, '$7', 0.0, 50.0, '$4', 100.0, 150.0, '$2', 100.0, 150.0, '$6', 100.0, 50.0, '$4', 0.0, '$4', 50.0, '$15', 0.0, '$3', 50.0, '$2', 0.0, 50.0, '$4', 0.0, 50.0, '$3', 0.0, '$2', 50.0, 0.0, '$3', 50.0, 100.0, '$3', 150.0, '$2', 100.0, '$3', 50.0, '$4', 100.0, '$2', 150.0, '$116', 200.0]
['$25', 0.0, 50.0, '$2', 100.0, 150.0, '$22', 200.0, '$2', 150.0, 100.0, '$2', 50.0, 0.0, '$3', 50.0, 100.0, '$50', 200.0, 150.0, 100.0, '$2', 50.0, 100.0, 50.0, '$43', 0.0, 50.0, 150.0, '$7', 200.0, 150.0, '$2', 200.0, 150.0, 100.0, '$4', 50.0, '$8', 100.0, '$2', 150.0, '$7', 200.0, '$2', 150.0, 100.0, '$94', 0.0, '$2', 50.0, '$6', 0.0, '$4', 100.0, '$4', 150.0, '$6', 100.0, 50.0, '$5', 0.0, 50.0, '$19', 0.0, 50.0, '$6', 0.0, 50.0, '$3', 0.0, '$2', 50.0, '$2', 0.0, '$4', 50.0, 100.0, '$3', 150.0, '$4', 100.0, '$2', 150.0, 100.0, '$2', 150.0, '$11', 200.0, 150.0, '$105', 200.0]
['$27', 0.0, 50.0, '$3', 150.0, '$23', 200.0, 150.0, '$2', 100.0, '$3', 150.0, '$52', 200.0, '$4', 150.0, 100.0, '$3', 0.0, '$3', 50.0, '$36', 0.0, 50.0, 100.0, 150.0, '$5', 200.0, 150.0, '$2', 200.0, '$2', 150.0, 100.0, 50.0, '$4', 0.0, '$2', 50.0, 100.0, '$4', 50.0, 100.0, '$3', 150.0, '$6', 200.0, '$2', 150.0, 100.0, '$94', 0.0, 50.0, 100.0, '$6', 0.0, '$4', 100.0, '$4', 150.0, '$6', 100.0, '$2', 50.0, '$37', 0.0, '$7', 50.0, '$3', 100.0, 150.0, '$2', 100.0, '$6', 150.0, '$8', 200.0, '$5', 150.0, '$104', 200.0]
['$26', 0.0, '$2', 50.0, 100.0, 50.0, 100.0, 150.0, '$84', 200.0, 150.0, 50.0, 100.0, 50.0, 150.0, '$2', 100.0, 50.0, 0.0, '$3', 50.0, '$31', 0.0, 100.0, 150.0, '$6', 200.0, 150.0, 200.0, '$2', 150.0, 100.0, 50.0, '$4', 0.0, '$4', 50.0, '$3', 0.0, '$2', 50.0, 100.0, '$2', 150.0, '$7', 200.0, 150.0, 100.0, 50.0, '$93', 0.0, '$2', 50.0, '$6', 0.0, '$4', 100.0, '$4', 150.0, '$7', 100.0, '$2', 50.0, '$35', 0.0, '$8', 50.0, 100.0, 50.0, '$4', 100.0, '$3', 150.0, '$10', 200.0, '$3', 150.0, 100.0, '$3', 150.0, '$103', 200.0]
['$29', 0.0, 50.0, '$2', 150.0, '$84', 200.0, '$7', 150.0, '$2', 100.0, 150.0, 100.0, 50.0, '$30', 0.0, 50.0, 150.0, '$7', 200.0, '$2', 150.0, '$2', 100.0, 50.0, '$6', 0.0, '$2', 50.0, '$4', 0.0, '$2', 50.0, '$2', 100.0, '$2', 150.0, '$5', 200.0, '$3', 150.0, 100.0, 50.0, '$92', 0.0, '$2', 50.0, '$6', 0.0, 100.0, 150.0, '$2', 100.0, '$4', 150.0, '$8', 100.0, '$2', 50.0, '$30', 0.0, '$2', 50.0, '$5', 0.0, '$8', 50.0, '$3', 100.0, '$3', 150.0, '$2', 200.0, 150.0, '$5', 200.0, '$2', 150.0, '$5', 100.0, '$3', 150.0, '$42', 200.0, '$3', 250.0, '$57', 200.0]
['$28', 0.0, 50.0, 100.0, '$2', 150.0, '$44', 200.0, 150.0, '$44', 200.0, '$5', 150.0, 100.0, '$29', 0.0, '$2', 50.0, 100.0, '$7', 200.0, '$2', 150.0, '$2', 100.0, 50.0, '$14', 0.0, 50.0, '$2', 100.0, '$2', 150.0, '$5', 200.0, '$3', 150.0, '$2', 100.0, 50.0, '$91', 0.0, 50.0, '$7', 0.0, 50.0, '$16', 100.0, '$2', 50.0, '$36', 0.0, '$3', 50.0, 0.0, '$3', 50.0, 0.0, '$2', 50.0, 100.0, '$4', 150.0, '$2', 200.0, 150.0, '$3', 200.0, '$2', 150.0, '$3', 100.0, '$2', 50.0, '$3', 100.0, '$3', 150.0, '$40', 200.0, '$4', 250.0, '$56', 200.0]
['$28', 0.0, 50.0, 100.0, 150.0, '$39', 200.0, '$5', 150.0, 100.0, '$2', 150.0, '$47', 200.0, 150.0, '$2', 50.0, '$27', 0.0, 50.0, '$2', 100.0, 150.0, '$7', 200.0, 150.0, 100.0, '$2', 50.0, '$15', 0.0, '$2', 50.0, 100.0, '$2', 150.0, '$5', 200.0, '$5', 150.0, 100.0, '$91', 0.0, 50.0, '$7', 0.0, 50.0, 100.0, 150.0, '$14', 100.0, '$2', 50.0, '$40', 0.0, '$3', 50.0, 0.0, 50.0, '$3', 100.0, '$6', 150.0, 200.0, '$3', 150.0, '$3', 100.0, '$3', 50.0, '$3', 100.0, '$3', 150.0, '$40', 200.0, '$4', 250.0, '$56', 200.0]
['$27', 0.0, 50.0, 100.0, 150.0, '$39', 200.0, 150.0, '$2', 50.0, '$2', 100.0, '$2', 50.0, 100.0, 150.0, '$47', 200.0, 100.0, '$19', 0.0, '$2', 50.0, '$8', 0.0, 100.0, '$3', 150.0, '$6', 200.0, 150.0, 100.0, '$2', 50.0, '$15', 0.0, '$3', 50.0, 100.0, '$2', 150.0, '$5', 200.0, 150.0, 200.0, '$3', 150.0, 100.0, '$89', 0.0, '$2', 50.0, '$8', 0.0, 50.0, 100.0, 150.0, '$8', 100.0, 150.0, '$6', 100.0, '$2', 50.0, '$41', 0.0, '$3', 50.0, 100.0, '$11', 150.0, '$2', 100.0, '$7', 50.0, 100.0, '$3', 150.0, '$40', 200.0, '$4', 250.0, '$56', 200.0]
['$26', 0.0, '$2', 50.0, 150.0, '$39', 200.0, 150.0, 50.0, 0.0, '$2', 50.0, '$2', 0.0, 50.0, 100.0, '$47', 200.0, 150.0, 100.0, '$19', 0.0, '$2', 50.0, 0.0, 50.0, '$5', 0.0, 100.0, '$3', 150.0, '$6', 200.0, 150.0, 100.0, 50.0, '$19', 0.0, 50.0, 100.0, '$2', 150.0, '$5', 200.0, 150.0, '$2', 200.0, '$2', 150.0, 100.0, '$88', 0.0, '$2', 50.0, '$10', 0.0, '$10', 100.0, '$2', 150.0, '$7', 100.0, '$2', 50.0, '$40', 0.0, 50.0, '$3', 100.0, 150.0, 100.0, '$5', 150.0, '$3', 100.0, '$9', 50.0, '$2', 100.0, '$3', 150.0, '$39', 200.0, '$4', 250.0, '$56', 200.0]
['$26', 0.0, 50.0, 100.0, 150.0, '$38', 200.0, 150.0, 50.0, '$6', 0.0, 50.0, 100.0, 150.0, '$46', 200.0, 150.0, 50.0, '$18', 0.0, 50.0, 100.0, 50.0, '$2', 100.0, '$4', 50.0, 100.0, 150.0, '$6', 200.0, '$3', 150.0, 100.0, '$21', 0.0, 50.0, 100.0, '$2', 150.0, '$7', 200.0, '$3', 150.0, 100.0, '$88', 0.0, 50.0, '$11', 0.0, 100.0, '$2', 150.0, '$16', 100.0, '$5', 50.0, '$8', 0.0, 50.0, '$27', 0.0, '$2', 50.0, 100.0, '$6', 150.0, '$3', 100.0, '$8', 50.0, '$6', 100.0, 150.0, '$41', 200.0, '$3', 250.0, '$57', 200.0]
['$26', 0.0, 50.0, 100.0, '$39', 200.0, 50.0, '$6', 0.0, '$2', 50.0, 100.0, 150.0, '$3', 200.0, '$2', 150.0, '$41', 200.0, 100.0, '$19', 0.0, 50.0, '$8', 100.0, 150.0, '$6', 200.0, 150.0, '$3', 100.0, '$22', 0.0, 50.0, 100.0, '$2', 150.0, '$6', 200.0, '$4', 150.0, 100.0, 50.0, '$87', 0.0, 50.0, '$11', 0.0, 50.0, 100.0, 150.0, '$3', 100.0, 150.0, '$13', 100.0, '$5', 50.0, '$8', 0.0, '$2', 50.0, '$25', 0.0, 50.0, 100.0, 50.0, '$8', 100.0, '$9', 50.0, '$5', 100.0, 150.0, '$42', 200.0, '$2', 250.0, '$58', 200.0]
['$26', 0.0, 50.0, '$2', 150.0, '$36', 200.0, 150.0, 50.0, '$8', 0.0, 50.0, 100.0, '$3', 150.0, '$2', 100.0, '$2', 150.0, '$40', 200.0, 50.0, '$19', 0.0, 50.0, '$3', 100.0, '$5', 150.0, '$7', 200.0, 100.0, 0.0, '$2', 50.0, '$23', 0.0, 100.0, 150.0, '$7', 200.0, '$4', 150.0, 100.0, 50.0, '$87', 0.0, 50.0, '$12', 0.0, '$5', 100.0, 150.0, '$17', 100.0, '$3', 50.0, '$6', 0.0, '$3', 50.0, '$25', 0.0, 50.0, 100.0, '$17', 50.0, '$2', 100.0, '$2', 150.0, 100.0, '$43', 200.0, 250.0, '$5', 200.0, '$4', 250.0, '$43', 200.0, '$2', 250.0, '$5', 200.0]
['$26', 0.0, '$2', 50.0, 100.0, '$6', 200.0, 150.0, '$28', 200.0, 150.0, 100.0, 0.0, 50.0, '$6', 0.0, '$2', 50.0, '$4', 100.0, '$2', 50.0, 100.0, 150.0, '$39', 200.0, 150.0, '$20', 0.0, 50.0, '$3', 100.0, '$3', 150.0, '$8', 200.0, 150.0, '$26', 0.0, 50.0, '$2', 150.0, '$7', 200.0, '$4', 150.0, 100.0, 50.0, '$87', 0.0, 50.0, '$12', 0.0, 100.0, 150.0, '$3', 100.0, '$2', 150.0, '$8', 100.0, 150.0, '$8', 100.0, '$4', 50.0, '$6', 0.0, '$10', 50.0, '$17', 0.0, '$2', 50.0, '$2', 0.0, '$3', 50.0, 0.0, '$10', 50.0, '$2', 100.0, 150.0, 100.0, 150.0, '$49', 200.0, '$4', 250.0, '$43', 200.0, '$4', 250.0, '$3', 200.0]
['$25', 0.0, '$2', 50.0, 100.0, 150.0, '$3', 200.0, 150.0, '$3', 100.0, '$4', 150.0, '$23', 200.0, 150.0, 100.0, 50.0, '$8', 0.0, '$9', 50.0, 100.0, 150.0, '$38', 200.0, 50.0, '$21', 0.0, '$2', 50.0, 100.0, '$2', 150.0, '$8', 200.0, 150.0, 50.0, '$26', 0.0, 50.0, '$2', 150.0, '$7', 200.0, '$4', 150.0, 100.0, '$88', 0.0, 50.0, '$12', 0.0, 50.0, '$4', 100.0, '$6', 150.0, '$4', 100.0, '$2', 150.0, '$10', 100.0, '$19', 50.0, '$18', 0.0, '$6', 50.0, '$11', 100.0, 150.0, 100.0, '$50', 200.0, '$3', 250.0, '$42', 200.0, '$7', 250.0, '$2', 200.0]
['$25', 0.0, '$2', 50.0, 100.0, 150.0, 200.0, '$2', 150.0, 100.0, '$2', 50.0, '$3', 100.0, 150.0, '$24', 200.0, 100.0, '$10', 0.0, 50.0, 0.0, '$2', 50.0, '$5', 0.0, 150.0, '$37', 200.0, 150.0, 100.0, '$22', 0.0, '$2', 50.0, 100.0, '$2', 150.0, '$8', 200.0, 100.0, '$27', 0.0, 100.0, 150.0, '$8', 200.0, '$4', 150.0, 100.0, 50.0, '$100', 0.0, 50.0, '$5', 100.0, '$5', 150.0, '$5', 100.0, '$2', 150.0, '$16', 100.0, 50.0, '$2', 100.0, '$7', 50.0, 0.0, '$3', 50.0, 0.0, 50.0, '$16', 0.0, 50.0, '$13', 100.0, '$3', 150.0, '$50', 200.0, '$3', 250.0, '$42', 200.0, '$7', 250.0, '$2', 200.0]
['$25', 0.0, '$2', 50.0, 100.0, 150.0, 100.0, '$2', 50.0, '$2', 0.0, 50.0, 0.0, 50.0, '$2', 100.0, 150.0, '$22', 200.0, 150.0, 0.0, 50.0, '$16', 0.0, '$2', 50.0, 150.0, '$36', 200.0, 150.0, 100.0, 50.0, '$23', 0.0, '$2', 50.0, 100.0, 150.0, '$7', 200.0, 150.0, 50.0, '$27', 0.0, 100.0, 150.0, '$8', 200.0, '$4', 150.0, 100.0, 50.0, '$90', 0.0, 50.0, '$10', 0.0, '$6', 100.0, '$8', 150.0, '$2', 100.0, '$2', 150.0, '$6', 100.0, '$2', 50.0, '$3', 100.0, 50.0, '$6', 100.0, 50.0, '$4', 100.0, 50.0, 100.0, '$9', 50.0, '$12', 0.0, '$2', 50.0, '$6', 100.0, 150.0, '$4', 100.0, '$4', 150.0, '$51', 200.0, '$3', 250.0, '$42', 200.0, '$7', 250.0, '$2', 200.0]
['$25', 0.0, '$4', 50.0, '$7', 0.0, 50.0, '$2', 100.0, 150.0, '$22', 200.0, 50.0, '$18', 0.0, 50.0, 0.0, 150.0, '$36', 200.0, 150.0, 100.0, 50.0, '$24', 0.0, 50.0, 100.0, 150.0, '$7', 200.0, 100.0, '$28', 0.0, 100.0, 150.0, '$8', 200.0, '$4', 150.0, 100.0, '$91', 0.0, 50.0, '$10', 0.0, 100.0, 150.0, '$4', 100.0, '$12', 150.0, '$4', 100.0, '$17', 50.0, '$12', 100.0, '$5', 50.0, '$7', 0.0, 50.0, '$5', 100.0, '$3', 150.0, 100.0, '$3', 150.0, 100.0, '$2', 150.0, '$53', 200.0, '$3', 250.0, '$42', 200.0, '$7', 250.0, '$2', 200.0]
['$37', 0.0, 50.0, 100.0, '$2', 150.0, '$20', 200.0, 100.0, '$20', 0.0, 50.0, '$36', 200.0, 150.0, 100.0, 50.0, '$25', 0.0, '$2', 50.0, 150.0, '$6', 200.0, 150.0, '$29', 0.0, 100.0, 150.0, '$9', 200.0, '$3', 150.0, 50.0, '$91', 0.0, 50.0, '$10', 0.0, '$6', 100.0, '$11', 150.0, '$8', 100.0, '$16', 50.0, '$11', 100.0, '$11', 50.0, '$2', 100.0, '$9', 150.0, '$2', 100.0, 150.0, '$102', 200.0, '$4', 250.0, '$3', 200.0]
['$37', 0.0, '$2', 50.0, 150.0, '$20', 200.0, 150.0, 50.0, '$20', 0.0, 100.0, '$35', 200.0, '$2', 150.0, 100.0, '$27', 0.0, 100.0, 150.0, '$6', 200.0, 50.0, '$28', 0.0, 50.0, 100.0, 150.0, '$8', 200.0, '$3', 150.0, 100.0, 50.0, '$91', 0.0, 50.0, '$10', 0.0, 50.0, '$5', 100.0, '$11', 150.0, '$10', 100.0, '$15', 50.0, '$12', 100.0, '$7', 50.0, '$6', 100.0, '$2', 150.0, 100.0, '$3', 150.0, '$2', 100.0, 150.0, '$110', 200.0]
['$37', 0.0, 50.0, 100.0, 150.0, '$10', 200.0, '$2', 150.0, '$6', 200.0, '$2', 150.0, 50.0, '$20', 0.0, 50.0, 150.0, '$34', 200.0, '$2', 150.0, 50.0, '$28', 0.0, 100.0, 150.0, '$5', 200.0, 100.0, '$29', 0.0, 50.0, 100.0, '$9', 200.0, 150.0, 200.0, 150.0, 50.0, '$92', 0.0, 50.0, '$11', 0.0, 100.0, 150.0, '$4', 100.0, '$11', 150.0, '$11', 100.0, '$17', 50.0, '$12', 100.0, 50.0, '$5', 100.0, '$8', 150.0, 100.0, 50.0, 150.0, '$111', 200.0]
['$36', 0.0, '$2', 50.0, 100.0, '$9', 200.0, 150.0, 100.0, 50.0, 150.0, '$4', 200.0, '$2', 150.0, 100.0, 50.0, '$20', 0.0, 50.0, 150.0, '$35', 200.0, 150.0, 100.0, '$28', 0.0, 50.0, 100.0, 150.0, '$4', 200.0, 150.0, 50.0, '$29', 0.0, 50.0, '$2', 150.0, '$8', 200.0, '$2', 150.0, 100.0, 50.0, '$92', 0.0, 50.0, '$11', 0.0, 100.0, 150.0, '$5', 100.0, '$11', 150.0, '$12', 100.0, '$4', 50.0, 0.0, '$10', 50.0, '$18', 100.0, '$6', 150.0, '$2', 100.0, 0.0, 100.0, '$112', 200.0]
['$36', 0.0, 50.0, 100.0, '$2', 150.0, '$7', 200.0, 150.0, '$2', 50.0, 100.0, 150.0, 200.0, '$3', 150.0, 100.0, '$2', 50.0, '$21', 0.0, 100.0, '$36', 200.0, 100.0, '$29', 0.0, 50.0, 150.0, '$5', 200.0, 100.0, '$30', 0.0, 50.0, 150.0, '$9', 200.0, '$2', 150.0, 100.0, 50.0, '$90', 0.0, 50.0, '$13', 0.0, 100.0, 150.0, '$6', 100.0, '$10', 150.0, '$13', 100.0, '$15', 50.0, '$15', 100.0, '$3', 150.0, 100.0, '$2', 150.0, '$3', 100.0, 0.0, 100.0, '$113', 200.0]
['$36', 0.0, '$2', 50.0, 100.0, 150.0, '$6', 200.0, 150.0, '$2', 50.0, '$6', 100.0, '$2', 50.0, 0.0, 50.0, '$21', 0.0, 150.0, '$35', 200.0, 150.0, 50.0, '$29', 0.0, 100.0, 150.0, '$4', 200.0, 150.0, 50.0, '$30', 0.0, 100.0, '$2', 150.0, '$8', 200.0, '$2', 150.0, 50.0, '$90', 0.0, 50.0, '$14', 0.0, 100.0, 150.0, '$6', 100.0, '$11', 150.0, '$12', 100.0, '$9', 50.0, '$2', 100.0, '$3', 50.0, '$8', 100.0, '$4', 150.0, '$3', 100.0, '$6', 150.0, '$2', 100.0, 50.0, 0.0, 100.0, '$114', 200.0]
['$36', 0.0, '$2', 50.0, 100.0, '$2', 150.0, '$5', 200.0, 100.0, 0.0, '$4', 50.0, 0.0, 50.0, 0.0, '$2', 50.0, '$21', 0.0, 50.0, 100.0, 150.0, '$34', 200.0, 150.0, 50.0, '$30', 0.0, 150.0, '$5', 200.0, 150.0, '$30', 0.0, 50.0, 100.0, 150.0, '$9', 200.0, '$2', 150.0, 50.0, '$89', 0.0, '$2', 50.0, '$14', 0.0, 100.0, 150.0, '$7', 100.0, '$11', 150.0, '$11', 100.0, '$9', 50.0, '$3', 100.0, 50.0, '$7', 100.0, '$5', 150.0, '$3', 100.0, 150.0, 100.0, '$4', 150.0, 100.0, '$2', 50.0, 0.0, 100.0, '$115', 200.0]
['$36', 0.0, '$2', 50.0, 100.0, 50.0, 100.0, 150.0, '$2', 200.0, 150.0, 100.0, 50.0, '$31', 0.0, 50.0, 100.0, 150.0, '$34', 200.0, 100.0, '$30', 0.0, 100.0, 150.0, '$4', 200.0, 150.0, 50.0, '$30', 0.0, 50.0, 100.0, '$2', 150.0, '$6', 200.0, '$4', 150.0, '$2', 50.0, '$104', 0.0, 100.0, 150.0, '$8', 100.0, '$12', 150.0, '$9', 100.0, '$9', 50.0, '$9', 100.0, '$6', 150.0, 100.0, '$7', 150.0, '$2', 100.0, 50.0, '$2', 0.0, 150.0, '$116', 200.0]
['$39', 0.0, 50.0, 100.0, '$2', 150.0, 100.0, '$3', 50.0, '$31', 0.0, 50.0, 100.0, 150.0, '$33', 200.0, 150.0, 50.0, '$29', 0.0, 50.0, 150.0, '$5', 200.0, 100.0, '$31', 0.0, 50.0, '$3', 150.0, '$5', 200.0, '$5', 150.0, 100.0, 50.0, '$104', 0.0, 100.0, 150.0, '$9', 100.0, '$13', 150.0, '$7', 100.0, 50.0, 100.0, '$7', 50.0, '$9', 100.0, '$3', 150.0, '$2', 200.0, '$8', 150.0, 100.0, '$2', 50.0, '$2', 0.0, 150.0, '$117', 200.0]
['$39', 0.0, 50.0, '$2', 100.0, '$4', 50.0, '$32', 0.0, 50.0, 100.0, 150.0, '$33', 200.0, 150.0, '$30', 0.0, 100.0, '$5', 200.0, 150.0, 50.0, '$31', 0.0, 100.0, '$3', 150.0, '$4', 200.0, '$6', 150.0, 100.0, 50.0, '$104', 0.0, 100.0, 150.0, '$10', 100.0, '$12', 150.0, '$8', 100.0, '$3', 50.0, 100.0, '$5', 50.0, '$4', 100.0, '$2', 150.0, 100.0, '$2', 150.0, '$5', 200.0, 150.0, '$2', 200.0, 150.0, 200.0, 150.0, 100.0, 0.0, 50.0, '$2', 0.0, 150.0, '$118', 200.0]
['$38', 0.0, '$3', 50.0, '$37', 0.0, 50.0, 100.0, 150.0, '$32', 200.0, 150.0, 100.0, '$28', 0.0, '$2', 50.0, 150.0, '$4', 200.0, 150.0, 100.0, '$31', 0.0, 50.0, 100.0, '$2', 150.0, '$4', 200.0, '$7', 150.0, 100.0, 50.0, '$104', 0.0, 50.0, 150.0, '$12', 100.0, '$10', 150.0, '$7', 100.0, '$4', 50.0, '$2', 100.0, '$5', 50.0, '$5', 100.0, '$3', 150.0, '$2', 200.0, 150.0, '$6', 200.0, 150.0, '$3', 50.0, 0.0, 50.0, '$71', 200.0, '$2', 250.0, '$47', 200.0]
['$78', 0.0, 50.0, 100.0, 150.0, '$32', 200.0, 150.0, 50.0, '$29', 0.0, 100.0, '$5', 200.0, 150.0, 50.0, '$31', 0.0, 50.0, 100.0, '$3', 150.0, '$3', 200.0, '$6', 150.0, '$2', 100.0, '$2', 50.0, '$103', 0.0, 50.0, '$14', 100.0, '$9', 150.0, '$6', 100.0, '$3', 50.0, 100.0, 50.0, '$10', 100.0, '$4', 150.0, '$9', 200.0, 150.0, '$2', 50.0, '$2', 0.0, 100.0, '$72', 200.0, '$2', 250.0, '$47', 200.0]
['$78', 0.0, 50.0, 100.0, 150.0, '$32', 200.0, 100.0, '$29', 0.0, 50.0, 150.0, '$5', 200.0, 100.0, '$32', 0.0, 50.0, 100.0, '$3', 150.0, 200.0, '$2', 150.0, 200.0, '$2', 150.0, '$5', 100.0, '$2', 50.0, 0.0, '$3', 50.0, '$87', 0.0, '$2', 50.0, '$10', 0.0, 50.0, '$15', 100.0, '$3', 150.0, 100.0, '$4', 150.0, '$6', 100.0, '$3', 50.0, 100.0, 50.0, '$3', 100.0, '$6', 150.0, '$3', 200.0, '$3', 150.0, 200.0, 150.0, 200.0, 150.0, '$2', 200.0, 150.0, 100.0, '$4', 0.0, 100.0, '$74', 200.0, '$3', 250.0, '$45', 200.0]
['$78', 0.0, 50.0, 100.0, '$32', 200.0, 150.0, '$30', 0.0, 100.0, 150.0, '$5', 200.0, 100.0, '$32', 0.0, '$2', 50.0, 100.0, '$6', 150.0, '$4', 100.0, '$4', 50.0, 0.0, '$7', 50.0, '$84', 0.0, '$2', 50.0, '$10', 0.0, 50.0, '$17', 100.0, '$6', 150.0, '$7', 100.0, 50.0, '$2', 100.0, 50.0, '$2', 100.0, '$4', 150.0, '$7', 200.0, '$6', 150.0, 200.0, 150.0, 50.0, '$4', 0.0, 100.0, '$123', 200.0]
['$79', 0.0, 100.0, '$32', 200.0, 50.0, '$29', 0.0, 50.0, 100.0, 150.0, '$4', 200.0, 150.0, '$33', 0.0, '$2', 50.0, 100.0, '$6', 150.0, '$4', 50.0, 0.0, '$3', 50.0, 0.0, '$5', 50.0, 100.0, 50.0, '$85', 0.0, 50.0, '$11', 0.0, '$18', 100.0, '$5', 150.0, '$14', 100.0, '$2', 150.0, '$9', 200.0, '$5', 150.0, 100.0, 50.0, '$4', 0.0, 150.0, '$124', 200.0]
['$78', 0.0, 50.0, 100.0, '$31', 200.0, 150.0, '$30', 0.0, '$2', 100.0, 150.0, '$3', 200.0, 150.0, 100.0, '$34', 0.0, 50.0, 100.0, '$5', 150.0, 100.0, 50.0, 0.0, 50.0, '$3', 0.0, 50.0, '$4', 0.0, '$3', 50.0, 100.0, '$86', 0.0, 50.0, '$11', 0.0, '$18', 100.0, '$5', 150.0, '$4', 100.0, '$4', 50.0, '$7', 100.0, '$3', 150.0, '$7', 200.0, '$3', 150.0, 100.0, '$2', 50.0, '$4', 0.0, 150.0, '$125', 200.0]
['$77', 0.0, 50.0, 100.0, 150.0, '$31', 200.0, 100.0, '$29', 0.0, '$2', 50.0, 100.0, 150.0, '$3', 200.0, 150.0, 50.0, '$34', 0.0, 50.0, 100.0, '$4', 150.0, 100.0, 50.0, '$12', 0.0, 50.0, 100.0, 50.0, '$98', 0.0, 50.0, '$9', 100.0, '$5', 50.0, '$5', 100.0, '$4', 150.0, '$4', 100.0, '$6', 50.0, '$4', 100.0, '$3', 150.0, 200.0, 150.0, '$2', 200.0, 150.0, '$3', 200.0, 150.0, 100.0, 50.0, '$4', 0.0, 50.0, 150.0, '$126', 200.0]
['$77', 0.0, '$2', 50.0, 150.0, '$31', 200.0, 100.0, '$29', 0.0, '$2', 50.0, 100.0, 150.0, '$3', 200.0, 150.0, '$35', 0.0, 50.0, '$3', 150.0, '$2', 100.0, 50.0, '$13', 0.0, '$3', 50.0, '$98', 0.0, 50.0, '$9', 100.0, '$6', 50.0, '$5', 100.0, '$4', 150.0, '$7', 100.0, '$3', 50.0, '$3', 100.0, '$6', 150.0, '$4', 200.0, 150.0, 100.0, 0.0, '$2', 50.0, '$3', 0.0, 150.0, '$127', 200.0]
['$78', 0.0, 50.0, '$31', 200.0, 150.0, 100.0, '$30', 0.0, 50.0, 100.0, 150.0, '$2', 200.0, 150.0, 50.0, '$34', 0.0, '$2', 50.0, '$2', 150.0, '$2', 100.0, 50.0, '$15', 0.0, 100.0, 50.0, '$98', 0.0, '$9', 100.0, '$2', 50.0, '$4', 0.0, '$3', 50.0, '$3', 100.0, '$5', 150.0, '$14', 100.0, '$2', 150.0, '$5', 200.0, 150.0, '$7', 0.0, '$129', 200.0]
['$78', 0.0, 150.0, '$31', 200.0, 150.0, 50.0, '$30', 0.0, 50.0, 100.0, 150.0, 200.0, '$2', 150.0, '$35', 0.0, '$2', 50.0, '$2', 100.0, 50.0, '$16', 0.0, '$3', 50.0, '$82', 0.0, '$2', 50.0, '$14', 0.0, '$7', 100.0, '$3', 50.0, '$6', 0.0, '$3', 50.0, '$3', 100.0, '$4', 150.0, '$9', 100.0, '$5', 150.0, '$6', 200.0, 100.0, 50.0, '$5', 0.0, 50.0, 150.0, '$129', 200.0]
['$77', 0.0, 100.0, '$32', 200.0, 100.0, '$31', 0.0, 50.0, 100.0, '$3', 200.0, 100.0, '$35', 0.0, 50.0, '$2', 100.0, '$2', 50.0, '$17', 0.0, 50.0, '$83', 0.0, 50.0, '$15', 0.0, '$7', 100.0, 50.0, '$10', 0.0, '$2', 50.0, '$2', 100.0, '$4', 150.0, '$8', 100.0, '$2', 150.0, '$9', 200.0, 150.0, 50.0, '$5', 0.0, 50.0, 150.0, '$130', 200.0]
['$76', 0.0, 50.0, 100.0, 150.0, '$30', 200.0, 150.0, 50.0, '$31', 0.0, 50.0, 150.0, '$2', 200.0, 150.0, 50.0, '$35', 0.0, '$3', 50.0, '$19', 0.0, 50.0, '$83', 0.0, 50.0, '$15', 0.0, '$6', 100.0, 50.0, '$11', 0.0, '$4', 50.0, 100.0, '$3', 150.0, '$8', 100.0, 150.0, '$9', 200.0, 150.0, 50.0, '$5', 0.0, 50.0, 150.0, '$131', 200.0]
['$76', 0.0, 50.0, 150.0, '$31', 200.0, 100.0, '$32', 0.0, 50.0, 150.0, '$2', 200.0, 150.0, '$36', 0.0, '$2', 50.0, '$19', 0.0, 50.0, '$100', 0.0, '$5', 100.0, 50.0, '$13', 0.0, '$3', 50.0, 100.0, '$3', 150.0, '$8', 100.0, 150.0, '$8', 200.0, 100.0, '$6', 0.0, 100.0, 150.0, 200.0, 250.0, '$130', 200.0]
['$76', 0.0, 50.0, 150.0, '$31', 200.0, 100.0, '$32', 0.0, 100.0, 150.0, '$2', 200.0, 100.0, '$158', 0.0, 50.0, '$4', 100.0, 50.0, '$14', 0.0, '$3', 50.0, 100.0, '$2', 150.0, '$8', 100.0, 150.0, '$7', 200.0, 100.0, '$6', 0.0, 100.0, 150.0, '$133', 200.0]
['$76', 0.0, 100.0, 150.0, '$30', 200.0, '$2', 150.0, '$31', 0.0, 100.0, '$2', 150.0, '$2', 200.0, 100.0, '$159', 0.0, 100.0, 150.0, '$2', 100.0, 50.0, '$17', 0.0, 100.0, '$2', 150.0, '$7', 100.0, 150.0, '$7', 200.0, 100.0, '$2', 50.0, '$3', 0.0, 50.0, 100.0, 150.0, '$134', 200.0]
['$76', 0.0, 100.0, 150.0, '$31', 200.0, 150.0, '$31', 0.0, 100.0, 150.0, '$3', 200.0, 100.0, '$159', 0.0, '$4', 100.0, 50.0, '$17', 0.0, 50.0, 100.0, '$2', 150.0, '$6', 100.0, 150.0, '$6', 200.0, 100.0, 50.0, '$3', 0.0, 50.0, 100.0, '$2', 150.0, '$135', 200.0]
['$75', 0.0, 50.0, 100.0, '$32', 200.0, 150.0, '$30', 0.0, 50.0, '$2', 150.0, '$2', 200.0, 150.0, 50.0, '$159', 0.0, '$4', 100.0, 50.0, '$18', 0.0, '$8', 100.0, '$3', 150.0, '$3', 200.0, 150.0, 100.0, '$3', 0.0, '$2', 50.0, 100.0, '$2', 150.0, '$136', 200.0]
['$75', 0.0, 50.0, 150.0, '$31', 200.0, 150.0, 100.0, '$9', 0.0, '$4', 50.0, '$17', 0.0, 100.0, 150.0, '$3', 200.0, 150.0, '$160', 0.0, 50.0, '$3', 100.0, 50.0, '$18', 0.0, 50.0, '$8', 100.0, '$2', 150.0, '$2', 200.0, 150.0, '$2', 50.0, 0.0, 50.0, 100.0, '$5', 150.0, '$136', 200.0]
['$74', 0.0, '$2', 50.0, 150.0, '$32', 200.0, 150.0, '$8', 0.0, 50.0, '$3', 150.0, 100.0, '$16', 0.0, 50.0, '$2', 150.0, '$3', 200.0, 100.0, '$160', 0.0, 50.0, '$3', 100.0, 50.0, '$19', 0.0, 50.0, '$7', 100.0, '$3', 150.0, 100.0, 50.0, '$2', 0.0, 50.0, 100.0, '$5', 150.0, '$137', 200.0]
['$73', 0.0, '$3', 50.0, '$33', 200.0, 100.0, '$7', 0.0, 100.0, '$2', 200.0, '$2', 150.0, 100.0, '$16', 0.0, 100.0, 150.0, '$3', 200.0, 150.0, 100.0, '$161', 0.0, '$4', 100.0, '$21', 0.0, 50.0, '$7', 100.0, 50.0, '$2', 0.0, 50.0, '$2', 100.0, '$2', 150.0, 200.0, '$2', 150.0, '$138', 200.0]
['$73', 0.0, '$2', 50.0, 150.0, '$33', 200.0, 100.0, '$6', 0.0, 50.0, 150.0, '$3', 200.0, 150.0, 50.0, '$15', 0.0, 50.0, 150.0, '$4', 200.0, 150.0, 100.0, '$161', 0.0, 50.0, '$3', 100.0, 50.0, '$22', 0.0, '$5', 50.0, '$3', 0.0, 50.0, 100.0, '$4', 150.0, 200.0, 150.0, '$139', 200.0]
['$74', 0.0, 50.0, '$34', 200.0, 150.0, '$3', 0.0, 50.0, '$2', 100.0, '$5', 200.0, 150.0, 50.0, '$15', 0.0, '$2', 150.0, '$4', 200.0, 150.0, 100.0, '$161', 0.0, 50.0, '$4', 100.0, 50.0, '$25', 0.0, 50.0, '$2', 0.0, 50.0, 100.0, '$6', 150.0, '$94', 200.0, '$7', 250.0, '$39', 200.0]
['$74', 0.0, 100.0, '$34', 200.0, 150.0, 50.0, 0.0, '$2', 100.0, '$2', 150.0, '$5', 200.0, 150.0, 50.0, '$12', 0.0, 50.0, '$2', 100.0, 150.0, '$4', 200.0, '$2', 150.0, 50.0, '$143', 0.0, 50.0, '$18', 0.0, 50.0, '$4', 100.0, 50.0, '$24', 0.0, '$2', 50.0, 100.0, '$5', 150.0, 200.0, 150.0, '$95', 200.0, '$12', 250.0, '$34', 200.0]
['$73', 0.0, 50.0, 150.0, '$35', 200.0, '$2', 100.0, 150.0, '$8', 200.0, 150.0, 50.0, '$11', 0.0, 50.0, 100.0, '$2', 150.0, '$5', 200.0, '$2', 150.0, 100.0, 50.0, '$142', 0.0, '$2', 50.0, '$17', 0.0, 50.0, '$5', 100.0, 50.0, '$22', 0.0, 50.0, '$2', 100.0, '$6', 150.0, '$2', 200.0, '$2', 150.0, '$94', 200.0, '$13', 250.0, '$8', 200.0, '$3', 250.0, '$21', 200.0]
['$73', 0.0, 100.0, '$36', 200.0, 150.0, '$10', 200.0, 150.0, 100.0, '$10', 0.0, 50.0, 100.0, '$8', 200.0, '$2', 150.0, 100.0, '$144', 0.0, '$2', 50.0, '$17', 0.0, 50.0, '$4', 100.0, '$2', 50.0, '$20', 0.0, 50.0, '$2', 100.0, '$7', 150.0, '$2', 200.0, 50.0, '$94', 200.0, '$25', 250.0, '$21', 200.0]
['$72', 0.0, 50.0, 150.0, '$48', 200.0, 100.0, '$2', 50.0, '$7', 0.0, 50.0, 100.0, 150.0, '$8', 200.0, '$2', 150.0, 50.0, '$145', 0.0, 50.0, '$17', 0.0, 50.0, '$5', 100.0, 50.0, '$20', 0.0, 50.0, 100.0, '$5', 150.0, 200.0, '$2', 150.0, 200.0, 100.0, 150.0, '$94', 200.0, '$25', 250.0, '$21', 200.0]
['$71', 0.0, 50.0, 100.0, '$49', 200.0, '$2', 150.0, 100.0, '$6', 50.0, '$2', 100.0, 150.0, '$10', 200.0, 150.0, 50.0, '$145', 0.0, 50.0, '$17', 0.0, 50.0, '$6', 100.0, 50.0, '$19', 0.0, 50.0, 100.0, '$5', 150.0, 200.0, 150.0, '$2', 200.0, 50.0, 150.0, '$93', 200.0, '$26', 250.0, '$21', 200.0]
['$71', 0.0, 50.0, 150.0, '$50', 200.0, '$2', 150.0, '$3', 100.0, '$5', 150.0, '$11', 200.0, 150.0, 50.0, '$145', 0.0, 50.0, '$17', 0.0, 50.0, '$7', 100.0, 50.0, '$18', 0.0, 50.0, 100.0, '$4', 150.0, '$2', 200.0, '$2', 150.0, '$2', 100.0, '$92', 200.0, '$28', 250.0, '$21', 200.0]
['$71', 0.0, 100.0, '$53', 200.0, '$5', 150.0, '$2', 200.0, 150.0, '$6', 200.0, '$5', 150.0, '$2', 100.0, '$145', 0.0, 50.0, '$17', 0.0, 50.0, '$7', 100.0, 50.0, '$18', 0.0, 50.0, '$5', 150.0, 200.0, 150.0, 50.0, '$2', 100.0, 150.0, '$86', 200.0, '$34', 250.0, '$21', 200.0]
['$70', 0.0, 100.0, '$57', 200.0, 150.0, '$9', 200.0, '$7', 150.0, 100.0, '$56', 0.0, '$2', 50.0, '$106', 0.0, '$2', 50.0, '$6', 100.0, 50.0, '$17', 0.0, 100.0, '$2', 150.0, 200.0, '$3', 150.0, 100.0, 0.0, 50.0, 150.0, '$87', 200.0, '$34', 250.0, '$21', 200.0]
['$69', 0.0, 50.0, 150.0, '$66', 200.0, '$8', 150.0, 100.0, 50.0, '$55', 0.0, '$2', 100.0, '$85', 0.0, 50.0, '$21', 0.0, 50.0, '$8', 100.0, '$2', 50.0, '$11', 0.0, 50.0, '$2', 100.0, '$5', 150.0, 200.0, 100.0, 50.0, '$90', 200.0, '$33', 250.0, '$22', 200.0]
['$68', 0.0, 50.0, 100.0, 150.0, '$59', 200.0, '$6', 150.0, 200.0, '$9', 150.0, 100.0, 50.0, '$23', 0.0, '$2', 50.0, '$28', 0.0, 50.0, 150.0, 100.0, '$85', 0.0, 50.0, '$21', 0.0, 50.0, '$9', 100.0, '$3', 50.0, '$8', 0.0, 50.0, 100.0, '$5', 150.0, 200.0, '$2', 150.0, 50.0, 150.0, 250.0, '$89', 200.0, '$32', 250.0, '$23', 200.0]
['$68', 0.0, 50.0, 150.0, '$59', 200.0, '$8', 150.0, '$4', 100.0, '$5', 150.0, 100.0, 50.0, '$22', 0.0, 50.0, 100.0, 50.0, '$28', 0.0, 100.0, 150.0, 100.0, '$2', 50.0, '$83', 0.0, 50.0, '$21', 0.0, 50.0, '$2', 100.0, '$3', 150.0, '$6', 100.0, '$3', 50.0, '$4', 0.0, '$2', 50.0, '$6', 150.0, 200.0, 150.0, '$2', 100.0, 150.0, '$2', 250.0, '$89', 200.0, '$32', 250.0, '$23', 200.0]
['$68', 0.0, 100.0, '$59', 200.0, 150.0, '$9', 100.0, 50.0, '$3', 100.0, '$4', 150.0, 100.0, 50.0, '$21', 0.0, 50.0, 150.0, 100.0, '$29', 0.0, 100.0, '$2', 150.0, 100.0, 50.0, '$83', 0.0, 50.0, '$21', 0.0, 50.0, 100.0, '$5', 150.0, '$7', 100.0, '$4', 50.0, '$2', 100.0, '$6', 150.0, 200.0, 150.0, 100.0, '$2', 50.0, 150.0, 250.0, '$3', 200.0, 250.0, '$86', 200.0, '$31', 250.0, '$24', 200.0]
['$67', 0.0, 50.0, 150.0, '$58', 200.0, 150.0, '$2', 100.0, '$5', 50.0, 100.0, '$5', 50.0, 100.0, '$4', 150.0, 100.0, '$21', 0.0, 50.0, '$2', 100.0, 50.0, '$28', 0.0, '$2', 50.0, 100.0, '$2', 150.0, 100.0, 50.0, '$104', 0.0, 50.0, 100.0, '$6', 150.0, 100.0, 150.0, '$8', 100.0, '$6', 150.0, 200.0, '$3', 150.0, '$3', 0.0, 150.0, '$95', 200.0, '$25', 250.0, '$26', 200.0]
['$66', 0.0, 50.0, 100.0, '$58', 200.0, 150.0, '$2', 100.0, '$4', 50.0, 0.0, '$3', 50.0, '$3', 0.0, '$2', 100.0, '$4', 150.0, 100.0, '$20', 0.0, 50.0, 100.0, 150.0, 50.0, '$30', 0.0, 50.0, 100.0, '$2', 150.0, 100.0, 50.0, '$104', 0.0, 50.0, 100.0, '$9', 150.0, 100.0, '$9', 150.0, 200.0, '$2', 150.0, 200.0, 150.0, 100.0, '$2', 200.0, 150.0, 100.0, '$96', 200.0, '$24', 250.0, '$27', 200.0]
['$66', 0.0, 50.0, 150.0, '$58', 200.0, '$2', 100.0, 50.0, '$2', 0.0, 50.0, '$2', 0.0, '$2', 50.0, '$3', 0.0, '$3', 50.0, 100.0, '$3', 150.0, 100.0, '$20', 0.0, 100.0, 150.0, 100.0, '$31', 0.0, 50.0, 100.0, '$3', 150.0, 50.0, '$82', 0.0, 50.0, '$21', 0.0, 50.0, 100.0, '$21', 150.0, 200.0, 150.0, 100.0, 150.0, 200.0, 250.0, 100.0, 150.0, '$97', 200.0, '$23', 250.0, '$27', 200.0]
['$65', 0.0, 50.0, 100.0, '$58', 200.0, 150.0, '$2', 50.0, '$13', 0.0, '$2', 100.0, '$3', 150.0, 100.0, '$19', 0.0, 50.0, 100.0, 150.0, 50.0, '$31', 0.0, 50.0, 100.0, '$3', 150.0, 50.0, '$82', 0.0, '$2', 50.0, 0.0, 50.0, '$18', 0.0, 50.0, 100.0, '$2', 150.0, 100.0, '$17', 150.0, 200.0, 150.0, '$2', 50.0, 200.0, 250.0, 150.0, 100.0, 150.0, 200.0, 250.0, '$98', 200.0, '$20', 250.0, '$27', 200.0]
['$65', 0.0, 50.0, 100.0, 150.0, '$56', 200.0, 150.0, 100.0, 0.0, 50.0, '$13', 0.0, 50.0, 100.0, '$3', 150.0, 100.0, 50.0, '$18', 0.0, 50.0, '$2', 100.0, '$32', 0.0, 50.0, '$4', 150.0, 50.0, '$83', 0.0, 50.0, 0.0, '$2', 50.0, '$17', 0.0, '$2', 100.0, '$2', 150.0, 100.0, '$10', 150.0, '$5', 200.0, '$3', 150.0, 100.0, '$2', 50.0, 100.0, 200.0, 100.0, 150.0, 200.0, 250.0, '$102', 200.0, '$15', 250.0, '$29', 200.0]
['$66', 0.0, 100.0, 150.0, '$56', 200.0, 150.0, 50.0, '$15', 0.0, 50.0, '$2', 100.0, '$2', 150.0, 100.0, 50.0, '$18', 0.0, 50.0, 100.0, 50.0, '$32', 0.0, 100.0, '$4', 150.0, 50.0, '$85', 0.0, '$2', 50.0, '$17', 0.0, '$3', 100.0, '$12', 150.0, '$5', 200.0, 150.0, 200.0, 150.0, '$2', 0.0, '$4', 50.0, 150.0, 250.0, '$105', 200.0, '$12', 250.0, '$30', 200.0]
['$64', 0.0, '$2', 50.0, 100.0, 150.0, '$56', 200.0, 100.0, '$16', 0.0, '$2', 50.0, 150.0, 200.0, 150.0, 100.0, '$19', 0.0, '$2', 50.0, '$33', 0.0, 100.0, 150.0, 200.0, '$2', 150.0, 50.0, '$86', 0.0, 50.0, '$16', 0.0, 100.0, 150.0, '$2', 100.0, '$12', 150.0, '$5', 200.0, '$2', 150.0, 50.0, 150.0, 100.0, '$2', 0.0, 100.0, 150.0, '$3', 250.0, '$106', 200.0, '$10', 250.0, '$30', 200.0]
['$64', 0.0, '$2', 50.0, 100.0, '$57', 200.0, 100.0, '$17', 0.0, 50.0, 150.0, '$2', 200.0, 100.0, '$53', 0.0, 50.0, '$4', 150.0, 100.0, '$87', 0.0, '$2', 50.0, '$14', 0.0, 50.0, '$4', 100.0, '$12', 150.0, '$5', 200.0, 150.0, '$2', 100.0, 250.0, 150.0, 0.0, 150.0, '$2', 200.0, '$4', 250.0, '$145', 200.0]
['$64', 0.0, '$2', 50.0, 150.0, '$56', 200.0, 150.0, 50.0, '$17', 0.0, 100.0, '$2', 150.0, 200.0, 150.0, '$2', 50.0, '$51', 0.0, 100.0, '$2', 150.0, 200.0, 150.0, 100.0, 50.0, '$86', 0.0, '$2', 50.0, '$13', 0.0, 50.0, '$2', 100.0, 150.0, 100.0, '$13', 150.0, '$2', 200.0, '$3', 150.0, '$2', 100.0, 200.0, 150.0, 0.0, 100.0, 200.0, '$7', 250.0, '$144', 200.0]
['$64', 0.0, 50.0, 150.0, '$57', 200.0, 150.0, '$17', 0.0, 50.0, 150.0, 200.0, 150.0, 200.0, 150.0, '$2', 100.0, 50.0, '$49', 0.0, 50.0, 100.0, 150.0, 200.0, '$3', 150.0, 50.0, '$87', 0.0, 50.0, '$13', 0.0, 50.0, 100.0, '$15', 150.0, '$2', 200.0, '$3', 150.0, 100.0, '$2', 50.0, 100.0, 50.0, 100.0, 200.0, '$2', 250.0, 200.0, '$7', 250.0, '$142', 200.0]
['$63', 0.0, 50.0, 100.0, 150.0, '$56', 200.0, 150.0, 50.0, '$17', 0.0, 50.0, 150.0, '$3', 200.0, '$2', 150.0, 100.0, 50.0, '$49', 0.0, 50.0, '$2', 150.0, '$2', 200.0, '$2', 150.0, 50.0, '$84', 0.0, 50.0, 0.0, 50.0, '$14', 0.0, 50.0, 100.0, '$15', 150.0, '$2', 200.0, '$2', 150.0, 100.0, '$3', 0.0, '$2', 100.0, 150.0, '$13', 250.0, '$140', 200.0]
['$63', 0.0, 50.0, 100.0, 150.0, '$56', 200.0, 150.0, 50.0, '$17', 0.0, 100.0, 150.0, '$3', 200.0, '$3', 150.0, '$50', 0.0, 50.0, '$2', 150.0, '$3', 200.0, 150.0, 100.0, 50.0, '$82', 0.0, '$2', 100.0, '$16', 0.0, 50.0, 100.0, 150.0, 100.0, '$11', 150.0, '$3', 200.0, '$2', 150.0, 100.0, 0.0, 100.0, 50.0, 0.0, 150.0, 200.0, '$14', 250.0, '$140', 200.0]
['$64', 0.0, 50.0, 150.0, '$56', 200.0, 150.0, 50.0, '$17', 0.0, 100.0, 150.0, '$4', 200.0, 150.0, 100.0, '$50', 0.0, 50.0, '$2', 150.0, '$3', 200.0, '$2', 150.0, '$3', 50.0, '$2', 0.0, 50.0, '$77', 0.0, '$2', 100.0, '$15', 0.0, 50.0, 100.0, '$14', 150.0, '$3', 200.0, 150.0, 100.0, 0.0, 150.0, 250.0, 100.0, 150.0, '$2', 200.0, '$15', 250.0, '$139', 200.0]
['$63', 0.0, 50.0, 100.0, 150.0, '$56', 200.0, 150.0, '$17', 0.0, 50.0, 150.0, '$5', 200.0, 150.0, 50.0, '$50', 0.0, 50.0, 150.0, '$5', 200.0, '$3', 150.0, '$3', 100.0, 50.0, '$77', 0.0, '$2', 100.0, '$14', 0.0, 50.0, 100.0, '$14', 150.0, '$3', 200.0, '$2', 150.0, '$2', 100.0, 250.0, 150.0, 100.0, 150.0, 200.0, '$17', 250.0, '$138', 200.0]
['$62', 0.0, '$3', 50.0, '$2', 100.0, 150.0, '$54', 200.0, 150.0, '$17', 0.0, 100.0, 150.0, '$5', 200.0, 150.0, '$50', 0.0, 50.0, 100.0, 150.0, '$6', 200.0, '$4', 150.0, 100.0, '$3', 50.0, 0.0, 50.0, 0.0, '$3', 50.0, '$69', 0.0, 50.0, 100.0, '$13', 0.0, 50.0, 100.0, '$13', 150.0, '$3', 200.0, '$3', 150.0, '$3', 100.0, 150.0, 100.0, 150.0, 200.0, '$19', 250.0, '$137', 200.0]
['$65', 0.0, 50.0, 100.0, '$2', 150.0, '$53', 200.0, 100.0, '$16', 0.0, 50.0, 100.0, 150.0, '$4', 200.0, 150.0, 100.0, '$50', 0.0, 50.0, 100.0, 150.0, '$7', 200.0, 150.0, 200.0, '$2', 150.0, '$2', 100.0, '$4', 50.0, '$4', 100.0, '$38', 0.0, 50.0, '$29', 0.0, 50.0, 100.0, '$13', 0.0, 50.0, '$13', 150.0, '$3', 200.0, '$3', 150.0, 50.0, '$4', 0.0, 100.0, 200.0, '$22', 250.0, '$135', 200.0]
['$64', 0.0, '$3', 50.0, '$2', 150.0, '$52', 200.0, 150.0, 100.0, 50.0, '$15', 0.0, 50.0, '$2', 150.0, '$4', 200.0, 150.0, 100.0, '$51', 0.0, 50.0, 150.0, '$10', 200.0, '$4', 150.0, '$3', 100.0, '$4', 150.0, 100.0, '$3', 50.0, '$33', 0.0, '$3', 50.0, '$28', 0.0, 50.0, 100.0, 0.0, '$3', 50.0, '$9', 0.0, 100.0, '$12', 150.0, 200.0, 150.0, 200.0, '$3', 150.0, 0.0, 50.0, 100.0, '$2', 0.0, 100.0, 200.0, '$27', 250.0, '$131', 200.0]
['$65', 0.0, '$3', 50.0, 100.0, 150.0, '$51', 200.0, '$2', 150.0, 100.0, '$15', 0.0, 100.0, 150.0, '$5', 200.0, 150.0, '$51', 0.0, 50.0, 100.0, 150.0, '$13', 200.0, '$6', 150.0, 200.0, '$2', 150.0, '$3', 100.0, '$2', 50.0, '$31', 0.0, 50.0, 100.0, 50.0, '$29', 0.0, 100.0, 50.0, 0.0, '$2', 100.0, '$8', 0.0, 50.0, 100.0, '$11', 150.0, '$3', 200.0, '$3', 150.0, 50.0, 0.0, 150.0, 250.0, 100.0, 50.0, 150.0, 250.0, 200.0, '$27', 250.0, '$130', 200.0]
['$67', 0.0, '$2', 50.0, 150.0, '$51', 200.0, '$2', 150.0, 50.0, '$14', 0.0, 50.0, 100.0, 150.0, '$4', 200.0, 150.0, 100.0, '$51', 0.0, 100.0, '$2', 150.0, '$21', 200.0, '$4', 150.0, '$2', 100.0, 50.0, '$30', 0.0, 50.0, 100.0, '$2', 50.0, '$28', 0.0, 50.0, 100.0, '$2', 0.0, 150.0, 100.0, '$7', 0.0, 100.0, '$11', 150.0, '$2', 200.0, '$2', 150.0, 100.0, 50.0, 100.0, 0.0, 150.0, 250.0, 150.0, 50.0, 100.0, '$2', 200.0, '$29', 250.0, '$129', 200.0]
['$68', 0.0, 50.0, 150.0, '$50', 200.0, 150.0, 200.0, 150.0, 50.0, '$15', 0.0, 100.0, 150.0, '$4', 200.0, 150.0, 50.0, '$50', 0.0, 50.0, '$3', 150.0, '$23', 200.0, '$4', 150.0, 100.0, '$29', 0.0, 50.0, '$4', 100.0, 50.0, '$31', 0.0, 100.0, 150.0, '$6', 0.0, 50.0, '$11', 150.0, 200.0, 150.0, 200.0, '$2', 150.0, 0.0, '$3', 50.0, 200.0, 150.0, 50.0, 100.0, 200.0, 250.0, 200.0, '$30', 250.0, '$128', 200.0]
['$68', 0.0, '$2', 50.0, 150.0, '$50', 200.0, 150.0, 100.0, '$15', 0.0, 50.0, '$2', 150.0, '$4', 200.0, 150.0, '$51', 0.0, 100.0, '$2', 150.0, '$26', 200.0, '$2', 150.0, 100.0, '$29', 0.0, 50.0, '$4', 100.0, '$2', 50.0, '$30', 0.0, 50.0, 150.0, '$5', 0.0, 50.0, 100.0, '$9', 150.0, 200.0, '$5', 150.0, 50.0, 0.0, 50.0, '$2', 150.0, 100.0, 50.0, 100.0, '$5', 200.0, '$30', 250.0, '$127', 200.0]
['$68', 0.0, 50.0, 100.0, 150.0, '$50', 200.0, 150.0, 100.0, '$15', 0.0, 100.0, 150.0, '$5', 200.0, 100.0, '$50', 0.0, 50.0, 100.0, 150.0, '$29', 200.0, 100.0, 50.0, '$26', 0.0, 50.0, '$6', 100.0, 50.0, '$31', 0.0, 50.0, 150.0, 50.0, '$4', 0.0, 100.0, 150.0, '$2', 200.0, '$7', 150.0, 200.0, '$3', 150.0, 100.0, 50.0, 0.0, 50.0, '$2', 150.0, 50.0, '$2', 100.0, 200.0, 250.0, '$5', 200.0, '$29', 250.0, '$127', 200.0]
['$68', 0.0, '$2', 50.0, 150.0, '$49', 200.0, '$2', 150.0, 100.0, '$14', 0.0, 50.0, 100.0, '$5', 200.0, 150.0, 50.0, '$50', 0.0, 100.0, 150.0, '$30', 200.0, 150.0, 50.0, '$18', 0.0, '$3', 50.0, 100.0, '$4', 50.0, 100.0, '$4', 150.0, '$2', 100.0, 50.0, '$32', 0.0, 150.0, 50.0, '$4', 0.0, 100.0, '$4', 200.0, '$8', 150.0, '$2', 100.0, 50.0, 0.0, 50.0, 150.0, 100.0, '$3', 150.0, 200.0, '$2', 250.0, '$5', 200.0, '$30', 250.0, '$126', 200.0]
['$68', 0.0, 50.0, 100.0, 150.0, '$49', 200.0, '$2', 150.0, 100.0, 50.0, '$12', 0.0, 50.0, 100.0, 150.0, '$5', 200.0, 150.0, 50.0, '$49', 0.0, 50.0, 150.0, '$31', 200.0, 150.0, '$3', 50.0, '$12', 0.0, '$2', 50.0, '$5', 100.0, '$10', 150.0, '$2', 100.0, 50.0, '$27', 0.0, '$2', 50.0, '$3', 0.0, 100.0, 50.0, '$4', 0.0, 150.0, 200.0, '$8', 150.0, 200.0, 150.0, 100.0, '$4', 50.0, 100.0, 50.0, 150.0, '$3', 250.0, '$11', 200.0, '$27', 250.0, '$126', 200.0]
['$65', 0.0, 50.0, 0.0, 50.0, 100.0, 150.0, '$50', 200.0, '$2', 150.0, 100.0, 50.0, '$12', 0.0, 50.0, '$2', 150.0, '$5', 200.0, 150.0, '$49', 0.0, 50.0, 100.0, 150.0, '$31', 200.0, '$2', 150.0, '$2', 100.0, 50.0, '$5', 0.0, '$3', 50.0, '$2', 0.0, 50.0, 100.0, 150.0, '$3', 100.0, 150.0, 100.0, '$11', 150.0, 100.0, 50.0, '$28', 0.0, 50.0, '$2', 100.0, 0.0, 50.0, '$4', 0.0, 50.0, '$2', 200.0, '$6', 150.0, 200.0, '$2', 150.0, 100.0, 50.0, '$3', 0.0, 50.0, 0.0, 100.0, '$15', 200.0, '$26', 250.0, '$127', 200.0]
['$68', 0.0, 100.0, 150.0, '$49', 200.0, '$4', 150.0, 50.0, '$12', 0.0, 100.0, 150.0, '$5', 200.0, 150.0, 100.0, '$47', 0.0, '$2', 50.0, 100.0, 150.0, '$34', 200.0, '$2', 150.0, 100.0, '$3', 50.0, '$5', 100.0, '$2', 50.0, 100.0, '$8', 150.0, '$6', 200.0, '$4', 150.0, 100.0, 50.0, '$28', 0.0, 50.0, 200.0, 100.0, '$6', 0.0, 100.0, '$2', 200.0, '$10', 150.0, '$2', 100.0, 50.0, 0.0, '$2', 100.0, 200.0, 250.0, '$14', 200.0, '$26', 250.0, '$127', 200.0]
['$67', 0.0, 50.0, 150.0, '$52', 200.0, '$2', 150.0, 50.0, '$11', 0.0, 50.0, '$2', 150.0, '$5', 200.0, 150.0, 50.0, '$45', 0.0, '$2', 50.0, '$2', 100.0, 150.0, '$36', 200.0, '$2', 150.0, '$3', 100.0, '$16', 150.0, '$7', 200.0, '$3', 150.0, 100.0, 50.0, '$28', 0.0, 50.0, 200.0, 50.0, '$5', 0.0, 50.0, 150.0, '$2', 200.0, '$5', 150.0, 100.0, '$5', 150.0, 200.0, 100.0, 50.0, '$2', 150.0, '$17', 200.0, '$25', 250.0, '$127', 200.0]
['$65', 0.0, '$2', 50.0, 100.0, 150.0, '$51', 200.0, '$2', 150.0, 100.0, 50.0, '$11', 0.0, 50.0, 150.0, '$6', 200.0, 150.0, '$45', 0.0, 50.0, '$2', 100.0, '$2', 150.0, '$37', 200.0, '$5', 150.0, '$2', 200.0, '$3', 150.0, 200.0, '$9', 150.0, '$8', 200.0, '$2', 150.0, 100.0, 50.0, '$29', 0.0, 50.0, 150.0, '$2', 50.0, '$4', 0.0, 50.0, 150.0, 200.0, '$4', 150.0, '$3', 100.0, '$2', 150.0, 50.0, '$2', 150.0, 100.0, 50.0, '$2', 100.0, 150.0, '$2', 200.0, '$2', 250.0, '$13', 200.0, '$25', 250.0, '$127', 200.0]
['$66', 0.0, '$2', 50.0, 150.0, '$51', 200.0, '$3', 150.0, 50.0, '$11', 0.0, 100.0, 150.0, '$6', 200.0, 100.0, '$44', 0.0, '$2', 100.0, 150.0, '$52', 200.0, '$3', 150.0, '$13', 200.0, '$2', 150.0, 100.0, '$2', 50.0, '$28', 0.0, 50.0, 150.0, 50.0, '$5', 0.0, 100.0, '$3', 150.0, '$6', 100.0, '$2', 50.0, 100.0, 150.0, '$4', 100.0, '$2', 150.0, '$20', 200.0, '$22', 250.0, '$127', 200.0]
['$11', 0.0, 50.0, '$54', 0.0, '$2', 50.0, 150.0, '$51', 200.0, '$2', 150.0, 100.0, 50.0, '$10', 0.0, 50.0, 100.0, 150.0, '$5', 200.0, 150.0, 50.0, '$34', 0.0, '$3', 50.0, '$2', 0.0, '$4', 50.0, 100.0, '$3', 150.0, '$67', 200.0, '$4', 150.0, 100.0, '$29', 0.0, 50.0, 150.0, 50.0, '$4', 0.0, 50.0, 150.0, 200.0, 150.0, 100.0, '$5', 50.0, '$2', 0.0, 50.0, '$4', 100.0, 50.0, '$2', 100.0, 150.0, '$20', 200.0, '$22', 250.0, '$127', 200.0]
['$11', 0.0, '$2', 50.0, '$53', 0.0, '$2', 50.0, '$2', 150.0, '$50', 200.0, '$2', 150.0, 100.0, '$10', 0.0, 50.0, 100.0, '$2', 150.0, '$5', 200.0, 150.0, '$35', 0.0, 50.0, '$2', 100.0, '$2', 0.0, 50.0, '$3', 100.0, '$2', 150.0, 200.0, 150.0, '$67', 200.0, '$3', 150.0, '$2', 100.0, 50.0, '$28', 0.0, 50.0, 100.0, '$2', 50.0, '$3', 0.0, 100.0, '$2', 150.0, 50.0, 0.0, '$3', 50.0, '$3', 0.0, 50.0, 100.0, 50.0, '$2', 100.0, 50.0, '$3', 100.0, '$3', 150.0, '$5', 200.0, 150.0, '$11', 200.0, '$23', 250.0, '$127', 200.0]
['$11', 0.0, '$2', 50.0, '$52', 0.0, '$3', 50.0, '$2', 150.0, '$50', 200.0, '$2', 150.0, 100.0, '$10', 0.0, 50.0, 100.0, '$2', 150.0, '$5', 200.0, 150.0, '$34', 0.0, 50.0, '$2', 150.0, 100.0, '$2', 50.0, '$6', 150.0, 200.0, 150.0, '$67', 200.0, '$3', 150.0, '$3', 100.0, 50.0, '$28', 0.0, '$4', 50.0, 0.0, 100.0, '$2', 150.0, 100.0, '$3', 0.0, 50.0, 100.0, '$2', 50.0, 100.0, '$2', 150.0, '$2', 200.0, 150.0, 100.0, 150.0, '$3', 100.0, '$4', 150.0, '$3', 200.0, '$2', 150.0, '$5', 200.0, '$2', 150.0, '$3', 200.0, '$23', 250.0, '$127', 200.0]
['$489', 250.0]
['$489', 250.0]
['$489', 250.0]
['$489', 250.0]
['$172', 250.0, 200.0, '$16', 250.0, 200.0, '$95', 250.0, 200.0, '$2', 250.0, 200.0, '$2', 250.0, 200.0, '$197', 250.0]
['$276', 250.0, 200.0, '$7', 250.0, 200.0, '$3', 250.0, 200.0, '$15', 250.0, 200.0, '$3', 250.0, 200.0, '$180', 250.0]
['$172', 250.0, 50.0, '$2', 250.0, 200.0, '$10', 250.0, 150.0, '$3', 250.0, 150.0, '$21', 250.0, 150.0, '$16', 250.0, 50.0, '$49', 250.0, 150.0, 50.0, 200.0, '$2', 250.0, '$4', 50.0, 150.0, '$2', 250.0, 200.0, 100.0, 50.0, 100.0, 200.0, '$4', 250.0, 150.0, 50.0, 200.0, '$4', 250.0, 150.0, 50.0, 200.0, '$3', 250.0, 150.0, '$2', 50.0, 100.0, '$2', 250.0, '$4', 50.0, 150.0, '$2', 250.0, 100.0, '$2', 50.0, 100.0, 200.0, '$158', 250.0]
['$172', 250.0, 50.0, '$13', 250.0, 50.0, '$3', 250.0, 50.0, '$21', 250.0, 50.0, '$16', 250.0, 50.0, '$48', 250.0, 200.0, 100.0, 50.0, 200.0, '$2', 250.0, 50.0, 200.0, '$5', 250.0, 100.0, 150.0, 250.0, 150.0, 100.0, '$3', 250.0, 200.0, 100.0, 50.0, 200.0, '$3', 250.0, 200.0, '$2', 100.0, 200.0, '$2', 250.0, 150.0, 100.0, 200.0, 250.0, 200.0, '$2', 250.0, 100.0, 200.0, '$5', 250.0, 200.0, '$2', 250.0, 150.0, 50.0, '$158', 250.0]
['$165', 250.0, 200.0, 100.0, 50.0, '$2', 100.0, '$2', 250.0, 50.0, 150.0, '$2', 50.0, 150.0, 250.0, 200.0, 50.0, '$3', 250.0, 50.0, 250.0, 150.0, 50.0, '$2', 100.0, 150.0, 50.0, '$2', 100.0, '$2', 200.0, 100.0, '$2', 50.0, 200.0, 250.0, 200.0, 50.0, 150.0, 100.0, 150.0, 250.0, '$4', 100.0, 250.0, 150.0, 50.0, '$2', 100.0, 250.0, 150.0, '$3', 100.0, 200.0, '$2', 250.0, 200.0, '$3', 100.0, 200.0, 250.0, 50.0, 250.0, 200.0, '$2', 100.0, '$5', 250.0, 200.0, '$3', 100.0, 200.0, 250.0, 150.0, 50.0, '$2', 100.0, 200.0, '$2', 250.0, 50.0, 150.0, 100.0, 50.0, 200.0, 150.0, 100.0, 50.0, 200.0, 250.0, 200.0, '$15', 250.0, 100.0, 200.0, 50.0, '$2', 200.0, 250.0, 50.0, 200.0, '$4', 250.0, 200.0, 50.0, '$3', 250.0, 50.0, 200.0, '$2', 250.0, 100.0, 200.0, 50.0, 200.0, '$3', 250.0, 100.0, 200.0, 50.0, 200.0, '$2', 250.0, 50.0, 200.0, '$5', 250.0, 100.0, 200.0, '$8', 250.0, 150.0, 100.0, '$158', 250.0]
['$165', 250.0, 200.0, 100.0, '$2', 250.0, 200.0, '$2', 250.0, 50.0, 150.0, 250.0, 200.0, 50.0, 250.0, 200.0, 50.0, '$3', 250.0, 50.0, '$2', 250.0, 50.0, 200.0, '$2', 250.0, 50.0, '$2', 250.0, 200.0, 100.0, 200.0, 250.0, 200.0, 50.0, '$2', 250.0, 50.0, 150.0, '$2', 250.0, 150.0, 100.0, 250.0, '$2', 200.0, 250.0, 200.0, 50.0, '$2', 250.0, 200.0, 50.0, 200.0, 250.0, 150.0, 100.0, 250.0, 200.0, 50.0, 200.0, '$2', 250.0, 200.0, 250.0, 50.0, 200.0, 100.0, 150.0, '$5', 250.0, 200.0, 50.0, 200.0, '$2', 250.0, '$2', 200.0, 50.0, 200.0, 250.0, 150.0, 100.0, '$2', 250.0, 50.0, 150.0, 250.0, 150.0, 50.0, 200.0, 250.0, 150.0, 100.0, '$2', 250.0, 200.0, 250.0, 200.0, 250.0, 200.0, '$2', 50.0, 150.0, '$6', 250.0, '$2', 150.0, 250.0, 50.0, 200.0, '$2', 250.0, 100.0, '$2', 50.0, 100.0, 200.0, 250.0, 200.0, 50.0, '$3', 250.0, 50.0, 200.0, 250.0, '$2', 150.0, 250.0, 50.0, 200.0, '$2', 250.0, '$2', 150.0, 250.0, 50.0, 200.0, 250.0, 200.0, 50.0, 150.0, 50.0, 100.0, 150.0, '$2', 250.0, 100.0, '$2', 50.0, 100.0, 200.0, '$2', 250.0, 200.0, 100.0, '$2', 50.0, 200.0, '$158', 250.0]
['$165', 250.0, 200.0, 50.0, 100.0, 150.0, 200.0, 250.0, 200.0, 50.0, 200.0, '$2', 250.0, 50.0, 250.0, 200.0, 50.0, '$3', 250.0, 50.0, '$2', 250.0, 50.0, '$3', 250.0, 50.0, '$2', 250.0, 150.0, 50.0, '$3', 100.0, 50.0, 200.0, 250.0, 50.0, 200.0, '$2', 250.0, 200.0, 50.0, 100.0, 150.0, 200.0, '$2', 250.0, 50.0, '$2', 250.0, 150.0, 100.0, '$3', 250.0, 50.0, 200.0, 150.0, 100.0, '$3', 250.0, 200.0, 250.0, 50.0, 100.0, 150.0, '$3', 250.0, 200.0, 250.0, '$2', 200.0, 100.0, '$4', 250.0, 150.0, 100.0, '$3', 250.0, 50.0, 200.0, 250.0, 50.0, '$2', 250.0, 200.0, 50.0, '$2', 250.0, 200.0, 100.0, '$6', 250.0, 200.0, '$2', 50.0, 100.0, '$5', 250.0, 200.0, 100.0, '$2', 250.0, 50.0, 200.0, '$2', 250.0, 200.0, '$2', 250.0, '$2', 100.0, 250.0, 200.0, 50.0, '$3', 250.0, 50.0, '$2', 200.0, 100.0, '$2', 250.0, 100.0, 200.0, 250.0, 200.0, 100.0, '$2', 250.0, 50.0, 200.0, 250.0, 200.0, 50.0, 150.0, 250.0, 200.0, 50.0, 200.0, 250.0, 200.0, '$2', 250.0, '$2', 100.0, '$5', 250.0, 150.0, 100.0, '$158', 250.0]
['$166', 250.0, 200.0, 150.0, 100.0, 50.0, '$2', 250.0, 50.0, '$3', 250.0, 50.0, 250.0, 200.0, 50.0, '$3', 250.0, 50.0, '$2', 250.0, 50.0, '$2', 250.0, 200.0, 50.0, '$2', 250.0, 150.0, 100.0, '$6', 250.0, 50.0, '$4', 250.0, 200.0, 150.0, 100.0, 50.0, 200.0, 250.0, 50.0, '$2', 250.0, 150.0, 100.0, '$3', 250.0, 50.0, 200.0, 150.0, 100.0, '$5', 250.0, 50.0, 150.0, 100.0, 200.0, 250.0, 200.0, '$3', 250.0, 150.0, 100.0, '$4', 250.0, 150.0, 100.0, '$3', 250.0, 50.0, '$2', 250.0, 50.0, '$2', 250.0, 200.0, 50.0, '$2', 250.0, 200.0, 100.0, '$6', 250.0, 200.0, 100.0, 50.0, 150.0, '$5', 250.0, 150.0, '$5', 50.0, 150.0, '$4', 250.0, 200.0, 50.0, 250.0, 200.0, 50.0, 200.0, 250.0, 200.0, 50.0, 200.0, 150.0, '$5', 50.0, 200.0, 150.0, '$5', 50.0, 150.0, 200.0, 50.0, 200.0, '$2', 250.0, 50.0, 200.0, '$3', 250.0, '$2', 200.0, 50.0, '$6', 250.0, 50.0, 200.0, '$157', 250.0]
['$165', 250.0, '$2', 200.0, '$2', 250.0, 50.0, 200.0, 250.0, 50.0, '$3', 250.0, 50.0, 200.0, 250.0, 50.0, '$2', 200.0, 150.0, 50.0, '$2', 250.0, 50.0, 200.0, '$2', 250.0, 50.0, 200.0, 250.0, 200.0, 50.0, 200.0, '$2', 250.0, '$2', 200.0, 250.0, 50.0, '$3', 250.0, '$2', 200.0, '$2', 250.0, 50.0, 200.0, 250.0, 50.0, 200.0, 250.0, 200.0, 50.0, 200.0, 250.0, 150.0, 100.0, '$2', 200.0, 50.0, 200.0, '$2', 250.0, 200.0, 250.0, 50.0, 250.0, 150.0, 100.0, 200.0, 250.0, 150.0, 200.0, 250.0, 200.0, 50.0, 200.0, '$2', 250.0, '$2', 200.0, 50.0, 200.0, 250.0, 150.0, 100.0, '$2', 250.0, 50.0, '$2', 250.0, 200.0, 50.0, '$2', 250.0, 200.0, 100.0, '$19', 250.0, 50.0, 200.0, 250.0, '$2', 200.0, '$2', 250.0, 150.0, 100.0, '$2', 250.0, 100.0, 150.0, 250.0, 150.0, 100.0, '$5', 250.0, 50.0, 200.0, '$5', 250.0, 50.0, 200.0, '$2', 250.0, 100.0, 150.0, 250.0, 200.0, 50.0, 200.0, 250.0, 200.0, '$2', 250.0, 150.0, 100.0, 250.0, '$2', 200.0, 250.0, 200.0, 150.0, 50.0, '$158', 250.0]
['$165', 250.0, 200.0, 100.0, '$2', 50.0, 150.0, '$2', 250.0, 50.0, 200.0, '$2', 250.0, 50.0, 200.0, 250.0, 150.0, '$2', 100.0, 150.0, 50.0, '$2', 250.0, 150.0, '$2', 50.0, 200.0, 150.0, 50.0, 100.0, '$2', 200.0, 100.0, '$2', 50.0, 100.0, '$2', 250.0, 50.0, '$3', 250.0, 200.0, 100.0, '$2', 50.0, 150.0, '$2', 250.0, 150.0, '$2', 50.0, '$2', 200.0, 100.0, 50.0, 100.0, 200.0, '$2', 250.0, 200.0, 100.0, '$2', 50.0, 200.0, 250.0, 50.0, 250.0, 200.0, 150.0, 100.0, 200.0, 50.0, 200.0, '$2', 250.0, 200.0, 100.0, 50.0, 100.0, 200.0, 250.0, 150.0, 100.0, 50.0, 100.0, 200.0, '$2', 250.0, 50.0, '$2', 250.0, 200.0, 50.0, '$2', 250.0, 200.0, 100.0, '$19', 250.0, 100.0, 200.0, 250.0, 200.0, '$3', 50.0, 100.0, 200.0, '$2', 250.0, 200.0, 100.0, 50.0, 100.0, 200.0, '$5', 250.0, 50.0, 200.0, '$5', 250.0, 50.0, 200.0, '$2', 250.0, 200.0, 100.0, 50.0, 100.0, 150.0, 250.0, 200.0, 100.0, '$2', 50.0, 100.0, 200.0, 250.0, 200.0, 100.0, '$2', 50.0, 100.0, 200.0, '$158', 250.0]
['$192', 250.0, 200.0, '$14', 250.0, 200.0, '$30', 250.0, 200.0, '$74', 250.0, 200.0, '$17', 250.0, 200.0, '$157', 250.0]
['$225', 250.0, 200.0, '$58', 250.0, 200.0, '$35', 250.0, 200.0, '$168', 250.0]
['$489', 250.0]
['$489', 250.0]
['$489', 250.0]
['$489', 250.0]
