['$72', 100.0, '$4', 50.0, '$13', 100.0, '$13', 50.0, '$74', 100.0, '$63', 50.0, '$19', 100.0, '$26', 50.0, '$14', 100.0, 50.0, '$156', 100.0, '$6', 150.0, '$166', 100.0]
['$73', 100.0, '$2', 50.0, '$15', 100.0, '$12', 50.0, '$74', 100.0, '$63', 50.0, '$19', 100.0, '$26', 50.0, '$14', 100.0, 50.0, '$157', 100.0, '$5', 150.0, '$166', 100.0]
['$90', 100.0, '$12', 50.0, '$74', 100.0, '$63', 50.0, '$19', 100.0, '$26', 50.0, '$174', 100.0, '$2', 150.0, '$167', 100.0]
['$90', 100.0, '$12', 50.0, '$74', 100.0, '$63', 50.0, '$18', 100.0, '$27', 50.0, '$343', 100.0]
['$90', 100.0, '$12', 50.0, '$75', 100.0, '$51', 50.0, '$3', 0.0, '$8', 50.0, '$17', 100.0, '$28', 50.0, '$68', 100.0, '$3', 50.0, '$272', 100.0]
['$90', 100.0, '$12', 50.0, '$77', 100.0, '$49', 50.0, '$4', 0.0, '$7', 50.0, '$17', 100.0, '$28', 50.0, '$66', 100.0, '$5', 50.0, '$272', 100.0]
['$90', 100.0, '$12', 50.0, '$80', 100.0, '$46', 50.0, '$4', 0.0, '$7', 50.0, '$16', 100.0, '$30', 50.0, '$65', 100.0, '$8', 50.0, '$211', 100.0, 150.0, '$57', 100.0]
['$90', 100.0, '$12', 50.0, '$83', 100.0, '$43', 50.0, '$3', 0.0, '$8', 50.0, '$15', 100.0, '$31', 50.0, '$64', 100.0, '$9', 50.0, '$210', 100.0, '$2', 150.0, '$57', 100.0]
['$91', 100.0, '$11', 50.0, '$86', 100.0, '$51', 50.0, '$15', 100.0, '$31', 50.0, '$64', 100.0, '$10', 50.0, '$268', 100.0]
['$91', 100.0, '$11', 50.0, '$87', 100.0, '$50', 50.0, '$16', 100.0, '$31', 50.0, '$63', 100.0, '$11', 50.0, '$267', 100.0]
['$91', 100.0, '$11', 50.0, '$89', 100.0, '$48', 50.0, '$16', 100.0, '$32', 50.0, '$61', 100.0, '$14', 50.0, '$265', 100.0]
['$72', 100.0, '$7', 50.0, '$12', 100.0, '$11', 50.0, '$90', 100.0, '$46', 50.0, '$17', 100.0, '$34', 50.0, '$59', 100.0, '$15', 50.0, '$264', 100.0]
['$71', 100.0, '$10', 50.0, '$11', 100.0, '$10', 50.0, '$91', 100.0, '$43', 50.0, '$20', 100.0, '$43', 50.0, '$49', 100.0, '$15', 50.0, '$264', 100.0]
['$71', 100.0, '$11', 50.0, '$11', 100.0, '$8', 50.0, '$93', 100.0, '$42', 50.0, '$20', 100.0, '$43', 50.0, '$8', 100.0, 50.0, '$40', 100.0, '$15', 50.0, '$264', 100.0]
['$70', 100.0, '$12', 50.0, '$12', 100.0, '$5', 50.0, 100.0, 50.0, '$94', 100.0, '$36', 50.0, '$24', 100.0, '$47', 50.0, '$3', 100.0, '$8', 50.0, '$36', 100.0, '$14', 50.0, '$264', 100.0]
['$70', 100.0, '$13', 50.0, '$12', 100.0, '$3', 50.0, '$98', 100.0, '$33', 50.0, '$26', 100.0, '$58', 50.0, '$36', 100.0, '$14', 50.0, '$44', 100.0, '$4', 50.0, '$120', 100.0, '$2', 150.0, '$94', 100.0]
['$72', 100.0, '$10', 50.0, '$114', 100.0, '$28', 50.0, '$14', 100.0, '$4', 50.0, '$15', 100.0, '$57', 50.0, '$35', 100.0, '$14', 50.0, '$42', 100.0, '$8', 50.0, '$116', 100.0, '$6', 150.0, '$92', 100.0]
['$73', 100.0, '$9', 50.0, '$115', 100.0, '$25', 50.0, '$17', 100.0, '$4', 50.0, '$14', 100.0, '$57', 50.0, '$37', 100.0, '$12', 50.0, '$42', 100.0, '$9', 50.0, '$115', 100.0, '$6', 150.0, '$92', 100.0]
['$74', 100.0, '$9', 50.0, '$115', 100.0, '$22', 50.0, '$19', 100.0, '$7', 50.0, '$12', 100.0, '$56', 50.0, '$39', 100.0, '$10', 50.0, '$42', 100.0, '$10', 50.0, '$114', 100.0, '$6', 150.0, '$92', 100.0]
['$75', 100.0, '$7', 50.0, '$117', 100.0, '$19', 50.0, '$21', 100.0, '$9', 50.0, '$10', 100.0, '$57', 50.0, '$40', 100.0, '$7', 50.0, '$42', 100.0, '$11', 50.0, '$114', 100.0, '$4', 150.0, '$94', 100.0]
['$76', 100.0, '$6', 50.0, '$120', 100.0, '$6', 50.0, '$3', 100.0, '$2', 50.0, '$27', 100.0, '$9', 50.0, '$10', 100.0, '$56', 50.0, '$41', 100.0, '$4', 50.0, '$44', 100.0, '$12', 50.0, '$211', 100.0]
['$47', 100.0, '$5', 50.0, '$24', 100.0, '$5', 50.0, '$160', 100.0, '$9', 50.0, '$10', 100.0, '$55', 50.0, '$90', 100.0, '$11', 50.0, '$211', 100.0]
['$46', 100.0, '$6', 50.0, '$26', 100.0, '$3', 50.0, '$161', 100.0, '$8', 50.0, '$10', 100.0, '$55', 50.0, '$90', 100.0, '$11', 50.0, '$211', 100.0]
['$46', 100.0, '$6', 50.0, '$27', 100.0, 50.0, '$163', 100.0, '$6', 50.0, '$11', 100.0, '$55', 50.0, '$90', 100.0, '$11', 50.0, '$211', 100.0]
['$45', 100.0, '$7', 50.0, '$179', 100.0, '$3', 50.0, '$10', 100.0, '$5', 50.0, '$11', 100.0, '$55', 50.0, '$90', 100.0, '$10', 50.0, '$212', 100.0]
['$47', 100.0, '$3', 50.0, '$179', 100.0, '$6', 50.0, '$9', 100.0, '$4', 50.0, '$13', 100.0, '$54', 50.0, '$90', 100.0, '$11', 50.0, '$211', 100.0]
['$228', 100.0, '$8', 50.0, '$26', 100.0, '$52', 50.0, '$91', 100.0, '$11', 50.0, '$211', 100.0]
['$227', 100.0, '$9', 50.0, '$26', 100.0, '$38', 50.0, '$2', 100.0, '$12', 50.0, '$92', 100.0, '$10', 50.0, '$211', 100.0]
['$227', 100.0, '$9', 50.0, '$26', 100.0, '$36', 50.0, '$5', 100.0, '$10', 50.0, '$93', 100.0, '$9', 50.0, '$212', 100.0]
['$110', 100.0, '$3', 50.0, '$113', 100.0, '$10', 50.0, '$9', 100.0, '$4', 50.0, '$13', 100.0, '$36', 50.0, '$5', 100.0, '$9', 50.0, '$95', 100.0, '$8', 50.0, '$212', 100.0]
['$71', 100.0, '$4', 50.0, '$31', 100.0, '$10', 50.0, '$110', 100.0, '$10', 50.0, '$8', 100.0, '$7', 50.0, '$10', 100.0, '$36', 50.0, '$6', 100.0, '$9', 50.0, '$95', 100.0, '$7', 50.0, '$213', 100.0]
['$70', 100.0, '$6', 50.0, '$27', 100.0, '$13', 50.0, '$109', 100.0, '$11', 50.0, '$6', 100.0, '$10', 50.0, '$8', 100.0, '$37', 50.0, '$6', 100.0, '$8', 50.0, '$96', 100.0, '$7', 50.0, '$151', 100.0, '$6', 50.0, '$56', 100.0]
['$69', 100.0, '$7', 50.0, '$23', 100.0, '$18', 50.0, '$97', 100.0, '$8', 50.0, 100.0, '$74', 50.0, '$6', 100.0, '$8', 50.0, '$96', 100.0, '$8', 50.0, '$150', 100.0, '$6', 50.0, '$18', 100.0, '$3', 50.0, '$35', 100.0]
['$69', 100.0, '$7', 50.0, '$20', 100.0, '$21', 50.0, '$97', 100.0, '$83', 50.0, '$6', 100.0, '$8', 50.0, '$96', 100.0, '$7', 50.0, '$150', 100.0, '$7', 50.0, '$18', 100.0, '$4', 50.0, '$32', 100.0, '$2', 50.0]
['$70', 100.0, '$5', 50.0, '$16', 100.0, '$27', 50.0, '$94', 100.0, '$86', 50.0, '$4', 100.0, '$9', 50.0, '$96', 100.0, '$6', 50.0, '$150', 100.0, '$7', 50.0, '$15', 100.0, '$8', 50.0, '$31', 100.0, '$3', 50.0]
['$71', 100.0, '$2', 50.0, '$15', 100.0, '$30', 50.0, '$94', 100.0, '$48', 50.0, '$5', 100.0, '$46', 50.0, '$95', 100.0, '$6', 50.0, '$150', 100.0, '$8', 50.0, '$14', 100.0, '$10', 50.0, '$29', 100.0, '$4', 50.0]
['$88', 100.0, '$31', 50.0, '$94', 100.0, '$47', 50.0, '$6', 100.0, '$46', 50.0, '$94', 100.0, '$6', 50.0, '$149', 100.0, '$9', 50.0, '$12', 100.0, '$12', 50.0, '$29', 100.0, '$4', 50.0]
['$88', 100.0, '$31', 50.0, '$95', 100.0, '$34', 50.0, '$7', 100.0, '$5', 50.0, '$6', 100.0, '$46', 50.0, '$94', 100.0, '$6', 50.0, '$148', 100.0, '$10', 50.0, '$11', 100.0, '$14', 50.0, '$29', 100.0, '$3', 50.0]
['$88', 100.0, '$31', 50.0, '$93', 100.0, '$35', 50.0, '$19', 100.0, '$46', 50.0, '$93', 100.0, '$7', 50.0, '$148', 100.0, '$10', 50.0, '$11', 100.0, '$14', 50.0, '$30', 100.0, '$2', 50.0]
['$89', 100.0, '$30', 50.0, '$84', 100.0, '$3', 50.0, '$4', 100.0, '$37', 50.0, '$19', 100.0, '$46', 50.0, '$93', 100.0, '$7', 50.0, '$148', 100.0, '$10', 50.0, '$10', 100.0, '$15', 50.0, '$32', 100.0]
['$90', 100.0, '$18', 50.0, '$6', 100.0, '$3', 50.0, '$84', 100.0, '$46', 50.0, '$18', 100.0, '$48', 50.0, '$92', 100.0, '$8', 50.0, '$148', 100.0, '$33', 50.0, '$33', 100.0]
['$90', 100.0, '$16', 50.0, '$94', 100.0, '$46', 50.0, '$18', 100.0, '$49', 50.0, '$92', 100.0, '$9', 50.0, '$147', 100.0, '$34', 50.0, '$32', 100.0]
['$92', 100.0, '$12', 50.0, '$91', 100.0, '$51', 50.0, '$18', 100.0, '$49', 50.0, '$92', 100.0, '$10', 50.0, '$26', 100.0, '$2', 50.0, '$119', 100.0, '$33', 50.0, '$32', 100.0]
['$94', 100.0, '$8', 50.0, '$92', 100.0, '$52', 50.0, '$17', 100.0, '$50', 50.0, '$92', 100.0, '$10', 50.0, '$23', 100.0, '$5', 50.0, '$120', 100.0, '$32', 50.0, '$32', 100.0]
['$97', 100.0, '$4', 50.0, '$93', 100.0, '$52', 50.0, '$17', 100.0, '$50', 50.0, '$92', 100.0, '$10', 50.0, '$25', 100.0, '$3', 50.0, '$122', 100.0, '$19', 50.0, '$5', 100.0, '$6', 50.0, '$32', 100.0]
['$138', 100.0, '$15', 50.0, '$43', 100.0, '$49', 50.0, '$17', 100.0, '$50', 50.0, '$93', 100.0, '$11', 50.0, '$25', 100.0, '$2', 50.0, '$122', 100.0, '$17', 50.0, '$7', 100.0, '$6', 50.0, '$32', 100.0]
['$31', 100.0, '$16', 50.0, '$88', 100.0, '$19', 50.0, '$42', 100.0, '$49', 50.0, '$15', 100.0, '$51', 50.0, '$94', 100.0, '$12', 50.0, '$20', 100.0, '$6', 50.0, '$122', 100.0, '$15', 50.0, '$9', 100.0, '$6', 50.0, '$32', 100.0]
['$31', 100.0, '$17', 50.0, '$57', 100.0, '$3', 50.0, '$25', 100.0, '$22', 50.0, '$41', 100.0, '$49', 50.0, '$13', 100.0, '$52', 50.0, '$45', 100.0, '$4', 50.0, '$46', 100.0, '$12', 50.0, '$19', 100.0, '$8', 50.0, '$121', 100.0, '$14', 50.0, '$10', 100.0, '$6', 50.0, '$32', 100.0]
['$30', 100.0, '$18', 50.0, '$53', 100.0, '$10', 50.0, '$20', 100.0, '$24', 50.0, '$42', 100.0, '$7', 50.0, '$5', 100.0, '$36', 50.0, '$11', 100.0, '$54', 50.0, '$45', 100.0, '$7', 50.0, '$43', 100.0, '$12', 50.0, '$18', 100.0, '$9', 50.0, '$121', 100.0, '$13', 50.0, '$12', 100.0, '$6', 50.0, '$31', 100.0]
['$30', 100.0, '$19', 50.0, '$50', 100.0, '$15', 50.0, '$15', 100.0, '$25', 50.0, '$43', 100.0, '$6', 50.0, '$8', 100.0, '$34', 50.0, '$10', 100.0, '$36', 50.0, '$8', 100.0, '$12', 50.0, '$43', 100.0, '$9', 50.0, '$42', 100.0, '$12', 50.0, '$17', 100.0, '$10', 50.0, '$121', 100.0, '$13', 50.0, '$13', 100.0, '$4', 50.0, '$32', 100.0]
['$29', 100.0, '$22', 50.0, '$47', 100.0, '$18', 50.0, '$10', 100.0, '$27', 50.0, '$44', 100.0, '$5', 50.0, '$10', 100.0, '$34', 50.0, '$8', 100.0, '$37', 50.0, '$9', 100.0, '$12', 50.0, '$41', 100.0, '$12', 50.0, '$41', 100.0, '$11', 50.0, '$17', 100.0, '$10', 50.0, '$121', 100.0, '$13', 50.0, '$13', 100.0, '$4', 50.0, '$32', 100.0]
['$29', 100.0, '$23', 50.0, '$45', 100.0, '$19', 50.0, '$8', 100.0, '$28', 50.0, '$45', 100.0, '$5', 50.0, '$11', 100.0, '$33', 50.0, '$6', 100.0, '$38', 50.0, '$11', 100.0, '$13', 50.0, '$39', 100.0, '$13', 50.0, '$41', 100.0, '$10', 50.0, '$17', 100.0, '$11', 50.0, '$119', 100.0, '$14', 50.0, '$14', 100.0, '$2', 50.0, '$33', 100.0]
['$29', 100.0, '$25', 50.0, '$25', 100.0, '$2', 50.0, '$16', 100.0, '$19', 50.0, '$7', 100.0, '$28', 50.0, '$45', 100.0, '$8', 50.0, '$9', 100.0, '$35', 50.0, '$2', 100.0, '$39', 50.0, '$13', 100.0, '$13', 50.0, '$37', 100.0, '$15', 50.0, '$40', 100.0, '$9', 50.0, '$17', 100.0, '$12', 50.0, '$62', 100.0, '$2', 50.0, '$54', 100.0, '$16', 50.0, '$48', 100.0]
['$29', 100.0, '$27', 50.0, '$21', 100.0, '$8', 50.0, '$12', 100.0, '$19', 50.0, '$6', 100.0, '$28', 50.0, '$46', 100.0, '$8', 50.0, '$9', 100.0, '$76', 50.0, '$13', 100.0, '$13', 50.0, '$38', 100.0, '$14', 50.0, '$42', 100.0, '$7', 50.0, '$17', 100.0, '$12', 50.0, '$62', 100.0, '$2', 50.0, '$54', 100.0, '$17', 50.0, '$47', 100.0]
['$29', 100.0, '$30', 50.0, '$16', 100.0, '$13', 50.0, '$9', 100.0, '$20', 50.0, '$5', 100.0, '$28', 50.0, '$46', 100.0, '$11', 50.0, '$5', 100.0, '$78', 50.0, '$14', 100.0, '$6', 50.0, '$43', 100.0, '$14', 50.0, '$44', 100.0, '$4', 50.0, '$18', 100.0, '$13', 50.0, '$61', 100.0, '$2', 50.0, '$53', 100.0, '$19', 50.0, '$46', 100.0]
['$6', 100.0, '$2', 50.0, '$21', 100.0, '$31', 50.0, '$12', 100.0, '$19', 50.0, '$6', 100.0, '$21', 50.0, '$3', 100.0, '$28', 50.0, '$39', 100.0, 50.0, '$7', 100.0, '$24', 50.0, '$4', 100.0, '$67', 50.0, '$63', 100.0, '$12', 50.0, '$67', 100.0, '$13', 50.0, '$61', 100.0, '$2', 50.0, '$53', 100.0, '$19', 50.0, '$46', 100.0]
['$10', 50.0, '$20', 100.0, '$60', 50.0, '$7', 100.0, '$52', 50.0, '$38', 100.0, '$4', 50.0, '$5', 100.0, '$17', 50.0, '$12', 100.0, '$72', 50.0, '$58', 100.0, '$12', 50.0, '$66', 100.0, '$13', 50.0, '$61', 100.0, 50.0, '$53', 100.0, '$23', 50.0, 100.0, '$2', 50.0, '$40', 100.0]
['$11', 50.0, '$19', 100.0, '$62', 50.0, '$5', 100.0, '$53', 50.0, '$36', 100.0, '$6', 50.0, '$2', 100.0, '$20', 50.0, '$11', 100.0, '$26', 50.0, 100.0, '$46', 50.0, '$57', 100.0, '$12', 50.0, '$66', 100.0, '$14', 50.0, '$60', 100.0, 50.0, '$52', 100.0, '$28', 50.0, '$39', 100.0]
['$12', 50.0, '$19', 100.0, '$61', 50.0, '$6', 100.0, '$53', 50.0, '$33', 100.0, '$30', 50.0, '$11', 100.0, '$26', 50.0, 100.0, '$47', 50.0, '$57', 100.0, '$11', 50.0, '$67', 100.0, '$14', 50.0, '$111', 100.0, '$30', 50.0, '$38', 100.0]
['$13', 50.0, '$20', 100.0, '$59', 50.0, '$8', 100.0, '$58', 50.0, '$25', 100.0, '$32', 50.0, '$11', 100.0, '$24', 50.0, '$4', 100.0, '$45', 50.0, '$58', 100.0, '$9', 50.0, '$68', 100.0, '$15', 50.0, '$88', 100.0, '$4', 50.0, '$18', 100.0, '$31', 50.0, '$37', 100.0]
['$14', 50.0, '$19', 100.0, '$60', 50.0, '$8', 100.0, '$58', 50.0, '$24', 100.0, '$32', 50.0, '$10', 100.0, '$25', 50.0, '$5', 100.0, '$45', 50.0, '$58', 100.0, '$6', 50.0, '$71', 100.0, '$14', 50.0, '$87', 100.0, '$6', 50.0, '$16', 100.0, '$32', 50.0, '$37', 100.0]
['$15', 50.0, '$19', 100.0, '$60', 50.0, '$9', 100.0, '$57', 50.0, '$22', 100.0, '$34', 50.0, '$9', 100.0, '$24', 50.0, '$7', 100.0, '$44', 50.0, '$81', 100.0, '$2', 50.0, '$29', 100.0, '$3', 50.0, '$21', 100.0, '$14', 50.0, '$48', 100.0, '$3', 50.0, '$35', 100.0, '$7', 50.0, '$15', 100.0, '$33', 50.0, '$36', 100.0]
['$16', 50.0, '$19', 100.0, '$60', 50.0, '$9', 100.0, '$56', 50.0, '$22', 100.0, '$35', 50.0, '$7', 100.0, '$25', 50.0, '$7', 100.0, '$44', 50.0, '$80', 100.0, '$4', 50.0, '$27', 100.0, '$6', 50.0, '$19', 100.0, '$16', 50.0, '$45', 100.0, '$5', 50.0, '$33', 100.0, '$8', 50.0, '$13', 100.0, '$36', 50.0, '$35', 100.0]
['$16', 50.0, '$20', 100.0, '$59', 50.0, '$9', 100.0, '$56', 50.0, '$21', 100.0, '$37', 50.0, '$6', 100.0, '$25', 50.0, '$8', 100.0, '$43', 50.0, '$80', 100.0, '$5', 50.0, '$25', 100.0, '$8', 50.0, '$18', 100.0, '$19', 50.0, '$42', 100.0, '$6', 50.0, '$32', 100.0, '$9', 50.0, '$12', 100.0, '$36', 50.0, '$35', 100.0]
['$18', 50.0, '$23', 100.0, '$56', 50.0, '$7', 100.0, '$34', 50.0, '$2', 100.0, '$20', 50.0, '$21', 100.0, '$68', 50.0, '$8', 100.0, '$42', 50.0, '$110', 100.0, '$11', 50.0, '$17', 100.0, '$23', 50.0, '$37', 100.0, '$8', 50.0, '$30', 100.0, '$10', 50.0, '$9', 100.0, '$41', 50.0, '$32', 100.0]
['$19', 50.0, '$25', 100.0, '$53', 50.0, '$7', 100.0, '$34', 50.0, '$2', 100.0, '$20', 50.0, '$20', 100.0, '$69', 50.0, '$8', 100.0, '$42', 50.0, '$110', 100.0, '$11', 50.0, '$17', 100.0, '$24', 50.0, '$36', 100.0, '$8', 50.0, '$30', 100.0, '$10', 50.0, '$9', 100.0, '$42', 50.0, '$31', 100.0]
['$18', 50.0, '$28', 100.0, '$52', 50.0, '$6', 100.0, '$34', 50.0, '$6', 100.0, '$15', 50.0, '$20', 100.0, '$71', 50.0, '$7', 100.0, '$40', 50.0, '$111', 100.0, '$13', 50.0, '$16', 100.0, '$26', 50.0, '$33', 100.0, '$9', 50.0, '$29', 100.0, '$12', 50.0, '$8', 100.0, '$43', 50.0, '$30', 100.0]
['$2', 100.0, '$16', 50.0, '$30', 100.0, '$50', 50.0, '$5', 100.0, '$35', 50.0, '$10', 100.0, '$10', 50.0, '$20', 100.0, '$72', 50.0, '$7', 100.0, '$39', 50.0, '$111', 100.0, '$14', 50.0, '$16', 100.0, '$27', 50.0, '$32', 100.0, '$9', 50.0, '$29', 100.0, '$14', 50.0, '$5', 100.0, '$45', 50.0, '$29', 100.0]
['$3', 100.0, '$15', 50.0, '$31', 100.0, '$89', 50.0, '$13', 100.0, '$5', 50.0, '$22', 100.0, '$72', 50.0, '$7', 100.0, '$40', 50.0, '$110', 100.0, '$14', 50.0, '$16', 100.0, '$28', 50.0, '$31', 100.0, '$10', 50.0, '$28', 100.0, '$15', 50.0, '$4', 100.0, '$46', 50.0, '$28', 100.0]
['$4', 100.0, '$14', 50.0, '$34', 100.0, '$86', 50.0, '$39', 100.0, '$74', 50.0, '$6', 100.0, '$41', 50.0, '$109', 100.0, '$14', 50.0, '$17', 100.0, '$27', 50.0, '$30', 100.0, '$11', 50.0, '$28', 100.0, '$15', 50.0, '$4', 100.0, '$46', 50.0, '$28', 100.0]
['$6', 100.0, '$12', 50.0, '$41', 100.0, '$79', 50.0, '$38', 100.0, '$75', 50.0, '$7', 100.0, '$41', 50.0, '$108', 100.0, '$14', 50.0, '$17', 100.0, '$27', 50.0, '$30', 100.0, '$11', 50.0, '$29', 100.0, '$14', 50.0, '$5', 100.0, '$45', 50.0, '$28', 100.0]
['$7', 100.0, '$10', 50.0, '$43', 100.0, '$78', 50.0, '$37', 100.0, '$76', 50.0, '$7', 100.0, '$42', 50.0, '$50', 100.0, '$3', 150.0, '$54', 100.0, '$14', 50.0, '$17', 100.0, '$27', 50.0, '$30', 100.0, '$11', 50.0, '$29', 100.0, '$14', 50.0, '$5', 100.0, '$44', 50.0, '$29', 100.0]
['$8', 100.0, '$9', 50.0, '$45', 100.0, '$77', 50.0, '$23', 100.0, '$2', 50.0, '$11', 100.0, '$77', 50.0, '$4', 100.0, '$12', 50.0, 100.0, '$32', 50.0, '$49', 100.0, '$5', 150.0, '$52', 100.0, '$14', 50.0, '$18', 100.0, '$26', 50.0, '$30', 100.0, '$11', 50.0, '$29', 100.0, '$14', 50.0, '$5', 100.0, '$44', 50.0, '$29', 100.0]
['$10', 100.0, '$5', 50.0, '$47', 100.0, '$78', 50.0, '$21', 100.0, '$5', 50.0, '$9', 100.0, '$77', 50.0, '$18', 100.0, '$29', 50.0, '$52', 100.0, '$3', 150.0, '$53', 100.0, '$14', 50.0, '$19', 100.0, '$24', 50.0, '$31', 100.0, '$11', 50.0, '$30', 100.0, '$13', 50.0, '$5', 100.0, '$43', 50.0, '$30', 100.0]
['$63', 100.0, '$78', 50.0, '$18', 100.0, '$10', 50.0, '$6', 100.0, '$77', 50.0, '$19', 100.0, '$28', 50.0, '$108', 100.0, '$14', 50.0, '$32', 100.0, '$9', 50.0, '$32', 100.0, '$12', 50.0, '$30', 100.0, '$12', 50.0, '$6', 100.0, '$39', 50.0, 100.0, '$2', 50.0, '$31', 100.0]
['$63', 100.0, '$107', 50.0, '$4', 100.0, '$78', 50.0, '$20', 100.0, '$25', 50.0, '$110', 100.0, '$14', 50.0, '$72', 100.0, '$13', 50.0, '$6', 100.0, '$2', 50.0, '$23', 100.0, '$11', 50.0, '$6', 100.0, '$35', 50.0, '$38', 100.0]
['$37', 100.0, '$4', 50.0, '$23', 100.0, '$107', 50.0, 100.0, '$79', 50.0, '$21', 100.0, '$14', 50.0, '$5', 100.0, '$3', 50.0, '$113', 100.0, '$14', 50.0, '$72', 100.0, '$13', 50.0, '$5', 100.0, '$3', 50.0, '$24', 100.0, '$10', 50.0, '$6', 100.0, '$34', 50.0, '$39', 100.0]
['$36', 100.0, '$16', 50.0, '$12', 100.0, '$187', 50.0, '$21', 100.0, '$14', 50.0, '$29', 100.0, 50.0, '$91', 100.0, '$13', 50.0, '$73', 100.0, '$13', 50.0, '$5', 100.0, '$4', 50.0, '$25', 100.0, '$7', 50.0, '$7', 100.0, '$33', 50.0, '$40', 100.0]
['$34', 100.0, '$20', 50.0, '$10', 100.0, '$188', 50.0, '$20', 100.0, '$14', 50.0, '$26', 100.0, '$3', 50.0, '$92', 100.0, '$12', 50.0, '$74', 100.0, '$14', 50.0, '$4', 100.0, '$4', 50.0, '$26', 100.0, 50.0, '$12', 100.0, '$33', 50.0, '$40', 100.0]
['$23', 100.0, '$4', 50.0, '$6', 100.0, '$21', 50.0, '$11', 100.0, '$187', 50.0, '$20', 100.0, '$14', 50.0, '$26', 100.0, '$3', 50.0, '$92', 100.0, '$11', 50.0, '$75', 100.0, '$22', 50.0, '$39', 100.0, '$32', 50.0, '$41', 100.0]
['$21', 100.0, '$35', 50.0, '$9', 100.0, '$77', 50.0, '$4', 100.0, '$107', 50.0, '$15', 100.0, '$20', 50.0, '$23', 100.0, '$4', 50.0, '$91', 100.0, '$11', 50.0, '$65', 100.0, '$2', 50.0, '$11', 100.0, '$19', 50.0, '$39', 100.0, '$33', 50.0, '$8', 100.0, '$3', 50.0, '$30', 100.0]
['$21', 100.0, '$35', 50.0, '$9', 100.0, '$29', 50.0, '$3', 100.0, '$45', 50.0, '$5', 100.0, '$107', 50.0, '$11', 100.0, '$24', 50.0, '$22', 100.0, '$3', 50.0, '$92', 100.0, '$11', 50.0, '$64', 100.0, '$4', 50.0, '$10', 100.0, '$19', 50.0, '$38', 100.0, '$34', 50.0, '$7', 100.0, '$5', 50.0, '$29', 100.0]
['$18', 100.0, '$39', 50.0, '$8', 100.0, '$27', 50.0, '$7', 100.0, '$43', 50.0, '$6', 100.0, '$107', 50.0, '$7', 100.0, '$29', 50.0, '$115', 100.0, '$10', 50.0, '$47', 100.0, 50.0, '$14', 100.0, '$8', 50.0, '$10', 100.0, '$18', 50.0, '$37', 100.0, '$34', 50.0, '$8', 100.0, '$5', 50.0, '$29', 100.0]
['$16', 100.0, '$41', 50.0, '$8', 100.0, '$27', 50.0, '$8', 100.0, '$41', 50.0, '$8', 100.0, '$107', 50.0, '$4', 100.0, '$17', 50.0, '$8', 100.0, '$6', 50.0, '$114', 100.0, '$11', 50.0, '$46', 100.0, '$3', 50.0, '$12', 100.0, '$9', 50.0, '$10', 100.0, '$17', 50.0, '$37', 100.0, '$35', 50.0, '$7', 100.0, '$5', 50.0, '$30', 100.0]
['$15', 100.0, '$41', 50.0, '$10', 100.0, '$25', 50.0, '$8', 100.0, '$42', 50.0, '$9', 100.0, '$107', 50.0, '$3', 100.0, '$16', 50.0, '$10', 100.0, '$8', 50.0, '$111', 100.0, '$11', 50.0, '$46', 100.0, '$3', 50.0, '$11', 100.0, '$9', 50.0, '$11', 100.0, '$16', 50.0, '$37', 100.0, '$36', 50.0, '$4', 100.0, '$6', 50.0, '$32', 100.0]
['$14', 100.0, '$40', 50.0, '$13', 100.0, '$23', 50.0, '$9', 100.0, '$42', 50.0, '$10', 100.0, '$125', 50.0, '$10', 100.0, '$10', 50.0, '$109', 100.0, '$10', 50.0, '$46', 100.0, '$4', 50.0, '$10', 100.0, '$9', 50.0, '$12', 100.0, '$15', 50.0, '$37', 100.0, '$37', 50.0, '$3', 100.0, '$5', 50.0, '$34', 100.0]
['$13', 100.0, '$35', 50.0, '$20', 100.0, '$21', 50.0, '$10', 100.0, '$42', 50.0, '$11', 100.0, '$124', 50.0, '$10', 100.0, '$13', 50.0, '$106', 100.0, '$10', 50.0, '$46', 100.0, '$4', 50.0, '$8', 100.0, '$11', 50.0, '$11', 100.0, '$15', 50.0, '$37', 100.0, '$38', 50.0, '$2', 100.0, '$6', 50.0, '$34', 100.0]
['$14', 100.0, '$20', 50.0, '$2', 100.0, '$9', 50.0, '$23', 100.0, '$21', 50.0, '$10', 100.0, '$42', 50.0, '$12', 100.0, '$123', 50.0, '$11', 100.0, '$12', 50.0, '$106', 100.0, '$10', 50.0, '$45', 100.0, '$5', 50.0, '$6', 100.0, '$13', 50.0, '$11', 100.0, '$14', 50.0, '$38', 100.0, '$38', 50.0, 100.0, '$7', 50.0, '$34', 100.0]
['$14', 100.0, '$19', 50.0, '$3', 100.0, '$8', 50.0, '$29', 100.0, '$3', 50.0, '$2', 100.0, '$11', 50.0, '$9', 100.0, '$44', 50.0, '$12', 100.0, '$122', 50.0, '$12', 100.0, '$10', 50.0, '$107', 100.0, '$11', 50.0, '$44', 100.0, '$6', 50.0, '$5', 100.0, '$13', 50.0, '$10', 100.0, '$14', 50.0, '$38', 100.0, '$39', 50.0, 100.0, '$7', 50.0, '$34', 100.0]
['$11', 100.0, '$22', 50.0, '$3', 100.0, '$6', 50.0, '$37', 100.0, '$10', 50.0, '$9', 100.0, '$44', 50.0, '$11', 100.0, '$123', 50.0, '$13', 100.0, '$8', 50.0, '$108', 100.0, '$11', 50.0, '$44', 100.0, '$6', 50.0, '$5', 100.0, '$14', 50.0, '$8', 100.0, '$15', 50.0, '$38', 100.0, '$39', 50.0, 100.0, '$9', 50.0, '$13', 100.0, '$8', 50.0, '$11', 100.0]
['$4', 100.0, '$29', 50.0, '$3', 100.0, '$4', 50.0, '$40', 100.0, '$9', 50.0, '$8', 100.0, '$47', 50.0, '$9', 100.0, '$124', 50.0, '$129', 100.0, '$11', 50.0, '$43', 100.0, '$7', 50.0, '$3', 100.0, '$16', 50.0, '$6', 100.0, '$16', 50.0, '$38', 100.0, '$39', 50.0, 100.0, '$11', 50.0, '$9', 100.0, '$13', 50.0, '$8', 100.0]
['$2', 100.0, '$31', 50.0, '$48', 100.0, '$8', 50.0, '$7', 100.0, '$52', 50.0, '$4', 100.0, '$127', 50.0, '$127', 100.0, '$11', 50.0, '$42', 100.0, '$8', 50.0, '$2', 100.0, '$18', 50.0, '$4', 100.0, '$17', 50.0, '$38', 100.0, '$39', 50.0, 100.0, '$35', 50.0, '$6', 100.0]
['$34', 50.0, '$47', 100.0, '$9', 50.0, '$6', 100.0, '$185', 50.0, '$98', 100.0, '$4', 50.0, '$24', 100.0, '$11', 50.0, '$41', 100.0, '$49', 50.0, '$39', 100.0, '$16', 50.0, '$6', 100.0, '$15', 50.0, '$3', 100.0, '$35', 50.0, '$5', 100.0]
['$37', 50.0, '$45', 100.0, '$9', 50.0, '$3', 100.0, '$189', 50.0, '$68', 100.0, '$4', 50.0, '$22', 100.0, '$7', 50.0, '$23', 100.0, '$11', 50.0, '$40', 100.0, '$51', 50.0, '$39', 100.0, '$12', 50.0, '$15', 100.0, '$5', 50.0, '$9', 100.0, '$33', 50.0, '$5', 100.0]
['$38', 50.0, '$44', 100.0, '$203', 50.0, '$66', 100.0, '$4', 50.0, '$23', 100.0, '$5', 50.0, '$24', 100.0, '$11', 50.0, '$41', 100.0, '$50', 50.0, '$41', 100.0, '$7', 50.0, '$34', 100.0, '$31', 50.0, '$5', 100.0]
['$38', 50.0, '$44', 100.0, '$189', 50.0, '$3', 100.0, '$12', 50.0, '$64', 100.0, '$5', 50.0, '$25', 100.0, '$3', 50.0, '$25', 100.0, '$11', 50.0, '$40', 100.0, '$52', 50.0, '$41', 100.0, '$3', 50.0, '$37', 100.0, '$30', 50.0, '$5', 100.0]
['$38', 50.0, '$45', 100.0, '$30', 50.0, '$4', 100.0, '$39', 50.0, '$7', 100.0, '$66', 50.0, '$4', 100.0, '$37', 50.0, '$6', 100.0, '$14', 50.0, '$23', 100.0, '$2', 50.0, '$35', 100.0, '$5', 50.0, '$53', 100.0, '$11', 50.0, '$40', 100.0, '$51', 50.0, '$83', 100.0, '$29', 50.0, '$5', 100.0]
['$37', 50.0, '$47', 100.0, '$29', 50.0, '$5', 100.0, '$38', 50.0, '$10', 100.0, '$64', 50.0, 100.0, '$39', 50.0, '$6', 100.0, '$15', 50.0, '$22', 100.0, '$2', 50.0, '$35', 100.0, '$5', 50.0, '$53', 100.0, '$10', 50.0, '$41', 100.0, '$50', 50.0, '$85', 100.0, '$14', 50.0, '$3', 100.0, '$11', 50.0, '$5', 100.0]
['$37', 50.0, '$50', 100.0, '$26', 50.0, '$6', 100.0, '$37', 50.0, '$11', 100.0, '$102', 50.0, '$8', 100.0, '$16', 50.0, '$19', 100.0, '$5', 50.0, '$34', 100.0, '$4', 50.0, '$54', 100.0, '$9', 50.0, '$42', 100.0, '$11', 50.0, '$4', 100.0, '$34', 50.0, '$85', 100.0, '$14', 50.0, '$5', 100.0, '$8', 50.0, '$6', 100.0]
['$37', 50.0, '$52', 100.0, '$24', 50.0, '$8', 100.0, '$35', 50.0, '$12', 100.0, '$56', 50.0, '$3', 100.0, '$9', 50.0, 100.0, '$32', 50.0, '$9', 100.0, '$16', 50.0, '$19', 100.0, '$5', 50.0, '$34', 100.0, '$3', 50.0, '$55', 100.0, '$6', 50.0, '$45', 100.0, '$10', 50.0, '$6', 100.0, '$15', 50.0, '$103', 100.0, '$13', 50.0, '$19', 100.0]
['$37', 50.0, '$55', 100.0, '$23', 50.0, '$6', 100.0, '$35', 50.0, '$12', 100.0, '$55', 50.0, '$4', 100.0, '$9', 50.0, '$2', 100.0, '$32', 50.0, '$8', 100.0, '$18', 50.0, '$17', 100.0, '$6', 50.0, '$93', 100.0, 50.0, '$48', 100.0, '$10', 50.0, '$8', 100.0, '$12', 50.0, '$105', 100.0, '$12', 50.0, '$19', 100.0]
['$34', 50.0, '$18', 100.0, '$8', 150.0, '$34', 100.0, '$22', 50.0, '$5', 100.0, '$38', 50.0, '$8', 100.0, '$56', 50.0, '$3', 100.0, '$10', 50.0, '$3', 100.0, '$31', 50.0, '$8', 100.0, '$21', 50.0, '$13', 100.0, '$7', 50.0, '$38', 100.0, '$3', 50.0, '$102', 100.0, '$8', 50.0, '$9', 100.0, '$11', 50.0, '$107', 100.0, '$11', 50.0, '$16', 100.0, '$3', 50.0]
['$33', 50.0, '$19', 100.0, '$8', 150.0, '$35', 100.0, '$23', 50.0, '$2', 100.0, '$42', 50.0, '$3', 100.0, '$73', 50.0, 100.0, '$32', 50.0, '$7', 100.0, '$24', 50.0, '$4', 100.0, '$15', 50.0, '$10', 100.0, '$5', 50.0, '$19', 100.0, '$8', 50.0, '$99', 100.0, '$8', 50.0, '$12', 100.0, '$7', 50.0, '$109', 100.0, '$10', 50.0, '$16', 100.0, '$3', 50.0]
['$32', 50.0, '$20', 100.0, '$6', 150.0, '$38', 100.0, '$175', 50.0, '$4', 100.0, '$47', 50.0, '$6', 100.0, '$10', 50.0, '$17', 100.0, '$10', 50.0, '$97', 100.0, '$7', 50.0, '$14', 100.0, '$5', 50.0, '$111', 100.0, '$9', 50.0, '$16', 100.0, '$3', 50.0]
['$31', 50.0, '$65', 100.0, '$245', 50.0, '$14', 100.0, '$12', 50.0, '$95', 100.0, '$9', 50.0, '$127', 100.0, '$10', 50.0, '$15', 100.0, '$4', 50.0]
['$29', 50.0, '$67', 100.0, '$248', 50.0, '$10', 100.0, '$14', 50.0, '$10', 100.0, 50.0, '$83', 100.0, '$9', 50.0, '$127', 100.0, '$10', 50.0, '$15', 100.0, '$4', 50.0]
['$29', 50.0, '$67', 100.0, '$274', 50.0, '$8', 100.0, '$4', 50.0, '$79', 100.0, '$11', 50.0, '$126', 100.0, '$9', 50.0, '$19', 100.0, 50.0]
['$28', 50.0, '$68', 100.0, '$288', 50.0, '$2', 100.0, 50.0, '$36', 100.0, 50.0, '$37', 100.0, '$12', 50.0, '$17', 100.0, '$9', 50.0, '$99', 100.0, '$8', 50.0, '$21', 100.0]
['$27', 50.0, '$68', 100.0, '$289', 50.0, '$2', 100.0, 50.0, '$34', 100.0, '$4', 50.0, '$35', 100.0, '$14', 50.0, '$16', 100.0, '$11', 50.0, '$97', 100.0, '$6', 50.0, '$23', 100.0]
['$27', 50.0, '$66', 100.0, '$276', 50.0, '$9', 100.0, '$4', 50.0, '$38', 100.0, '$6', 50.0, '$32', 100.0, '$18', 50.0, '$13', 100.0, '$14', 50.0, '$95', 100.0, '$2', 50.0, '$27', 100.0]
['$26', 50.0, '$50', 100.0, '$292', 50.0, '$10', 100.0, 50.0, '$38', 100.0, '$10', 50.0, '$30', 100.0, '$20', 50.0, '$12', 100.0, '$17', 50.0, '$121', 100.0]
['$24', 50.0, '$52', 100.0, '$291', 50.0, '$46', 100.0, '$15', 50.0, '$28', 100.0, '$22', 50.0, '$11', 100.0, '$17', 50.0, '$6', 100.0, 50.0, '$114', 100.0]
['$24', 50.0, '$28', 100.0, '$9', 50.0, '$15', 100.0, '$292', 50.0, '$43', 100.0, '$21', 50.0, '$23', 100.0, '$24', 50.0, '$10', 100.0, '$27', 50.0, '$111', 100.0]
['$25', 50.0, '$26', 100.0, '$10', 50.0, '$13', 100.0, '$302', 50.0, '$34', 100.0, '$22', 50.0, '$23', 100.0, '$24', 50.0, '$10', 100.0, '$28', 50.0, '$110', 100.0]
['$26', 50.0, '$24', 100.0, '$12', 50.0, '$11', 100.0, '$306', 50.0, '$29', 100.0, '$24', 50.0, '$23', 100.0, '$24', 50.0, '$11', 100.0, '$29', 50.0, '$108', 100.0]
['$28', 50.0, '$22', 100.0, '$10', 50.0, '$12', 100.0, '$308', 50.0, '$27', 100.0, '$25', 50.0, '$22', 100.0, '$26', 50.0, '$10', 100.0, '$29', 50.0, '$108', 100.0]
['$30', 50.0, '$25', 100.0, '$2', 50.0, '$13', 100.0, '$311', 50.0, '$25', 100.0, '$13', 50.0, '$2', 100.0, '$10', 50.0, '$23', 100.0, '$27', 50.0, '$10', 100.0, '$30', 50.0, '$106', 100.0]
['$32', 50.0, '$35', 100.0, '$316', 50.0, '$22', 100.0, '$14', 50.0, '$2', 100.0, '$10', 50.0, '$22', 100.0, '$28', 50.0, '$11', 100.0, '$11', 50.0, '$2', 100.0, 50.0, '$2', 100.0, '$14', 50.0, '$105', 100.0]
['$11', 50.0, '$9', 100.0, '$13', 50.0, '$4', 100.0, '$2', 50.0, '$15', 100.0, '$4', 50.0, '$2', 100.0, '$325', 50.0, '$20', 100.0, '$27', 50.0, '$20', 100.0, '$30', 50.0, '$11', 100.0, '$8', 50.0, '$7', 100.0, '$20', 50.0, '$99', 100.0]
['$10', 50.0, '$10', 100.0, '$14', 50.0, 100.0, '$6', 50.0, '$11', 100.0, '$334', 50.0, '$18', 100.0, '$29', 50.0, '$19', 100.0, '$31', 50.0, '$12', 100.0, '$5', 50.0, '$8', 100.0, '$21', 50.0, '$98', 100.0]
['$9', 50.0, '$12', 100.0, '$12', 50.0, '$18', 100.0, '$336', 50.0, '$11', 100.0, '$39', 50.0, '$14', 100.0, '$33', 50.0, '$12', 100.0, '$5', 50.0, '$7', 100.0, '$23', 50.0, '$86', 100.0, '$3', 50.0, '$7', 100.0]
['$8', 50.0, '$13', 100.0, '$12', 50.0, '$17', 100.0, '$338', 50.0, '$9', 100.0, '$41', 50.0, '$12', 100.0, '$35', 50.0, '$10', 100.0, '$6', 50.0, '$7', 100.0, '$24', 50.0, '$84', 100.0, '$5', 50.0, '$6', 100.0]
['$3', 100.0, '$5', 50.0, '$14', 100.0, '$10', 50.0, '$18', 100.0, '$339', 50.0, '$5', 100.0, '$45', 50.0, '$9', 100.0, '$38', 50.0, '$7', 100.0, '$8', 50.0, '$7', 100.0, '$25', 50.0, '$81', 100.0, '$7', 50.0, '$6', 100.0]
['$5', 100.0, '$3', 50.0, '$14', 100.0, '$10', 50.0, '$7', 100.0, '$2', 50.0, '$10', 100.0, '$340', 50.0, '$2', 100.0, '$47', 50.0, '$7', 100.0, '$40', 50.0, '$3', 100.0, '$12', 50.0, '$6', 100.0, '$26', 50.0, '$80', 100.0, '$8', 50.0, '$5', 100.0]
['$7', 100.0, 50.0, '$13', 100.0, '$11', 50.0, '$5', 100.0, '$6', 50.0, '$10', 100.0, '$389', 50.0, '$3', 100.0, '$61', 50.0, '$2', 100.0, '$26', 50.0, '$79', 100.0, '$10', 50.0, '$4', 100.0]
['$21', 100.0, '$12', 50.0, 100.0, '$10', 50.0, '$10', 100.0, '$481', 50.0, '$78', 100.0, '$10', 50.0, '$4', 100.0]
['$21', 100.0, '$24', 50.0, '$10', 100.0, '$481', 50.0, '$62', 100.0, '$7', 50.0, '$7', 100.0, '$12', 50.0, '$3', 100.0]
['$21', 100.0, '$24', 50.0, '$11', 100.0, '$480', 50.0, '$60', 100.0, '$11', 50.0, '$3', 100.0, '$14', 50.0, '$3', 100.0]
['$22', 100.0, '$23', 50.0, '$10', 100.0, '$482', 50.0, '$53', 100.0, '$3', 50.0, '$2', 100.0, '$32', 50.0]
['$22', 100.0, '$23', 50.0, '$11', 100.0, '$38', 50.0, 100.0, '$442', 50.0, '$52', 100.0, '$5', 50.0, 100.0, '$32', 50.0]
['$3', 50.0, '$19', 100.0, '$23', 50.0, '$11', 100.0, '$33', 50.0, '$7', 100.0, '$442', 50.0, '$50', 100.0, '$39', 50.0]
['$3', 50.0, '$19', 100.0, '$24', 50.0, '$10', 100.0, '$31', 50.0, '$8', 100.0, '$444', 50.0, '$46', 100.0, '$42', 50.0]
['$4', 50.0, '$19', 100.0, '$23', 50.0, '$9', 100.0, '$31', 50.0, '$9', 100.0, '$444', 50.0, '$44', 100.0, '$44', 50.0]
['$5', 50.0, '$18', 100.0, '$61', 50.0, '$9', 100.0, '$448', 50.0, '$41', 100.0, '$45', 50.0]
['$5', 50.0, '$18', 100.0, '$55', 50.0, '$14', 100.0, '$435', 50.0, '$2', 100.0, '$13', 50.0, '$39', 100.0, '$30', 50.0, '$7', 100.0, '$9', 50.0]
['$6', 50.0, '$17', 100.0, '$53', 50.0, '$16', 100.0, '$435', 50.0, '$3', 100.0, '$12', 50.0, '$12', 100.0, '$3', 50.0, '$24', 100.0, '$29', 50.0, '$9', 100.0, '$8', 50.0]
['$6', 50.0, '$17', 100.0, '$12', 50.0, '$2', 100.0, '$25', 50.0, '$6', 100.0, '$6', 50.0, '$15', 100.0, '$438', 50.0, '$5', 100.0, '$12', 50.0, '$9', 100.0, '$6', 50.0, '$22', 100.0, '$28', 50.0, '$13', 100.0, '$5', 50.0]
['$7', 50.0, '$16', 100.0, '$11', 50.0, '$7', 100.0, '$20', 50.0, '$8', 100.0, '$5', 50.0, '$15', 100.0, '$438', 50.0, '$5', 100.0, '$12', 50.0, '$9', 100.0, '$7', 50.0, '$21', 100.0, '$28', 50.0, '$13', 100.0, '$5', 50.0]
['$8', 50.0, '$14', 100.0, '$12', 50.0, '$8', 100.0, '$18', 50.0, '$9', 100.0, '$7', 50.0, '$11', 100.0, '$443', 50.0, 100.0, '$13', 50.0, '$9', 100.0, '$8', 50.0, '$19', 100.0, '$30', 50.0, '$12', 100.0, '$5', 50.0]
['$9', 50.0, '$12', 100.0, '$13', 50.0, '$8', 100.0, '$18', 50.0, '$9', 100.0, '$7', 50.0, '$6', 100.0, '$463', 50.0, '$8', 100.0, '$8', 50.0, '$19', 100.0, '$31', 50.0, '$10', 100.0, '$6', 50.0]
['$33', 50.0, '$9', 100.0, '$18', 50.0, '$8', 100.0, '$478', 50.0, '$7', 100.0, '$9', 50.0, '$18', 100.0, '$33', 50.0, '$7', 100.0, '$7', 50.0]
['$33', 50.0, '$9', 100.0, '$19', 50.0, '$4', 100.0, '$483', 50.0, '$5', 100.0, '$10', 50.0, '$16', 100.0, '$36', 50.0, '$4', 100.0, '$8', 50.0]
['$34', 50.0, '$8', 100.0, '$507', 50.0, '$4', 100.0, '$10', 50.0, '$16', 100.0, '$48', 50.0]
['$34', 50.0, '$8', 100.0, '$507', 50.0, '$4', 100.0, '$11', 50.0, '$15', 100.0, '$48', 50.0]
['$35', 50.0, '$7', 100.0, '$523', 50.0, '$11', 100.0, '$51', 50.0]
['$38', 50.0, '$2', 100.0, '$525', 50.0, '$11', 100.0, '$51', 50.0]
['$46', 50.0, '$5', 100.0, 50.0, '$5', 100.0, '$509', 50.0, '$10', 100.0, '$51', 50.0]
['$44', 50.0, '$14', 100.0, '$508', 50.0, '$9', 100.0, '$52', 50.0]
['$44', 50.0, '$14', 100.0, '$41', 50.0, 0.0, '$334', 50.0, 100.0, '$133', 50.0, '$3', 100.0, '$48', 50.0, '$4', 100.0, '$4', 50.0]
['$45', 50.0, '$12', 100.0, '$214', 50.0, '$2', 100.0, '$160', 50.0, '$2', 100.0, '$184', 50.0, '$8', 100.0]
['$47', 50.0, '$10', 100.0, '$214', 50.0, '$2', 100.0, '$84', 50.0, '$2', 100.0, '$74', 50.0, '$2', 100.0, '$183', 50.0, '$9', 100.0]
['$47', 50.0, '$10', 100.0, '$214', 50.0, '$2', 100.0, '$81', 50.0, '$13', 100.0, '$250', 50.0, '$10', 100.0]
['$49', 50.0, '$3', 100.0, '$218', 50.0, '$2', 100.0, '$81', 50.0, '$17', 100.0, '$231', 50.0, '$2', 100.0, '$14', 50.0, '$10', 100.0]
['$270', 50.0, '$2', 100.0, '$81', 50.0, '$19', 100.0, '$230', 50.0, '$2', 100.0, '$14', 50.0, '$9', 100.0]
['$87', 50.0, '$2', 0.0, '$263', 50.0, '$5', 100.0, '$7', 150.0, '$9', 100.0, '$230', 50.0, '$2', 100.0, '$14', 50.0, '$8', 100.0]
['$25', 50.0, 0.0, '$59', 50.0, '$6', 0.0, '$261', 50.0, '$4', 100.0, '$12', 150.0, '$6', 100.0, '$7', 50.0, '$3', 0.0, '$219', 50.0, '$2', 100.0, '$20', 50.0, '$2', 100.0]
['$24', 50.0, '$3', 0.0, '$56', 50.0, '$9', 0.0, '$260', 50.0, '$3', 100.0, '$15', 150.0, '$4', 100.0, '$6', 50.0, '$6', 0.0, '$241', 50.0]
['$85', 50.0, '$6', 0.0, '$261', 50.0, '$2', 100.0, '$5', 150.0, 200.0, '$10', 150.0, '$4', 100.0, '$6', 50.0, '$7', 0.0, '$117', 50.0, '$2', 100.0, '$121', 50.0]
['$86', 50.0, '$4', 0.0, '$261', 50.0, '$3', 100.0, '$3', 150.0, '$7', 200.0, '$6', 150.0, '$4', 100.0, '$6', 50.0, '$8', 0.0, '$19', 50.0, '$2', 100.0, '$92', 50.0, '$2', 100.0, 50.0, '$3', 100.0, '$120', 50.0]
['$87', 50.0, '$2', 0.0, '$3', 50.0, 0.0, '$257', 50.0, '$3', 100.0, '$3', 150.0, '$9', 200.0, '$4', 150.0, '$4', 100.0, '$7', 50.0, '$8', 0.0, '$19', 50.0, '$3', 100.0, '$91', 50.0, '$2', 100.0, 50.0, '$3', 100.0, '$120', 50.0]
['$349', 50.0, '$3', 100.0, '$3', 150.0, '$9', 200.0, '$4', 150.0, '$3', 100.0, '$11', 50.0, '$6', 0.0, '$110', 50.0, '$3', 100.0, '$126', 50.0]
['$349', 50.0, '$3', 100.0, '$2', 150.0, '$10', 200.0, '$4', 150.0, '$2', 100.0, '$12', 50.0, '$6', 0.0, '$17', 50.0, '$2', 100.0, '$91', 50.0, '$3', 100.0, '$126', 50.0]
['$92', 50.0, 0.0, '$256', 50.0, '$2', 100.0, '$3', 150.0, '$5', 200.0, 250.0, '$4', 200.0, '$3', 150.0, '$3', 100.0, '$12', 50.0, '$6', 0.0, '$17', 50.0, '$3', 100.0, '$89', 50.0, '$4', 100.0, '$126', 50.0]
['$92', 50.0, 0.0, '$255', 50.0, '$3', 100.0, '$2', 150.0, '$4', 200.0, '$3', 250.0, '$4', 200.0, '$3', 150.0, '$2', 100.0, '$13', 50.0, '$7', 0.0, '$16', 50.0, '$3', 100.0, '$87', 50.0, '$6', 100.0, '$126', 50.0]
['$92', 50.0, '$2', 0.0, '$254', 50.0, '$2', 100.0, '$2', 150.0, '$4', 200.0, '$5', 250.0, '$3', 200.0, '$3', 150.0, '$3', 100.0, '$5', 50.0, '$14', 0.0, '$16', 50.0, '$2', 100.0, '$88', 50.0, '$6', 100.0, '$68', 50.0, '$2', 100.0, '$56', 50.0]
['$91', 50.0, '$3', 0.0, '$63', 50.0, '$2', 100.0, '$188', 50.0, '$3', 100.0, '$2', 150.0, '$4', 200.0, '$5', 250.0, '$3', 200.0, '$3', 150.0, '$3', 100.0, '$4', 50.0, '$15', 0.0, '$108', 50.0, '$4', 100.0, '$67', 50.0, '$6', 100.0, '$53', 50.0]
['$17', 50.0, '$6', 100.0, '$68', 50.0, '$4', 0.0, '$61', 50.0, '$3', 100.0, '$188', 50.0, '$2', 100.0, '$3', 150.0, '$4', 200.0, '$4', 250.0, '$4', 200.0, '$3', 150.0, '$2', 100.0, '$5', 50.0, '$15', 0.0, '$109', 50.0, '$2', 100.0, '$67', 50.0, '$11', 100.0, '$49', 50.0]
['$17', 50.0, '$6', 100.0, '$68', 50.0, '$4', 0.0, '$61', 50.0, '$3', 100.0, '$188', 50.0, '$2', 100.0, '$3', 150.0, '$12', 200.0, '$3', 150.0, '$2', 100.0, '$5', 50.0, '$15', 0.0, '$78', 50.0, '$2', 100.0, '$97', 50.0, '$12', 100.0, '$49', 50.0]
['$15', 50.0, '$9', 100.0, '$10', 50.0, 0.0, '$121', 50.0, '$3', 100.0, '$188', 50.0, '$3', 100.0, '$3', 150.0, '$11', 200.0, '$2', 150.0, '$3', 100.0, '$4', 50.0, '$16', 0.0, '$75', 50.0, '$7', 100.0, '$94', 50.0, '$14', 100.0, '$48', 50.0]
['$15', 50.0, '$9', 100.0, '$10', 50.0, '$2', 0.0, '$120', 50.0, '$3', 100.0, '$117', 50.0, '$2', 100.0, '$70', 50.0, '$2', 100.0, '$4', 150.0, '$9', 200.0, '$3', 150.0, '$3', 100.0, '$4', 50.0, '$16', 0.0, '$73', 50.0, '$10', 100.0, '$95', 50.0, '$12', 100.0, '$48', 50.0]
['$15', 50.0, '$9', 100.0, '$10', 50.0, '$2', 0.0, '$118', 50.0, '$4', 100.0, '$117', 50.0, '$4', 100.0, '$69', 50.0, '$4', 100.0, '$6', 150.0, '$2', 200.0, '$5', 150.0, '$3', 100.0, '$5', 50.0, '$16', 0.0, '$61', 50.0, '$5', 100.0, '$5', 50.0, '$7', 100.0, '$2', 150.0, '$4', 100.0, '$95', 50.0, '$11', 100.0, '$24', 50.0, '$5', 0.0, '$19', 50.0]
['$15', 50.0, '$10', 100.0, '$9', 50.0, '$3', 0.0, '$117', 50.0, '$4', 100.0, '$109', 50.0, '$12', 100.0, '$70', 50.0, '$5', 100.0, '$10', 150.0, '$4', 100.0, '$5', 50.0, '$16', 0.0, '$61', 50.0, '$15', 100.0, '$5', 150.0, '$3', 100.0, '$95', 50.0, '$11', 100.0, '$24', 50.0, '$6', 0.0, '$18', 50.0]
['$16', 50.0, '$9', 100.0, '$10', 50.0, 0.0, '$118', 50.0, '$4', 100.0, '$109', 50.0, '$13', 100.0, '$59', 50.0, '$7', 0.0, '$4', 50.0, '$6', 100.0, '$7', 150.0, '$4', 100.0, '$5', 50.0, '$17', 0.0, '$61', 50.0, '$13', 100.0, '$8', 150.0, '$3', 100.0, '$95', 50.0, '$10', 100.0, '$24', 50.0, '$7', 0.0, '$17', 50.0]
['$16', 50.0, '$8', 100.0, '$130', 50.0, '$3', 100.0, '$77', 50.0, '$2', 100.0, '$39', 50.0, '$5', 100.0, '$58', 50.0, '$9', 0.0, '$5', 50.0, '$14', 100.0, '$6', 50.0, '$6', 0.0, '$5', 50.0, '$6', 0.0, '$61', 50.0, '$12', 100.0, '$10', 150.0, '$3', 100.0, '$98', 50.0, '$5', 100.0, '$26', 50.0, '$6', 0.0, '$17', 50.0]
['$16', 50.0, '$8', 100.0, '$130', 50.0, '$3', 100.0, '$76', 50.0, '$3', 100.0, '$39', 50.0, '$5', 100.0, '$51', 50.0, 0.0, '$6', 50.0, '$10', 0.0, '$7', 50.0, '$9', 100.0, '$7', 50.0, '$4', 0.0, '$2', 50.0, 0.0, '$6', 50.0, '$5', 0.0, '$61', 50.0, '$10', 100.0, '$5', 150.0, '$4', 200.0, '$3', 150.0, '$4', 100.0, '$129', 50.0, '$4', 0.0, '$18', 50.0]
['$17', 50.0, '$6', 100.0, '$131', 50.0, '$2', 100.0, '$76', 50.0, '$4', 100.0, '$39', 50.0, '$5', 100.0, '$43', 50.0, '$2', 0.0, '$6', 50.0, '$2', 0.0, '$5', 50.0, '$10', 0.0, '$23', 50.0, '$4', 0.0, '$2', 50.0, 0.0, '$6', 50.0, '$5', 0.0, '$61', 50.0, '$9', 100.0, '$5', 150.0, '$6', 200.0, '$3', 150.0, '$3', 100.0, '$60', 50.0, '$3', 100.0, '$88', 50.0]
['$114', 50.0, '$6', 0.0, '$36', 50.0, 100.0, '$74', 50.0, '$5', 100.0, '$42', 50.0, '$2', 100.0, '$42', 50.0, '$9', 0.0, '$2', 50.0, '$5', 0.0, '$3', 50.0, '$9', 0.0, '$19', 50.0, '$7', 0.0, '$9', 50.0, '$3', 0.0, '$62', 50.0, '$7', 100.0, '$5', 150.0, '$9', 200.0, '$3', 150.0, '$3', 100.0, '$58', 50.0, '$6', 100.0, '$86', 50.0]
['$114', 50.0, '$6', 0.0, '$36', 50.0, 100.0, '$74', 50.0, '$5', 100.0, '$86', 50.0, '$16', 0.0, '$3', 50.0, '$10', 0.0, '$17', 50.0, '$8', 0.0, '$9', 50.0, '$2', 0.0, '$63', 50.0, '$7', 100.0, '$4', 150.0, '$10', 200.0, '$3', 150.0, '$3', 100.0, '$58', 50.0, '$6', 100.0, '$81', 50.0, '$5', 0.0]
['$57', 50.0, '$3', 100.0, '$54', 50.0, '$6', 0.0, '$111', 50.0, '$5', 100.0, '$86', 50.0, '$17', 0.0, '$2', 50.0, '$18', 0.0, '$8', 50.0, '$9', 0.0, '$10', 50.0, 0.0, '$63', 50.0, '$6', 100.0, '$4', 150.0, '$11', 200.0, '$4', 150.0, '$2', 100.0, '$58', 50.0, '$6', 100.0, '$80', 50.0, '$6', 0.0]
['$56', 50.0, '$4', 100.0, '$54', 50.0, '$6', 0.0, '$111', 50.0, '$5', 100.0, '$27', 50.0, '$2', 100.0, '$56', 50.0, '$17', 0.0, '$5', 50.0, '$17', 0.0, '$7', 50.0, '$10', 0.0, '$73', 50.0, '$5', 100.0, '$4', 150.0, '$13', 200.0, '$3', 150.0, '$2', 100.0, '$59', 50.0, '$5', 100.0, '$82', 50.0, '$4', 0.0]
['$56', 50.0, '$4', 100.0, '$54', 50.0, '$6', 0.0, '$111', 50.0, '$4', 100.0, '$27', 50.0, '$3', 100.0, '$56', 50.0, '$17', 0.0, '$7', 50.0, '$15', 0.0, '$6', 50.0, '$12', 0.0, '$7', 50.0, 0.0, '$65', 50.0, '$4', 100.0, '$4', 150.0, '$13', 200.0, '$3', 150.0, '$3', 100.0, '$58', 50.0, '$6', 100.0, '$82', 50.0, '$3', 0.0]
['$56', 50.0, '$5', 100.0, '$53', 50.0, '$6', 0.0, '$111', 50.0, '$3', 100.0, '$26', 50.0, '$5', 100.0, '$57', 50.0, '$16', 0.0, '$13', 50.0, '$10', 0.0, '$3', 50.0, '$17', 0.0, 50.0, '$4', 0.0, '$65', 50.0, '$4', 100.0, '$3', 150.0, '$14', 200.0, '$3', 150.0, '$3', 100.0, '$11', 50.0, '$2', 100.0, '$46', 50.0, '$4', 100.0, '$86', 50.0]
['$56', 50.0, '$6', 100.0, '$52', 50.0, '$6', 0.0, '$111', 50.0, '$3', 100.0, '$26', 50.0, '$6', 100.0, '$56', 50.0, '$18', 0.0, '$11', 50.0, '$10', 0.0, '$2', 50.0, '$23', 0.0, '$64', 50.0, '$5', 100.0, '$3', 150.0, '$14', 200.0, '$3', 150.0, '$3', 100.0, '$9', 50.0, '$8', 100.0, '$42', 50.0, '$4', 100.0, '$86', 50.0]
['$56', 50.0, '$6', 100.0, '$14', 50.0, '$2', 100.0, '$36', 50.0, '$6', 0.0, '$111', 50.0, '$3', 100.0, '$17', 50.0, 100.0, '$8', 50.0, '$6', 100.0, '$57', 50.0, '$18', 0.0, '$9', 50.0, '$11', 0.0, 50.0, '$24', 0.0, '$64', 50.0, '$5', 100.0, '$3', 150.0, '$14', 200.0, '$3', 150.0, '$3', 100.0, '$8', 50.0, '$11', 100.0, '$40', 50.0, '$4', 100.0, '$86', 50.0]
['$56', 50.0, '$6', 100.0, '$14', 50.0, '$3', 100.0, '$34', 50.0, '$7', 0.0, '$68', 50.0, '$2', 100.0, '$57', 50.0, '$2', 100.0, '$10', 50.0, '$10', 100.0, '$58', 50.0, '$35', 0.0, '$2', 50.0, '$22', 0.0, '$57', 50.0, '$2', 100.0, '$4', 50.0, '$6', 100.0, '$2', 150.0, '$15', 200.0, '$3', 150.0, '$3', 100.0, '$7', 50.0, '$14', 100.0, '$39', 50.0, '$3', 100.0, '$86', 50.0]
['$56', 50.0, '$6', 100.0, '$14', 50.0, '$3', 100.0, '$34', 50.0, '$7', 0.0, '$68', 50.0, 100.0, '$8', 50.0, '$2', 100.0, '$47', 50.0, '$4', 100.0, '$8', 50.0, '$11', 100.0, '$61', 50.0, '$32', 0.0, '$2', 50.0, '$22', 0.0, '$57', 50.0, '$11', 100.0, '$3', 150.0, '$14', 200.0, '$4', 150.0, '$3', 100.0, '$7', 50.0, '$15', 100.0, '$38', 50.0, '$3', 100.0, '$86', 50.0]
['$57', 50.0, '$5', 100.0, '$14', 50.0, '$3', 100.0, '$35', 50.0, '$5', 0.0, '$69', 50.0, 100.0, '$7', 50.0, '$4', 100.0, '$44', 50.0, '$8', 100.0, '$6', 50.0, '$11', 100.0, '$65', 50.0, '$27', 0.0, '$3', 50.0, '$23', 0.0, '$56', 50.0, '$11', 100.0, '$3', 150.0, '$14', 200.0, '$4', 150.0, '$3', 100.0, '$6', 50.0, '$17', 100.0, '$37', 50.0, '$2', 100.0, '$87', 50.0]
['$20', 50.0, '$2', 100.0, '$35', 50.0, '$6', 100.0, '$13', 50.0, '$4', 100.0, '$35', 50.0, '$3', 0.0, '$78', 50.0, '$4', 100.0, '$44', 50.0, '$8', 100.0, '$5', 50.0, '$11', 100.0, '$66', 50.0, '$53', 0.0, '$56', 50.0, '$11', 100.0, '$4', 150.0, '$5', 200.0, 150.0, '$5', 200.0, '$5', 150.0, '$4', 100.0, '$6', 50.0, '$17', 100.0, '$38', 50.0, '$4', 100.0, '$84', 50.0]
['$20', 50.0, '$2', 100.0, '$36', 50.0, '$5', 100.0, '$5', 50.0, 100.0, '$7', 50.0, '$4', 100.0, '$116', 50.0, '$5', 100.0, '$43', 50.0, '$8', 100.0, '$6', 50.0, '$2', 100.0, 50.0, '$6', 100.0, '$68', 50.0, '$52', 0.0, '$56', 50.0, '$12', 100.0, '$19', 150.0, '$4', 100.0, '$5', 50.0, '$19', 100.0, '$37', 50.0, '$4', 100.0, '$70', 50.0, '$2', 0.0, '$12', 50.0]
['$60', 50.0, '$5', 100.0, '$3', 50.0, '$2', 100.0, '$6', 50.0, '$4', 100.0, '$115', 50.0, '$6', 100.0, '$42', 50.0, '$9', 100.0, '$7', 50.0, 100.0, 50.0, '$6', 100.0, '$69', 50.0, '$52', 0.0, '$55', 50.0, '$13', 100.0, '$17', 150.0, '$5', 100.0, '$3', 50.0, '$21', 100.0, '$37', 50.0, '$6', 100.0, '$66', 50.0, '$5', 0.0, '$11', 50.0]
['$60', 50.0, '$11', 100.0, '$6', 50.0, '$3', 100.0, '$115', 50.0, '$6', 100.0, '$42', 50.0, 100.0, '$2', 50.0, '$4', 100.0, '$12', 50.0, '$4', 100.0, '$73', 50.0, '$49', 0.0, '$57', 50.0, '$12', 100.0, '$5', 150.0, '$4', 100.0, '$5', 150.0, '$32', 100.0, '$36', 50.0, '$8', 100.0, '$64', 50.0, '$5', 0.0, '$11', 50.0]
['$60', 50.0, '$12', 100.0, '$5', 50.0, '$3', 100.0, '$114', 50.0, '$7', 100.0, '$42', 50.0, 100.0, '$3', 50.0, '$2', 100.0, '$13', 50.0, '$4', 100.0, '$73', 50.0, '$49', 0.0, '$59', 50.0, 100.0, 50.0, '$3', 100.0, 50.0, '$50', 100.0, '$35', 50.0, '$11', 100.0, '$62', 50.0, '$5', 0.0, '$11', 50.0]
['$62', 50.0, '$10', 100.0, '$4', 50.0, '$4', 100.0, '$116', 50.0, '$3', 100.0, '$46', 50.0, '$2', 100.0, '$94', 50.0, '$46', 0.0, '$68', 50.0, '$49', 100.0, '$35', 50.0, '$12', 100.0, '$61', 50.0, '$3', 0.0, '$12', 50.0]
['$62', 50.0, '$10', 100.0, '$4', 50.0, '$4', 100.0, '$116', 50.0, '$3', 100.0, '$142', 50.0, '$46', 0.0, '$59', 50.0, 100.0, '$9', 50.0, '$50', 100.0, '$33', 50.0, '$12', 100.0, '$61', 50.0, '$3', 0.0, '$12', 50.0]
['$62', 50.0, '$10', 100.0, '$4', 50.0, '$4', 100.0, '$116', 50.0, '$2', 100.0, '$143', 50.0, '$45', 0.0, '$59', 50.0, '$4', 100.0, '$9', 50.0, '$50', 100.0, '$31', 50.0, '$12', 100.0, '$62', 50.0, '$2', 0.0, '$12', 50.0]
['$61', 50.0, '$12', 100.0, '$2', 50.0, '$5', 100.0, '$262', 50.0, '$44', 0.0, '$58', 50.0, '$5', 100.0, '$12', 50.0, '$48', 100.0, '$30', 50.0, '$12', 100.0, '$76', 50.0]
['$61', 50.0, '$19', 100.0, '$262', 50.0, '$44', 0.0, '$53', 50.0, '$11', 100.0, '$12', 50.0, '$48', 100.0, '$29', 50.0, '$13', 100.0, '$4', 50.0, '$5', 100.0, '$66', 50.0]
['$60', 50.0, '$20', 100.0, '$122', 50.0, '$4', 100.0, '$136', 50.0, '$43', 0.0, '$54', 50.0, '$11', 100.0, '$13', 50.0, '$48', 100.0, '$11', 50.0, '$2', 100.0, '$16', 50.0, '$12', 100.0, '$4', 50.0, '$6', 100.0, '$65', 50.0]
['$60', 50.0, '$20', 100.0, '$121', 50.0, '$7', 100.0, '$135', 50.0, '$42', 0.0, '$54', 50.0, '$11', 100.0, '$15', 50.0, '$34', 100.0, 150.0, '$11', 100.0, '$11', 50.0, '$2', 100.0, '$17', 50.0, '$11', 100.0, '$4', 50.0, '$6', 100.0, '$65', 50.0]
['$60', 50.0, '$20', 100.0, '$121', 50.0, '$10', 100.0, '$133', 50.0, '$40', 0.0, '$55', 50.0, '$11', 100.0, '$15', 50.0, '$34', 100.0, 150.0, '$12', 100.0, '$10', 50.0, '$2', 100.0, '$17', 50.0, '$11', 100.0, '$4', 50.0, '$6', 100.0, '$65', 50.0]
['$60', 50.0, '$20', 100.0, '$265', 50.0, '$39', 0.0, '$57', 50.0, '$9', 100.0, '$21', 50.0, '$43', 100.0, '$27', 50.0, '$6', 100.0, '$8', 50.0, '$7', 100.0, '$65', 50.0]
['$60', 50.0, '$20', 100.0, '$267', 50.0, '$36', 0.0, '$58', 50.0, '$9', 100.0, '$25', 50.0, '$39', 100.0, '$28', 50.0, '$5', 100.0, '$8', 50.0, '$6', 100.0, '$4', 50.0, '$3', 100.0, '$59', 50.0]
['$60', 50.0, '$20', 100.0, '$119', 50.0, '$4', 100.0, 50.0, '$8', 100.0, '$136', 50.0, '$34', 0.0, '$59', 50.0, '$9', 100.0, '$26', 50.0, '$40', 100.0, '$27', 50.0, '$2', 100.0, '$9', 50.0, '$7', 100.0, '$3', 50.0, '$5', 100.0, '$7', 50.0, 100.0, '$50', 50.0]
['$60', 50.0, '$21', 100.0, '$118', 50.0, '$13', 100.0, '$137', 50.0, '$32', 0.0, '$60', 50.0, '$10', 100.0, '$25', 50.0, '$41', 100.0, '$5', 50.0, '$2', 100.0, '$30', 50.0, '$7', 100.0, '$3', 50.0, '$6', 100.0, '$5', 50.0, '$3', 100.0, '$49', 50.0]
['$60', 50.0, '$21', 100.0, '$118', 50.0, '$3', 100.0, '$2', 50.0, '$8', 100.0, '$137', 50.0, '$32', 0.0, '$60', 50.0, '$11', 100.0, '$24', 50.0, '$42', 100.0, '$2', 50.0, '$5', 100.0, '$29', 50.0, '$7', 100.0, '$3', 50.0, '$6', 100.0, '$4', 50.0, '$5', 100.0, '$48', 50.0]
['$59', 50.0, '$23', 100.0, '$267', 50.0, '$31', 0.0, '$62', 50.0, '$11', 100.0, '$24', 50.0, '$48', 100.0, '$29', 50.0, '$7', 100.0, '$2', 50.0, '$7', 100.0, '$3', 50.0, '$14', 100.0, '$40', 50.0]
['$59', 50.0, '$23', 100.0, '$267', 50.0, '$31', 0.0, '$62', 50.0, '$13', 100.0, '$8', 50.0, '$8', 100.0, '$6', 50.0, '$49', 100.0, '$28', 50.0, '$7', 100.0, 50.0, '$9', 100.0, '$2', 50.0, '$16', 100.0, '$38', 50.0]
['$59', 50.0, '$23', 100.0, '$267', 50.0, '$31', 0.0, '$62', 50.0, '$14', 100.0, '$7', 50.0, '$8', 100.0, '$8', 50.0, '$48', 100.0, '$27', 50.0, '$17', 100.0, 50.0, '$18', 100.0, '$27', 50.0, '$3', 100.0, '$7', 50.0]
['$60', 50.0, '$21', 100.0, '$269', 50.0, '$30', 0.0, '$62', 50.0, '$16', 100.0, '$5', 50.0, '$9', 100.0, '$8', 50.0, '$48', 100.0, '$27', 50.0, '$6', 100.0, 50.0, '$28', 100.0, '$28', 50.0, '$2', 100.0, '$7', 50.0]
['$60', 50.0, '$21', 100.0, '$269', 50.0, '$29', 0.0, '$63', 50.0, '$30', 100.0, '$9', 50.0, '$48', 100.0, '$26', 50.0, '$41', 100.0, '$31', 50.0]
['$59', 50.0, '$20', 100.0, '$271', 50.0, '$28', 0.0, '$65', 50.0, '$30', 100.0, '$10', 50.0, '$47', 100.0, '$25', 50.0, '$44', 100.0, '$28', 50.0]
['$59', 50.0, '$17', 100.0, '$36', 50.0, '$3', 0.0, '$236', 50.0, '$26', 0.0, '$66', 50.0, '$30', 100.0, '$12', 50.0, '$45', 100.0, '$26', 50.0, '$44', 100.0, '$27', 50.0]
['$58', 50.0, '$18', 100.0, '$37', 50.0, '$3', 0.0, '$236', 50.0, '$25', 0.0, '$67', 50.0, '$29', 100.0, '$13', 50.0, '$45', 100.0, '$26', 50.0, '$44', 100.0, '$26', 50.0]
['$58', 50.0, '$18', 100.0, '$277', 50.0, '$24', 0.0, '$11', 50.0, '$14', 100.0, '$42', 50.0, '$29', 100.0, '$14', 50.0, '$45', 100.0, '$27', 50.0, '$42', 100.0, '$26', 50.0]
['$58', 50.0, '$18', 100.0, '$40', 50.0, '$2', 0.0, '$236', 50.0, '$22', 0.0, '$12', 50.0, '$16', 100.0, '$40', 50.0, '$29', 100.0, '$15', 50.0, '$45', 100.0, '$27', 50.0, '$41', 100.0, '$26', 50.0]
['$58', 50.0, '$18', 100.0, '$11', 50.0, '$4', 100.0, 50.0, '$2', 100.0, '$22', 50.0, '$3', 0.0, '$236', 50.0, '$21', 0.0, '$12', 50.0, '$17', 100.0, '$39', 50.0, '$29', 100.0, '$16', 50.0, '$46', 100.0, '$25', 50.0, '$41', 100.0, '$26', 50.0]
['$57', 50.0, '$19', 100.0, '$12', 50.0, '$6', 100.0, '$261', 50.0, '$19', 0.0, '$12', 50.0, '$9', 100.0, '$4', 150.0, '$7', 100.0, '$39', 50.0, '$28', 100.0, '$16', 50.0, '$51', 100.0, '$11', 50.0, 100.0, '$8', 50.0, '$28', 100.0, '$4', 50.0, '$9', 100.0, '$26', 50.0]
['$58', 50.0, '$18', 100.0, '$12', 50.0, '$7', 100.0, '$260', 50.0, '$19', 0.0, '$12', 50.0, '$8', 100.0, '$6', 150.0, '$6', 100.0, '$39', 50.0, '$28', 100.0, '$16', 50.0, '$54', 100.0, '$8', 50.0, '$2', 100.0, '$7', 50.0, '$28', 100.0, '$4', 50.0, '$9', 100.0, '$26', 50.0]
['$58', 50.0, '$17', 100.0, '$13', 50.0, '$8', 100.0, '$259', 50.0, '$19', 0.0, '$13', 50.0, '$7', 100.0, '$6', 150.0, '$6', 100.0, '$40', 50.0, '$27', 100.0, '$17', 50.0, '$64', 100.0, '$6', 50.0, '$29', 100.0, '$4', 50.0, '$7', 100.0, '$27', 50.0]
['$59', 50.0, 100.0, 50.0, '$13', 100.0, '$15', 50.0, '$8', 100.0, '$258', 50.0, '$19', 0.0, '$13', 50.0, '$9', 100.0, '$3', 150.0, '$7', 100.0, '$41', 50.0, '$26', 100.0, '$17', 50.0, '$64', 100.0, '$6', 50.0, '$29', 100.0, '$6', 50.0, '$4', 100.0, '$28', 50.0]
['$65', 50.0, '$3', 100.0, 50.0, '$4', 100.0, '$19', 50.0, '$5', 100.0, '$258', 50.0, '$19', 0.0, '$13', 50.0, '$18', 100.0, '$18', 50.0, '$3', 100.0, '$21', 50.0, '$26', 100.0, '$17', 50.0, '$65', 100.0, '$5', 50.0, '$31', 100.0, '$36', 50.0]
['$355', 50.0, '$18', 0.0, '$15', 50.0, '$17', 100.0, '$17', 50.0, '$5', 100.0, '$22', 50.0, '$24', 100.0, '$4', 50.0, '$2', 100.0, '$12', 50.0, '$64', 100.0, '$5', 50.0, '$5', 100.0, '$4', 50.0, '$23', 100.0, '$35', 50.0]
['$355', 50.0, '$18', 0.0, '$17', 50.0, '$15', 100.0, '$16', 50.0, '$7', 100.0, '$24', 50.0, '$21', 100.0, '$3', 50.0, '$5', 100.0, '$10', 50.0, '$36', 100.0, 150.0, '$28', 100.0, '$4', 50.0, '$4', 100.0, '$5', 50.0, '$24', 100.0, '$30', 50.0, '$4', 100.0]
['$355', 50.0, '$18', 0.0, '$21', 50.0, '$11', 100.0, '$16', 50.0, '$7', 100.0, '$25', 50.0, '$20', 100.0, '$3', 50.0, '$6', 100.0, '$9', 50.0, '$36', 100.0, 150.0, '$28', 100.0, '$4', 50.0, '$4', 100.0, '$6', 50.0, '$23', 100.0, '$29', 50.0, '$5', 100.0]
['$355', 50.0, '$19', 0.0, '$21', 50.0, '$11', 100.0, '$14', 50.0, '$8', 100.0, '$26', 50.0, '$19', 100.0, '$3', 50.0, '$7', 100.0, '$7', 50.0, '$66', 100.0, '$6', 50.0, 100.0, '$8', 50.0, '$5', 100.0, '$2', 50.0, '$19', 100.0, '$25', 50.0, '$5', 100.0]
['$355', 50.0, '$19', 0.0, '$22', 50.0, '$11', 100.0, '$13', 50.0, '$8', 100.0, '$27', 50.0, '$29', 100.0, '$5', 50.0, '$67', 100.0, '$16', 50.0, '$3', 100.0, '$3', 50.0, '$20', 100.0, '$23', 50.0, '$6', 100.0]
['$355', 50.0, '$21', 0.0, '$20', 50.0, '$12', 100.0, '$12', 50.0, '$8', 100.0, '$27', 50.0, '$88', 100.0, 50.0, '$13', 100.0, '$21', 50.0, '$23', 100.0, '$20', 50.0, '$6', 100.0]
['$353', 50.0, '$23', 0.0, '$21', 50.0, '$11', 100.0, '$11', 50.0, '$10', 100.0, '$27', 50.0, '$86', 100.0, '$3', 50.0, '$12', 100.0, '$22', 50.0, '$23', 100.0, '$18', 50.0, '$7', 100.0]
['$352', 50.0, '$24', 0.0, '$21', 50.0, '$10', 100.0, '$12', 50.0, '$11', 100.0, '$25', 50.0, '$86', 100.0, '$5', 50.0, '$11', 100.0, '$22', 50.0, '$25', 100.0, '$15', 50.0, '$8', 100.0]
['$351', 50.0, '$26', 0.0, '$22', 50.0, '$7', 100.0, '$13', 50.0, '$13', 100.0, '$23', 50.0, '$86', 100.0, '$6', 50.0, '$10', 100.0, '$22', 50.0, '$26', 100.0, '$14', 50.0, '$8', 100.0]
['$351', 50.0, '$28', 0.0, '$40', 50.0, '$16', 100.0, '$19', 50.0, '$87', 100.0, '$8', 50.0, '$8', 100.0, '$22', 50.0, '$30', 100.0, '$9', 50.0, '$9', 100.0]
['$351', 50.0, '$30', 0.0, '$38', 50.0, '$17', 100.0, '$18', 50.0, '$87', 100.0, '$12', 50.0, '$5', 100.0, '$21', 50.0, '$31', 100.0, '$7', 50.0, '$9', 100.0, 150.0]
['$350', 50.0, '$32', 0.0, '$36', 50.0, '$18', 100.0, '$14', 50.0, '$91', 100.0, '$39', 50.0, '$31', 100.0, '$4', 50.0, '$10', 100.0, '$2', 150.0]
['$349', 50.0, '$33', 0.0, '$36', 50.0, '$123', 100.0, '$17', 50.0, 100.0, '$21', 50.0, '$47', 100.0]
['$349', 50.0, '$33', 0.0, '$34', 50.0, '$126', 100.0, '$17', 50.0, 100.0, '$19', 50.0, '$48', 100.0]
['$348', 50.0, '$35', 0.0, '$31', 50.0, '$128', 100.0, '$17', 50.0, '$2', 100.0, '$18', 50.0, '$48', 100.0]
['$348', 50.0, '$35', 0.0, '$29', 50.0, '$131', 100.0, '$15', 50.0, '$4', 100.0, '$16', 50.0, '$49', 100.0]
['$348', 50.0, '$36', 0.0, '$26', 50.0, '$123', 100.0, '$2', 150.0, '$7', 100.0, '$15', 50.0, '$6', 100.0, '$15', 50.0, '$49', 100.0]
['$348', 50.0, '$36', 0.0, '$14', 50.0, 0.0, '$9', 50.0, '$134', 100.0, '$15', 50.0, '$7', 100.0, '$13', 50.0, '$50', 100.0]
['$349', 50.0, '$35', 0.0, '$13', 50.0, '$3', 0.0, '$6', 50.0, '$135', 100.0, '$16', 50.0, '$8', 100.0, '$11', 50.0, '$51', 100.0]
['$81', 50.0, '$6', 100.0, '$262', 50.0, '$39', 0.0, '$17', 50.0, '$126', 100.0, 150.0, '$9', 100.0, '$16', 50.0, '$9', 100.0, '$9', 50.0, '$16', 100.0, '$2', 150.0, '$34', 100.0]
['$80', 50.0, '$9', 100.0, '$260', 50.0, '$38', 0.0, '$18', 50.0, '$126', 100.0, 150.0, '$9', 100.0, '$15', 50.0, '$10', 100.0, '$8', 50.0, '$17', 100.0, '$2', 150.0, '$34', 100.0]
['$78', 50.0, '$13', 100.0, '$257', 50.0, '$38', 0.0, '$18', 50.0, '$6', 100.0, '$4', 150.0, '$116', 100.0, '$2', 150.0, '$8', 100.0, '$16', 50.0, '$34', 100.0, '$3', 150.0, '$34', 100.0]
['$74', 50.0, '$27', 100.0, '$246', 50.0, '$38', 0.0, '$18', 50.0, '$6', 100.0, '$5', 150.0, '$28', 100.0, '$6', 150.0, '$81', 100.0, '$3', 150.0, '$8', 100.0, '$15', 50.0, '$35', 100.0, '$3', 150.0, '$34', 100.0]
['$74', 50.0, '$32', 100.0, '$241', 50.0, '$34', 0.0, '$22', 50.0, '$5', 100.0, '$5', 150.0, '$29', 100.0, '$9', 150.0, '$4', 100.0, '$4', 150.0, '$68', 100.0, '$5', 150.0, '$9', 100.0, '$13', 50.0, '$36', 100.0, '$3', 150.0, '$11', 100.0, '$2', 150.0, '$21', 100.0]
['$73', 50.0, '$37', 100.0, '$235', 50.0, '$35', 0.0, '$23', 50.0, '$5', 100.0, '$5', 150.0, '$29', 100.0, '$18', 150.0, '$21', 100.0, 150.0, '$45', 100.0, '$5', 150.0, '$10', 100.0, '$4', 50.0, '$44', 100.0, '$3', 150.0, '$11', 100.0, '$4', 150.0, '$19', 100.0]
['$73', 50.0, '$6', 100.0, '$7', 150.0, '$28', 100.0, '$229', 50.0, '$36', 0.0, '$23', 50.0, '$6', 100.0, '$5', 150.0, '$28', 100.0, '$19', 150.0, '$19', 100.0, '$4', 150.0, '$44', 100.0, '$5', 150.0, '$58', 100.0, '$3', 150.0, '$10', 100.0, '$8', 150.0, '$16', 100.0]
['$73', 50.0, '$5', 100.0, '$9', 150.0, '$28', 100.0, '$227', 50.0, '$13', 0.0, '$2', 50.0, '$22', 0.0, '$23', 50.0, '$6', 100.0, '$5', 150.0, '$28', 100.0, '$19', 150.0, '$19', 100.0, '$5', 150.0, '$43', 100.0, '$5', 150.0, '$57', 100.0, '$4', 150.0, '$10', 100.0, '$10', 150.0, '$14', 100.0]
['$73', 50.0, '$4', 100.0, '$12', 150.0, '$10', 100.0, 150.0, '$16', 100.0, '$226', 50.0, '$13', 0.0, '$6', 50.0, '$15', 0.0, '$25', 50.0, '$7', 100.0, '$4', 150.0, '$29', 100.0, '$20', 150.0, '$17', 100.0, '$6', 150.0, '$45', 100.0, '$3', 150.0, '$50', 100.0, '$11', 150.0, '$12', 100.0, '$9', 150.0, '$13', 100.0]
['$73', 50.0, '$4', 100.0, '$13', 150.0, '$7', 100.0, '$8', 150.0, '$13', 100.0, '$224', 50.0, '$13', 0.0, '$6', 50.0, '$16', 0.0, '$24', 50.0, '$7', 100.0, '$4', 150.0, '$29', 100.0, '$20', 150.0, '$18', 100.0, '$5', 150.0, '$45', 100.0, '$3', 150.0, '$49', 100.0, '$12', 150.0, '$12', 100.0, '$11', 150.0, '$11', 100.0]
['$56', 50.0, '$2', 0.0, '$14', 50.0, '$4', 100.0, '$16', 150.0, '$2', 100.0, '$16', 150.0, '$10', 100.0, '$221', 50.0, '$14', 0.0, '$6', 50.0, '$16', 0.0, '$24', 50.0, '$7', 100.0, '$3', 150.0, '$29', 100.0, '$21', 150.0, '$18', 100.0, '$5', 150.0, '$45', 100.0, '$3', 150.0, '$47', 100.0, '$14', 150.0, '$12', 100.0, '$14', 150.0, '$8', 100.0]
['$54', 50.0, '$4', 0.0, '$14', 50.0, '$4', 100.0, '$37', 150.0, '$10', 100.0, '$219', 50.0, '$14', 0.0, '$4', 50.0, '$16', 0.0, '$24', 50.0, '$40', 100.0, '$21', 150.0, '$19', 100.0, '$4', 150.0, '$46', 100.0, '$2', 150.0, '$45', 100.0, '$17', 150.0, '$12', 100.0, '$14', 150.0, '$7', 100.0]
['$52', 50.0, '$5', 0.0, '$15', 50.0, '$4', 100.0, '$38', 150.0, '$11', 100.0, '$217', 50.0, '$32', 0.0, '$13', 50.0, 0.0, '$12', 50.0, '$41', 100.0, '$20', 150.0, '$113', 100.0, '$20', 150.0, '$13', 100.0, '$14', 150.0, '$6', 100.0]
['$52', 50.0, '$4', 0.0, '$16', 50.0, '$4', 100.0, '$41', 150.0, '$10', 100.0, '$216', 50.0, '$11', 0.0, 50.0, '$17', 0.0, '$14', 50.0, '$3', 0.0, '$10', 50.0, '$42', 100.0, '$20', 150.0, '$103', 100.0, '$2', 150.0, 100.0, '$28', 150.0, '$13', 100.0, '$14', 150.0, '$5', 100.0]
['$52', 50.0, '$3', 0.0, '$16', 50.0, '$5', 100.0, '$43', 150.0, '$10', 100.0, '$214', 50.0, '$10', 0.0, '$2', 50.0, '$14', 0.0, '$17', 50.0, '$3', 0.0, '$9', 50.0, '$25', 100.0, '$2', 150.0, '$16', 100.0, '$19', 150.0, '$103', 100.0, '$33', 150.0, '$12', 100.0, '$16', 150.0, '$3', 100.0]
['$51', 50.0, '$4', 0.0, '$16', 50.0, '$5', 100.0, '$45', 150.0, '$11', 100.0, '$212', 50.0, '$9', 0.0, '$2', 50.0, '$14', 0.0, '$17', 50.0, '$2', 0.0, '$9', 50.0, '$25', 100.0, '$3', 150.0, '$17', 100.0, '$18', 150.0, '$87', 100.0, '$3', 150.0, 100.0, '$45', 150.0, '$13', 100.0, '$18', 150.0]
['$50', 50.0, '$5', 0.0, '$7', 50.0, '$4', 100.0, '$4', 50.0, '$6', 100.0, '$48', 150.0, '$11', 100.0, '$209', 50.0, '$19', 0.0, '$16', 50.0, '$10', 0.0, '$6', 50.0, '$25', 100.0, '$6', 150.0, '$16', 100.0, '$4', 150.0, '$5', 100.0, '$9', 150.0, '$88', 100.0, '$49', 150.0, '$12', 100.0, '$18', 150.0]
['$50', 50.0, '$4', 0.0, '$6', 50.0, '$16', 100.0, '$50', 150.0, '$12', 100.0, '$206', 50.0, '$18', 0.0, '$25', 50.0, '$2', 0.0, '$5', 50.0, '$26', 100.0, '$6', 150.0, '$16', 100.0, '$3', 150.0, '$7', 100.0, '$8', 150.0, '$88', 100.0, '$50', 150.0, '$12', 100.0, '$17', 150.0]
['$50', 50.0, '$4', 0.0, '$6', 50.0, '$16', 100.0, '$53', 150.0, '$11', 100.0, '$204', 50.0, '$17', 0.0, '$33', 50.0, '$26', 100.0, '$6', 150.0, '$16', 100.0, '$3', 150.0, '$8', 100.0, '$7', 150.0, '$77', 100.0, '$3', 150.0, '$8', 100.0, '$51', 150.0, '$11', 100.0, '$17', 150.0]
['$50', 50.0, '$3', 0.0, '$6', 50.0, '$16', 100.0, '$57', 150.0, '$11', 100.0, '$201', 50.0, '$16', 0.0, '$32', 50.0, '$27', 100.0, '$7', 150.0, '$28', 100.0, '$6', 150.0, '$77', 100.0, '$4', 150.0, '$7', 100.0, '$13', 150.0, '$2', 100.0, '$36', 150.0, '$12', 100.0, '$16', 150.0]
['$49', 50.0, '$4', 0.0, '$5', 50.0, '$17', 100.0, '$60', 150.0, '$11', 100.0, '$197', 50.0, '$16', 0.0, '$18', 50.0, '$2', 0.0, '$13', 50.0, '$27', 100.0, '$7', 150.0, '$29', 100.0, '$5', 150.0, '$78', 100.0, '$2', 150.0, '$8', 100.0, '$13', 150.0, '$2', 100.0, '$37', 150.0, '$11', 100.0, '$16', 150.0]
['$49', 50.0, 0.0, '$8', 50.0, '$16', 100.0, '$64', 150.0, '$11', 100.0, '$194', 50.0, '$15', 0.0, '$17', 50.0, '$4', 0.0, '$12', 50.0, '$29', 100.0, '$5', 150.0, '$30', 100.0, '$5', 150.0, '$88', 100.0, '$12', 150.0, '$4', 100.0, '$37', 150.0, '$10', 100.0, '$16', 150.0]
['$48', 50.0, 0.0, '$8', 50.0, '$17', 100.0, '$67', 150.0, '$12', 100.0, '$190', 50.0, '$14', 0.0, '$16', 50.0, '$4', 0.0, '$13', 50.0, '$30', 100.0, '$5', 150.0, '$31', 100.0, '$4', 150.0, '$88', 100.0, '$12', 150.0, '$4', 100.0, '$38', 150.0, '$8', 100.0, '$17', 150.0]
['$47', 50.0, '$2', 0.0, '$8', 50.0, '$16', 100.0, '$69', 150.0, '$13', 100.0, '$188', 50.0, '$14', 0.0, '$15', 50.0, '$5', 0.0, '$13', 50.0, '$31', 100.0, 150.0, '$2', 100.0, 150.0, '$31', 100.0, '$4', 150.0, '$88', 100.0, '$12', 150.0, '$4', 100.0, '$38', 150.0, '$8', 100.0, '$17', 150.0]
['$47', 50.0, '$2', 0.0, '$7', 50.0, '$16', 100.0, '$72', 150.0, '$16', 100.0, '$182', 50.0, '$8', 0.0, '$22', 50.0, '$5', 0.0, '$11', 50.0, '$68', 100.0, '$4', 150.0, '$87', 100.0, '$13', 150.0, '$5', 100.0, '$39', 150.0, '$7', 100.0, '$16', 150.0]
['$47', 50.0, '$2', 0.0, '$7', 50.0, '$15', 100.0, '$75', 150.0, '$21', 100.0, '$75', 50.0, '$2', 100.0, '$98', 50.0, '$8', 0.0, '$19', 50.0, '$8', 0.0, '$10', 50.0, '$69', 100.0, '$4', 150.0, '$86', 100.0, '$13', 150.0, '$6', 100.0, '$40', 150.0, '$5', 100.0, '$17', 150.0]
['$47', 50.0, '$2', 0.0, '$7', 50.0, '$15', 100.0, '$80', 150.0, '$27', 100.0, '$16', 50.0, '$60', 100.0, '$88', 50.0, '$6', 0.0, '$19', 50.0, '$9', 0.0, '$10', 50.0, '$70', 100.0, '$4', 150.0, '$86', 100.0, '$13', 150.0, '$6', 100.0, '$62', 150.0]
['$55', 50.0, '$15', 100.0, '$85', 150.0, '$103', 100.0, '$84', 50.0, '$5', 0.0, '$19', 50.0, '$9', 0.0, '$10', 50.0, '$72', 100.0, '$3', 150.0, '$85', 100.0, '$14', 150.0, '$6', 100.0, '$62', 150.0]
['$55', 50.0, '$14', 100.0, '$89', 150.0, '$104', 100.0, '$80', 50.0, '$2', 0.0, '$23', 50.0, '$4', 0.0, '$13', 50.0, '$73', 100.0, '$3', 150.0, '$85', 100.0, '$14', 150.0, '$7', 100.0, '$61', 150.0]
['$55', 50.0, '$13', 100.0, '$94', 150.0, '$106', 100.0, '$101', 50.0, 0.0, '$12', 50.0, '$61', 100.0, 150.0, '$14', 100.0, '$2', 150.0, '$85', 100.0, '$14', 150.0, '$7', 100.0, '$61', 150.0]
['$54', 50.0, '$14', 100.0, '$98', 150.0, '$56', 100.0, '$28', 150.0, '$24', 100.0, '$107', 50.0, '$62', 100.0, '$2', 150.0, '$13', 100.0, '$2', 150.0, '$86', 100.0, '$13', 150.0, '$7', 100.0, '$61', 150.0]
['$54', 50.0, '$14', 100.0, '$48', 150.0, '$2', 100.0, '$62', 150.0, '$8', 100.0, '$14', 150.0, '$10', 100.0, '$45', 150.0, '$18', 100.0, '$105', 50.0, '$62', 100.0, '$3', 150.0, '$13', 100.0, '$2', 150.0, '$86', 100.0, '$13', 150.0, '$7', 100.0, '$61', 150.0]
['$53', 50.0, '$14', 100.0, '$36', 150.0, '$3', 100.0, '$4', 150.0, '$10', 100.0, '$143', 150.0, '$13', 100.0, '$102', 50.0, '$64', 100.0, '$3', 150.0, '$13', 100.0, 150.0, '$19', 100.0, '$2', 150.0, '$66', 100.0, '$10', 150.0, '$11', 100.0, '$60', 150.0]
['$52', 50.0, '$15', 100.0, '$36', 150.0, '$17', 100.0, '$146', 150.0, '$10', 100.0, '$100', 50.0, '$66', 100.0, '$4', 150.0, '$12', 100.0, 150.0, '$19', 100.0, '$2', 150.0, '$66', 100.0, '$10', 150.0, '$11', 100.0, '$60', 150.0]
['$52', 50.0, '$6', 100.0, 150.0, '$7', 100.0, '$37', 150.0, '$17', 100.0, '$148', 150.0, '$8', 100.0, '$98', 50.0, '$67', 100.0, '$6', 150.0, '$11', 100.0, 150.0, '$19', 100.0, '$2', 150.0, '$66', 100.0, '$9', 150.0, '$12', 100.0, '$60', 150.0]
['$52', 50.0, '$5', 100.0, '$4', 150.0, '$5', 100.0, '$37', 150.0, '$17', 100.0, '$16', 150.0, '$5', 100.0, '$130', 150.0, '$5', 100.0, '$62', 50.0, 0.0, '$33', 50.0, '$28', 100.0, '$3', 150.0, '$38', 100.0, '$7', 150.0, '$30', 100.0, 150.0, '$68', 100.0, '$8', 150.0, '$12', 100.0, '$52', 150.0, '$3', 100.0, '$5', 150.0]
['$52', 50.0, '$4', 100.0, '$6', 150.0, '$3', 100.0, '$41', 150.0, '$15', 100.0, '$14', 150.0, '$10', 100.0, '$126', 150.0, '$5', 100.0, '$62', 50.0, 0.0, '$32', 50.0, '$8', 100.0, '$6', 150.0, '$12', 100.0, '$9', 150.0, '$6', 100.0, '$8', 150.0, '$21', 100.0, '$7', 150.0, '$99', 100.0, '$8', 150.0, '$13', 100.0, '$12', 150.0, '$4', 100.0, '$35', 150.0, '$3', 100.0, '$5', 150.0]
['$51', 50.0, '$5', 100.0, '$6', 150.0, '$3', 100.0, '$41', 150.0, '$15', 100.0, '$14', 150.0, '$11', 100.0, '$126', 150.0, '$4', 100.0, '$93', 50.0, '$9', 100.0, '$8', 150.0, '$10', 100.0, '$12', 150.0, '$2', 100.0, '$11', 150.0, '$21', 100.0, '$6', 150.0, '$100', 100.0, '$4', 150.0, '$18', 100.0, '$11', 150.0, '$4', 100.0, '$34', 150.0, 100.0, '$7', 150.0]
['$51', 50.0, '$4', 100.0, '$51', 150.0, '$15', 100.0, '$14', 150.0, '$11', 100.0, '$126', 150.0, '$5', 100.0, '$91', 50.0, '$8', 100.0, '$11', 150.0, '$9', 100.0, '$26', 150.0, '$20', 100.0, '$6', 150.0, '$123', 100.0, '$10', 150.0, '$5', 100.0, '$41', 150.0]
['$51', 50.0, '$4', 100.0, '$51', 150.0, '$15', 100.0, '$14', 150.0, '$11', 100.0, '$126', 150.0, '$5', 100.0, '$69', 50.0, 0.0, '$19', 50.0, '$9', 100.0, '$13', 150.0, '$7', 100.0, '$28', 150.0, '$19', 100.0, '$5', 150.0, '$125', 100.0, '$9', 150.0, '$5', 100.0, '$41', 150.0]
['$50', 50.0, '$5', 100.0, '$51', 150.0, '$16', 100.0, '$13', 150.0, '$13', 100.0, '$125', 150.0, '$5', 100.0, '$66', 50.0, '$2', 0.0, '$8', 50.0, 0.0, '$8', 50.0, '$11', 100.0, '$16', 150.0, '$3', 100.0, '$32', 150.0, '$19', 100.0, '$3', 150.0, '$35', 100.0, '$4', 150.0, '$87', 100.0, '$9', 150.0, '$3', 100.0, '$42', 150.0]
['$50', 50.0, '$4', 100.0, '$52', 150.0, '$17', 100.0, '$12', 150.0, '$13', 100.0, '$20', 150.0, 100.0, '$104', 150.0, '$5', 100.0, '$64', 50.0, '$7', 0.0, '$13', 50.0, '$11', 100.0, '$53', 150.0, '$56', 100.0, '$4', 150.0, '$87', 100.0, '$9', 150.0, '$3', 100.0, '$42', 150.0]
['$50', 50.0, '$4', 100.0, '$53', 150.0, '$18', 100.0, '$6', 150.0, 100.0, '$2', 150.0, '$16', 100.0, '$17', 150.0, '$2', 100.0, '$104', 150.0, '$5', 100.0, '$52', 50.0, '$4', 0.0, '$9', 50.0, '$3', 0.0, 50.0, 0.0, '$13', 50.0, '$8', 100.0, '$57', 150.0, '$55', 100.0, '$5', 150.0, '$87', 100.0, '$9', 150.0, '$3', 100.0, '$42', 150.0]
['$49', 50.0, '$5', 100.0, '$3', 150.0, '$3', 100.0, '$48', 150.0, '$19', 100.0, '$2', 150.0, '$3', 100.0, 150.0, '$17', 100.0, '$15', 150.0, '$4', 100.0, '$50', 150.0, 100.0, '$53', 150.0, '$5', 100.0, '$52', 50.0, '$3', 0.0, '$28', 50.0, '$7', 100.0, '$58', 150.0, '$55', 100.0, '$5', 150.0, '$88', 100.0, '$8', 150.0, '$2', 100.0, '$43', 150.0]
['$48', 50.0, '$5', 100.0, '$4', 150.0, '$5', 100.0, '$46', 150.0, '$19', 100.0, '$2', 150.0, '$20', 100.0, '$15', 150.0, '$6', 100.0, '$49', 150.0, 100.0, '$53', 150.0, '$5', 100.0, '$52', 50.0, '$4', 0.0, '$25', 50.0, '$8', 100.0, '$58', 150.0, '$56', 100.0, '$5', 150.0, '$87', 100.0, '$10', 150.0, 100.0, '$43', 150.0]
['$48', 50.0, '$4', 100.0, '$5', 150.0, '$6', 100.0, '$48', 150.0, '$16', 100.0, '$2', 150.0, '$19', 100.0, '$14', 150.0, '$10', 100.0, '$101', 150.0, '$6', 100.0, '$51', 50.0, '$6', 0.0, '$21', 50.0, '$10', 100.0, '$8', 150.0, '$7', 100.0, '$43', 150.0, '$56', 100.0, '$5', 150.0, '$87', 100.0, '$54', 150.0]
['$46', 50.0, '$6', 100.0, '$5', 150.0, '$7', 100.0, '$9', 150.0, '$3', 100.0, '$37', 150.0, '$35', 100.0, '$13', 150.0, '$12', 100.0, '$51', 150.0, '$4', 100.0, '$2', 150.0, '$2', 100.0, '$41', 150.0, '$6', 100.0, '$52', 50.0, '$3', 0.0, '$20', 50.0, '$14', 100.0, 150.0, 100.0, '$3', 150.0, '$11', 100.0, 150.0, '$2', 100.0, '$36', 150.0, '$58', 100.0, '$4', 150.0, '$87', 100.0, '$55', 150.0]
['$46', 50.0, '$6', 100.0, '$5', 150.0, '$8', 100.0, '$7', 150.0, '$4', 100.0, '$38', 150.0, '$2', 100.0, '$2', 150.0, '$5', 100.0, 150.0, '$23', 100.0, 150.0, 100.0, '$11', 150.0, '$14', 100.0, '$46', 150.0, '$13', 100.0, '$40', 150.0, '$6', 100.0, '$74', 50.0, '$35', 100.0, '$34', 150.0, '$59', 100.0, '$4', 150.0, '$87', 100.0, '$55', 150.0]
['$45', 50.0, '$7', 100.0, '$5', 150.0, '$10', 100.0, '$6', 150.0, '$7', 100.0, '$34', 150.0, '$2', 100.0, '$4', 150.0, '$22', 100.0, '$18', 150.0, '$16', 100.0, '$47', 150.0, '$8', 100.0, '$42', 150.0, '$6', 100.0, '$72', 50.0, '$37', 100.0, '$34', 150.0, '$60', 100.0, '$2', 150.0, '$88', 100.0, '$55', 150.0]
['$38', 50.0, '$2', 100.0, '$4', 50.0, '$8', 100.0, '$5', 150.0, '$9', 100.0, '$8', 150.0, '$7', 100.0, '$32', 150.0, '$3', 100.0, '$4', 150.0, '$22', 100.0, '$18', 150.0, '$16', 100.0, '$47', 150.0, '$7', 100.0, '$43', 150.0, '$6', 100.0, '$41', 50.0, '$4', 100.0, '$24', 50.0, '$39', 100.0, '$35', 150.0, '$150', 100.0, '$55', 150.0]
['$36', 50.0, '$15', 100.0, '$6', 150.0, '$8', 100.0, '$10', 150.0, '$7', 100.0, '$29', 150.0, '$6', 100.0, '$2', 150.0, '$23', 100.0, '$7', 150.0, '$4', 100.0, '$7', 150.0, '$16', 100.0, '$48', 150.0, '$6', 100.0, '$25', 150.0, '$5', 100.0, '$13', 150.0, '$6', 100.0, '$38', 50.0, '$12', 100.0, '$13', 50.0, '$15', 100.0, '$4', 150.0, '$26', 100.0, '$35', 150.0, '$149', 100.0, '$56', 150.0]
['$33', 50.0, '$18', 100.0, '$6', 150.0, '$8', 100.0, '$11', 150.0, '$9', 100.0, '$23', 150.0, '$34', 100.0, '$5', 150.0, '$8', 100.0, '$5', 150.0, '$17', 100.0, '$48', 150.0, '$4', 100.0, '$9', 150.0, '$2', 100.0, '$14', 150.0, '$5', 100.0, '$13', 150.0, '$7', 100.0, '$37', 50.0, '$39', 100.0, '$5', 150.0, '$28', 100.0, '$34', 150.0, '$148', 100.0, '$57', 150.0]
['$32', 50.0, '$18', 100.0, '$7', 150.0, '$11', 100.0, '$8', 150.0, '$11', 100.0, '$21', 150.0, '$33', 100.0, '$5', 150.0, '$10', 100.0, '$2', 150.0, '$20', 100.0, '$10', 150.0, '$2', 100.0, '$35', 150.0, '$4', 100.0, '$9', 150.0, '$3', 100.0, '$11', 150.0, '$7', 100.0, '$13', 150.0, '$7', 100.0, '$37', 50.0, '$37', 100.0, '$7', 150.0, '$16', 100.0, 150.0, '$12', 100.0, '$14', 150.0, '$5', 100.0, '$14', 150.0, '$148', 100.0, '$57', 150.0]
['$30', 50.0, '$11', 100.0, '$2', 50.0, '$7', 100.0, '$7', 150.0, '$13', 100.0, '$6', 150.0, '$12', 100.0, '$19', 150.0, '$33', 100.0, '$6', 150.0, '$32', 100.0, '$9', 150.0, '$5', 100.0, '$33', 150.0, '$4', 100.0, '$9', 150.0, '$3', 100.0, '$11', 150.0, '$8', 100.0, '$12', 150.0, '$7', 100.0, '$24', 50.0, 0.0, '$11', 50.0, '$37', 100.0, '$7', 150.0, '$32', 100.0, '$10', 150.0, '$7', 100.0, '$14', 150.0, '$150', 100.0, '$55', 150.0]
['$29', 50.0, '$11', 100.0, '$4', 50.0, '$7', 100.0, '$5', 150.0, '$16', 100.0, '$2', 150.0, '$14', 100.0, '$18', 150.0, '$34', 100.0, '$6', 150.0, '$33', 100.0, '$7', 150.0, '$7', 100.0, '$32', 150.0, '$5', 100.0, '$9', 150.0, '$2', 100.0, '$10', 150.0, 100.0, 150.0, '$8', 100.0, '$11', 150.0, '$7', 100.0, '$24', 50.0, 0.0, '$11', 50.0, '$36', 100.0, '$3', 150.0, '$38', 100.0, '$6', 150.0, '$12', 100.0, '$11', 150.0, '$154', 100.0, '$52', 150.0]
['$28', 50.0, '$12', 100.0, '$5', 50.0, '$6', 100.0, '$5', 150.0, '$31', 100.0, '$19', 150.0, '$33', 100.0, '$7', 150.0, '$33', 100.0, '$6', 150.0, '$10', 100.0, '$29', 150.0, '$6', 100.0, '$9', 150.0, 100.0, '$11', 150.0, 100.0, 150.0, '$8', 100.0, '$11', 150.0, '$7', 100.0, '$23', 50.0, '$2', 0.0, '$11', 50.0, '$79', 100.0, '$2', 150.0, '$15', 100.0, '$10', 150.0, '$154', 100.0, '$52', 150.0]
['$26', 50.0, '$13', 100.0, '$6', 50.0, '$7', 100.0, '$3', 150.0, '$32', 100.0, '$18', 150.0, '$35', 100.0, '$2', 150.0, '$57', 100.0, '$7', 150.0, '$8', 100.0, '$10', 150.0, '$7', 100.0, '$14', 150.0, '$6', 100.0, 150.0, '$7', 100.0, '$8', 150.0, '$2', 100.0, '$3', 150.0, '$6', 100.0, '$25', 50.0, 0.0, '$11', 50.0, '$100', 100.0, '$6', 150.0, '$166', 100.0, '$40', 150.0]
['$25', 50.0, '$13', 100.0, '$7', 50.0, '$7', 100.0, '$3', 150.0, '$33', 100.0, '$16', 150.0, '$36', 100.0, '$2', 150.0, '$58', 100.0, '$6', 150.0, '$9', 100.0, '$9', 150.0, '$7', 100.0, '$14', 150.0, '$6', 100.0, 150.0, '$3', 100.0, '$2', 150.0, '$2', 100.0, '$8', 150.0, 100.0, '$4', 150.0, '$6', 100.0, '$37', 50.0, '$100', 100.0, '$5', 150.0, '$167', 100.0, '$40', 150.0]
['$24', 50.0, '$14', 100.0, '$7', 50.0, '$43', 100.0, '$16', 150.0, '$36', 100.0, '$2', 150.0, '$61', 100.0, 150.0, '$12', 100.0, '$8', 150.0, '$7', 100.0, '$13', 150.0, '$9', 100.0, '$9', 150.0, '$5', 100.0, '$5', 150.0, '$6', 100.0, '$37', 50.0, '$268', 100.0, '$44', 150.0]
['$22', 50.0, '$16', 100.0, '$7', 50.0, '$44', 100.0, '$14', 150.0, '$115', 100.0, '$5', 150.0, '$8', 100.0, '$13', 150.0, '$8', 100.0, '$12', 150.0, '$3', 100.0, '$6', 150.0, '$5', 100.0, '$36', 50.0, '$268', 100.0, '$45', 150.0]
['$21', 50.0, '$17', 100.0, '$7', 50.0, '$46', 100.0, '$10', 150.0, '$131', 100.0, '$12', 150.0, '$8', 100.0, '$13', 150.0, '$3', 100.0, '$5', 150.0, '$5', 100.0, '$36', 50.0, '$267', 100.0, '$13', 150.0, '$14', 100.0, '$19', 150.0]
['$20', 50.0, '$17', 100.0, '$7', 50.0, '$48', 100.0, '$8', 150.0, '$88', 100.0, 150.0, '$37', 100.0, '$2', 150.0, '$4', 100.0, '$11', 150.0, '$9', 100.0, '$11', 150.0, '$6', 100.0, '$4', 150.0, '$5', 100.0, '$36', 50.0, '$267', 100.0, '$10', 150.0, '$20', 100.0, '$16', 150.0]
['$19', 50.0, '$17', 100.0, '$8', 50.0, '$19', 100.0, 150.0, '$124', 100.0, 150.0, '$36', 100.0, '$3', 150.0, '$5', 100.0, '$10', 150.0, '$10', 100.0, '$6', 150.0, '$10', 100.0, '$3', 150.0, '$6', 100.0, '$36', 50.0, '$88', 100.0, '$3', 150.0, '$176', 100.0, '$10', 150.0, '$20', 100.0, '$16', 150.0]
['$18', 50.0, '$16', 100.0, '$10', 50.0, '$18', 100.0, '$2', 150.0, '$161', 100.0, '$4', 150.0, '$4', 100.0, '$9', 150.0, '$11', 100.0, '$6', 150.0, '$11', 100.0, '$2', 150.0, '$6', 100.0, '$35', 50.0, '$89', 100.0, '$3', 150.0, '$176', 100.0, '$10', 150.0, '$22', 100.0, '$14', 150.0]
['$18', 50.0, '$15', 100.0, '$11', 50.0, '$182', 100.0, '$4', 150.0, '$5', 100.0, '$7', 150.0, '$36', 100.0, '$35', 50.0, '$86', 100.0, '$7', 150.0, '$176', 100.0, '$6', 150.0, '$27', 100.0, '$12', 150.0]
['$17', 50.0, '$14', 100.0, '$13', 50.0, '$184', 100.0, '$2', 150.0, '$7', 100.0, '$2', 150.0, '$39', 100.0, '$35', 50.0, '$86', 100.0, '$7', 150.0, '$177', 100.0, '$4', 150.0, '$29', 100.0, '$11', 150.0]
['$17', 50.0, '$12', 100.0, '$14', 50.0, '$185', 100.0, 150.0, '$49', 100.0, '$34', 50.0, '$89', 100.0, '$4', 150.0, '$85', 100.0, '$5', 50.0, '$122', 100.0, '$10', 150.0]
['$6', 50.0, '$3', 100.0, '$7', 50.0, '$12', 100.0, '$14', 50.0, '$236', 100.0, '$34', 50.0, '$178', 100.0, '$6', 50.0, '$131', 100.0]
['$5', 50.0, '$5', 100.0, '$6', 50.0, '$12', 100.0, '$14', 50.0, '$236', 100.0, '$8', 50.0, 0.0, '$25', 50.0, '$178', 100.0, '$6', 50.0, '$131', 100.0]
['$4', 50.0, '$8', 100.0, '$4', 50.0, '$11', 100.0, '$15', 50.0, '$170', 100.0, '$3', 150.0, '$63', 100.0, '$7', 50.0, '$3', 0.0, '$24', 50.0, '$45', 100.0, '$2', 150.0, '$132', 100.0, '$5', 50.0, '$21', 100.0, '$2', 50.0, '$108', 100.0]
['$4', 50.0, '$9', 100.0, '$3', 50.0, '$10', 100.0, '$5', 50.0, '$4', 100.0, '$6', 50.0, '$171', 100.0, '$3', 150.0, '$63', 100.0, '$6', 50.0, '$4', 0.0, '$24', 50.0, '$42', 100.0, '$5', 150.0, '$133', 100.0, '$3', 50.0, '$21', 100.0, '$8', 50.0, '$103', 100.0]
['$3', 50.0, '$10', 100.0, '$3', 50.0, '$10', 100.0, '$4', 50.0, '$6', 100.0, '$5', 50.0, '$171', 100.0, '$3', 150.0, '$31', 100.0, '$4', 150.0, '$28', 100.0, '$6', 50.0, '$4', 0.0, '$23', 50.0, '$43', 100.0, '$6', 150.0, '$12', 100.0, '$3', 150.0, '$118', 100.0, '$2', 50.0, '$21', 100.0, '$10', 50.0, '$101', 100.0]
['$2', 50.0, '$12', 100.0, '$2', 50.0, '$10', 100.0, '$3', 50.0, '$8', 100.0, '$3', 50.0, '$170', 100.0, '$6', 150.0, '$27', 100.0, '$8', 150.0, '$27', 100.0, '$6', 50.0, '$2', 0.0, '$25', 50.0, '$35', 100.0, 150.0, '$6', 100.0, '$7', 150.0, '$11', 100.0, '$5', 150.0, '$140', 100.0, '$11', 50.0, '$100', 100.0]
['$14', 100.0, '$2', 50.0, '$22', 100.0, 50.0, '$6', 100.0, '$2', 150.0, '$135', 100.0, '$3', 150.0, '$25', 100.0, '$7', 150.0, '$25', 100.0, '$9', 150.0, '$27', 100.0, '$15', 50.0, 100.0, '$16', 50.0, '$15', 100.0, '$7', 150.0, '$14', 100.0, 150.0, '$6', 100.0, '$8', 150.0, '$11', 100.0, '$3', 150.0, '$142', 100.0, '$10', 50.0, '$40', 100.0, '$3', 150.0, '$57', 100.0]
['$15', 100.0, 50.0, '$15', 100.0, '$4', 150.0, '$7', 100.0, '$7', 150.0, '$131', 100.0, '$6', 150.0, '$24', 100.0, '$8', 150.0, '$23', 100.0, '$12', 150.0, '$26', 100.0, '$12', 50.0, '$5', 100.0, '$14', 50.0, '$13', 100.0, '$11', 150.0, '$11', 100.0, '$2', 150.0, '$6', 100.0, '$9', 150.0, '$10', 100.0, '$4', 150.0, '$32', 100.0, '$3', 150.0, '$16', 100.0, '$4', 150.0, '$56', 100.0, '$3', 150.0, '$27', 100.0, '$10', 50.0, '$38', 100.0, '$7', 150.0, '$10', 100.0, '$4', 150.0, '$41', 100.0]
['$15', 100.0, 50.0, '$14', 100.0, '$6', 150.0, '$5', 100.0, '$9', 150.0, '$67', 100.0, '$6', 150.0, '$32', 100.0, '$4', 150.0, '$9', 100.0, '$2', 150.0, '$9', 100.0, '$8', 150.0, '$22', 100.0, '$10', 150.0, '$22', 100.0, '$13', 150.0, '$26', 100.0, '$10', 50.0, '$8', 100.0, '$12', 50.0, '$12', 100.0, '$13', 150.0, '$9', 100.0, '$4', 150.0, '$4', 100.0, '$10', 150.0, '$10', 100.0, '$4', 150.0, '$13', 100.0, '$3', 150.0, '$13', 100.0, '$9', 150.0, '$12', 100.0, '$6', 150.0, '$54', 100.0, '$5', 150.0, '$28', 100.0, '$8', 50.0, '$36', 100.0, '$11', 150.0, '$6', 100.0, '$8', 150.0, '$39', 100.0]
['$7', 100.0, 150.0, '$7', 100.0, 50.0, '$14', 100.0, '$2', 150.0, '$2', 200.0, '$3', 150.0, '$3', 100.0, '$10', 150.0, '$51', 100.0, '$23', 150.0, '$30', 100.0, '$6', 150.0, '$7', 100.0, '$4', 150.0, '$7', 100.0, '$9', 150.0, '$6', 100.0, '$4', 150.0, '$12', 100.0, '$10', 150.0, '$21', 100.0, '$15', 150.0, '$25', 100.0, '$9', 50.0, '$12', 100.0, '$8', 50.0, '$12', 100.0, '$14', 150.0, '$7', 100.0, '$6', 150.0, '$4', 100.0, '$4', 150.0, '$2', 200.0, '$5', 150.0, '$8', 100.0, '$7', 150.0, '$8', 100.0, '$10', 150.0, '$8', 100.0, '$12', 150.0, '$9', 100.0, '$8', 150.0, '$52', 100.0, '$7', 150.0, '$29', 100.0, '$6', 50.0, '$19', 100.0, '$4', 150.0, '$11', 100.0, '$29', 150.0, '$37', 100.0]
['$7', 100.0, 150.0, '$7', 100.0, 50.0, '$13', 100.0, '$3', 150.0, '$3', 200.0, '$3', 150.0, 100.0, '$4', 150.0, '$3', 200.0, '$5', 150.0, '$7', 100.0, '$2', 150.0, '$10', 100.0, '$6', 150.0, '$23', 100.0, '$30', 150.0, '$19', 100.0, '$13', 150.0, '$5', 100.0, '$6', 150.0, '$6', 100.0, '$10', 150.0, '$3', 100.0, '$8', 150.0, '$10', 100.0, '$11', 150.0, '$11', 100.0, '$2', 150.0, '$7', 100.0, '$15', 150.0, '$9', 100.0, '$7', 150.0, '$10', 100.0, '$7', 50.0, '$4', 100.0, '$2', 150.0, '$9', 100.0, '$5', 50.0, '$4', 100.0, '$2', 150.0, '$6', 100.0, '$15', 150.0, '$5', 100.0, '$9', 150.0, '$3', 100.0, '$3', 150.0, '$3', 200.0, '$5', 150.0, '$7', 100.0, '$12', 150.0, '$2', 100.0, '$14', 150.0, '$5', 100.0, '$14', 150.0, '$6', 100.0, '$11', 150.0, '$51', 100.0, '$8', 150.0, '$30', 100.0, 50.0, '$17', 100.0, '$10', 150.0, '$8', 100.0, '$32', 150.0, '$36', 100.0]
['$7', 100.0, 150.0, '$21', 100.0, '$3', 150.0, '$4', 200.0, '$7', 150.0, '$3', 200.0, '$5', 150.0, '$5', 100.0, '$30', 150.0, '$11', 100.0, '$66', 150.0, 100.0, '$8', 150.0, '$6', 100.0, '$5', 150.0, 200.0, '$16', 150.0, '$9', 100.0, '$26', 150.0, '$6', 100.0, '$16', 150.0, '$3', 100.0, '$17', 150.0, '$14', 100.0, '$5', 150.0, '$15', 100.0, '$24', 150.0, '$5', 100.0, '$15', 150.0, '$4', 200.0, '$4', 150.0, '$5', 100.0, '$67', 150.0, 100.0, '$3', 150.0, '$30', 100.0, '$7', 150.0, '$8', 100.0, '$16', 150.0, '$11', 100.0, '$4', 150.0, '$19', 100.0, '$19', 150.0, '$3', 100.0, '$35', 150.0, '$36', 100.0]
['$29', 100.0, '$3', 150.0, '$4', 200.0, '$6', 150.0, '$4', 200.0, '$6', 150.0, '$4', 100.0, '$32', 150.0, '$9', 100.0, '$76', 150.0, '$5', 100.0, '$4', 150.0, '$3', 200.0, '$16', 150.0, '$8', 100.0, '$27', 150.0, '$5', 100.0, '$38', 150.0, '$11', 100.0, '$9', 150.0, '$11', 100.0, '$25', 150.0, '$4', 100.0, '$15', 150.0, '$5', 200.0, '$4', 150.0, '$5', 100.0, '$74', 150.0, '$24', 100.0, '$35', 150.0, '$6', 100.0, '$11', 150.0, '$13', 100.0, '$60', 150.0, '$36', 100.0]
['$16', 100.0, '$2', 50.0, '$2', 100.0, '$3', 50.0, '$6', 100.0, '$3', 150.0, '$4', 200.0, '$5', 150.0, '$4', 200.0, '$7', 150.0, '$2', 100.0, '$34', 150.0, '$9', 100.0, '$71', 150.0, 200.0, '$4', 150.0, '$5', 100.0, '$4', 150.0, '$3', 200.0, '$17', 150.0, '$8', 100.0, '$4', 150.0, 200.0, '$21', 150.0, '$6', 100.0, '$8', 150.0, 200.0, '$32', 150.0, '$5', 100.0, '$17', 150.0, '$2', 100.0, '$16', 150.0, '$2', 200.0, '$10', 150.0, '$4', 100.0, '$15', 150.0, '$4', 200.0, '$5', 150.0, '$3', 100.0, '$77', 150.0, '$10', 100.0, '$5', 150.0, '$4', 100.0, '$25', 150.0, '$3', 200.0, '$101', 150.0, '$36', 100.0]
['$16', 100.0, '$8', 50.0, '$5', 100.0, '$4', 150.0, '$4', 200.0, '$3', 150.0, '$4', 200.0, '$45', 150.0, '$8', 100.0, '$61', 150.0, '$2', 200.0, '$6', 150.0, '$4', 200.0, '$3', 150.0, '$6', 100.0, '$3', 150.0, '$4', 200.0, '$16', 150.0, '$8', 100.0, '$3', 150.0, '$3', 200.0, '$21', 150.0, '$5', 100.0, '$7', 150.0, '$2', 200.0, '$61', 150.0, '$2', 200.0, '$7', 150.0, '$5', 200.0, '$9', 150.0, '$4', 100.0, '$14', 150.0, '$5', 200.0, '$5', 150.0, '$3', 100.0, '$62', 150.0, '$2', 200.0, '$14', 150.0, '$9', 100.0, '$34', 150.0, '$4', 200.0, '$91', 150.0, 200.0, '$8', 150.0, '$36', 100.0]
['$17', 100.0, '$7', 50.0, '$5', 100.0, '$5', 150.0, '$10', 200.0, '$14', 150.0, '$4', 200.0, '$9', 150.0, '$4', 200.0, '$6', 150.0, '$3', 200.0, '$5', 150.0, '$7', 100.0, '$7', 150.0, '$12', 200.0, '$8', 150.0, '$2', 200.0, '$9', 150.0, '$7', 200.0, '$15', 150.0, '$6', 200.0, '$3', 150.0, '$5', 200.0, '$3', 150.0, '$6', 100.0, '$3', 150.0, '$4', 200.0, '$10', 150.0, '$3', 200.0, '$4', 150.0, '$7', 100.0, '$3', 150.0, '$3', 200.0, '$5', 150.0, '$7', 200.0, 150.0, '$3', 200.0, '$5', 150.0, '$6', 100.0, '$6', 150.0, '$4', 200.0, '$57', 150.0, '$5', 200.0, '$5', 150.0, '$7', 200.0, '$8', 150.0, '$4', 100.0, '$13', 150.0, '$6', 200.0, '$5', 150.0, '$3', 100.0, '$4', 150.0, '$5', 200.0, 150.0, '$6', 200.0, '$29', 150.0, '$2', 200.0, '$14', 150.0, '$4', 200.0, '$14', 150.0, '$3', 100.0, 50.0, '$3', 100.0, '$33', 150.0, '$6', 200.0, '$6', 150.0, '$2', 200.0, '$35', 150.0, '$7', 200.0, '$17', 150.0, 200.0, '$11', 150.0, '$3', 200.0, '$8', 150.0, '$3', 200.0, '$7', 150.0, '$36', 100.0]
['$17', 100.0, '$7', 50.0, '$5', 100.0, '$6', 150.0, '$8', 200.0, '$14', 150.0, '$9', 200.0, '$4', 150.0, '$5', 200.0, '$6', 150.0, '$4', 200.0, '$4', 150.0, '$7', 100.0, '$5', 150.0, '$15', 200.0, '$6', 150.0, '$22', 200.0, '$12', 150.0, '$7', 200.0, 150.0, '$6', 200.0, '$3', 150.0, '$6', 100.0, '$3', 150.0, '$4', 200.0, '$9', 150.0, '$4', 200.0, '$4', 150.0, '$7', 100.0, '$4', 150.0, '$2', 200.0, '$5', 150.0, '$12', 200.0, '$4', 150.0, '$6', 100.0, '$6', 150.0, '$4', 200.0, '$10', 150.0, '$9', 200.0, '$38', 150.0, '$6', 200.0, '$3', 150.0, '$9', 200.0, '$7', 150.0, '$4', 100.0, '$4', 150.0, 200.0, '$7', 150.0, '$7', 200.0, '$4', 150.0, '$4', 100.0, '$3', 150.0, '$13', 200.0, '$28', 150.0, '$5', 200.0, '$12', 150.0, '$4', 200.0, '$6', 150.0, '$3', 200.0, '$5', 150.0, '$3', 100.0, 50.0, '$3', 100.0, '$16', 150.0, '$3', 200.0, '$12', 150.0, '$8', 200.0, '$5', 150.0, '$4', 200.0, '$34', 150.0, '$8', 200.0, '$15', 150.0, '$3', 200.0, '$21', 150.0, '$3', 200.0, '$7', 150.0, '$36', 100.0]
['$17', 100.0, '$7', 50.0, '$5', 100.0, '$6', 150.0, '$8', 200.0, '$14', 150.0, '$10', 200.0, '$3', 150.0, '$5', 200.0, '$6', 150.0, '$4', 200.0, '$4', 150.0, '$6', 100.0, '$5', 150.0, '$17', 200.0, '$4', 150.0, '$24', 200.0, '$11', 150.0, '$7', 200.0, 150.0, '$6', 200.0, '$3', 150.0, '$6', 100.0, '$4', 150.0, '$3', 200.0, '$8', 150.0, '$5', 200.0, '$4', 150.0, '$7', 100.0, '$4', 150.0, '$2', 200.0, '$5', 150.0, '$12', 200.0, '$4', 150.0, '$7', 100.0, '$5', 150.0, '$4', 200.0, '$9', 150.0, '$11', 200.0, '$37', 150.0, '$6', 200.0, '$3', 150.0, '$9', 200.0, '$7', 150.0, '$3', 100.0, '$5', 150.0, 200.0, '$7', 150.0, '$7', 200.0, '$4', 150.0, '$3', 100.0, '$4', 150.0, '$13', 200.0, '$7', 150.0, '$3', 200.0, '$19', 150.0, '$5', 200.0, '$11', 150.0, '$3', 200.0, '$7', 150.0, '$4', 200.0, '$4', 150.0, '$7', 100.0, '$16', 150.0, '$3', 200.0, '$11', 150.0, '$5', 200.0, 150.0, '$2', 200.0, '$7', 150.0, '$3', 200.0, '$18', 150.0, '$4', 200.0, '$14', 150.0, '$5', 200.0, '$16', 150.0, '$3', 200.0, '$20', 150.0, '$5', 200.0, '$6', 150.0, '$36', 100.0]
['$17', 100.0, '$7', 50.0, '$5', 100.0, '$7', 150.0, '$7', 200.0, '$13', 150.0, '$10', 200.0, '$5', 150.0, '$3', 200.0, '$7', 150.0, '$4', 200.0, '$5', 150.0, '$5', 100.0, '$4', 150.0, '$8', 200.0, '$2', 150.0, '$10', 200.0, 150.0, '$25', 200.0, '$11', 150.0, '$6', 200.0, '$3', 150.0, '$4', 200.0, '$3', 150.0, '$8', 100.0, '$3', 150.0, '$3', 200.0, '$7', 150.0, '$5', 200.0, '$5', 150.0, '$7', 100.0, '$4', 150.0, '$2', 200.0, '$6', 150.0, '$6', 200.0, 150.0, '$3', 200.0, '$5', 150.0, '$7', 100.0, '$6', 150.0, '$3', 200.0, '$8', 150.0, '$11', 200.0, '$39', 150.0, '$4', 200.0, '$4', 150.0, '$8', 200.0, '$8', 150.0, '$3', 100.0, '$5', 150.0, 200.0, '$8', 150.0, '$5', 200.0, '$4', 150.0, '$4', 100.0, '$3', 150.0, '$14', 200.0, '$6', 150.0, '$4', 200.0, '$35', 150.0, '$3', 200.0, '$7', 150.0, '$4', 200.0, '$5', 150.0, '$6', 100.0, '$32', 150.0, '$2', 200.0, '$12', 150.0, '$2', 200.0, '$18', 150.0, '$4', 200.0, '$2', 150.0, '$6', 200.0, '$7', 150.0, '$3', 200.0, '$16', 150.0, '$4', 200.0, '$20', 150.0, '$5', 200.0, '$7', 150.0, '$35', 100.0]
['$16', 100.0, '$8', 50.0, '$6', 100.0, '$8', 150.0, '$2', 200.0, '$16', 150.0, '$8', 200.0, '$17', 150.0, '$4', 200.0, '$5', 150.0, '$5', 100.0, '$3', 150.0, '$8', 200.0, '$4', 150.0, '$8', 200.0, '$3', 150.0, '$15', 200.0, 150.0, '$7', 200.0, '$12', 150.0, '$5', 200.0, '$5', 150.0, 200.0, '$5', 150.0, '$8', 100.0, '$14', 150.0, '$3', 200.0, '$5', 150.0, '$8', 100.0, '$13', 150.0, '$2', 200.0, '$12', 150.0, '$7', 100.0, '$18', 150.0, '$9', 200.0, '$41', 150.0, '$2', 200.0, '$6', 150.0, '$6', 200.0, '$9', 150.0, '$3', 100.0, '$17', 150.0, 200.0, '$5', 150.0, '$5', 100.0, '$2', 150.0, '$12', 200.0, '$9', 150.0, '$3', 200.0, '$46', 150.0, '$3', 200.0, '$5', 150.0, '$7', 100.0, '$66', 150.0, 200.0, '$5', 150.0, '$5', 200.0, '$26', 150.0, '$3', 200.0, '$22', 150.0, '$3', 200.0, '$9', 150.0, '$34', 100.0]
['$15', 100.0, '$4', 50.0, '$2', 100.0, '$3', 50.0, '$6', 100.0, '$27', 150.0, '$6', 200.0, '$19', 150.0, '$3', 200.0, '$4', 150.0, '$5', 100.0, '$4', 150.0, '$7', 200.0, '$6', 150.0, '$5', 200.0, '$6', 150.0, '$11', 200.0, '$23', 150.0, '$4', 200.0, '$12', 150.0, '$8', 100.0, '$22', 150.0, '$8', 100.0, '$26', 150.0, '$8', 100.0, '$19', 150.0, '$7', 200.0, '$53', 150.0, '$2', 200.0, '$10', 150.0, '$3', 100.0, '$23', 150.0, '$5', 100.0, '$3', 150.0, '$6', 200.0, '$71', 150.0, '$7', 100.0, '$60', 150.0, '$2', 100.0, '$12', 150.0, '$2', 200.0, '$28', 150.0, '$2', 200.0, '$24', 150.0, 200.0, '$9', 150.0, '$34', 100.0]
['$15', 100.0, '$9', 50.0, '$8', 100.0, '$26', 150.0, '$3', 200.0, '$22', 150.0, 200.0, '$4', 150.0, '$7', 100.0, '$4', 150.0, '$3', 200.0, '$10', 150.0, '$4', 200.0, '$8', 150.0, '$7', 200.0, '$40', 150.0, '$9', 100.0, '$22', 150.0, '$8', 100.0, '$26', 150.0, '$8', 100.0, '$54', 150.0, '$8', 100.0, '$29', 150.0, '$3', 100.0, '$22', 150.0, '$5', 100.0, '$4', 150.0, '$4', 200.0, '$72', 150.0, '$8', 100.0, '$58', 150.0, '$4', 100.0, '$42', 150.0, '$2', 200.0, '$36', 150.0, '$32', 100.0]
['$15', 100.0, '$10', 50.0, '$9', 100.0, '$54', 150.0, '$8', 100.0, '$16', 150.0, '$3', 200.0, '$11', 150.0, '$4', 200.0, '$40', 150.0, '$11', 100.0, '$20', 150.0, '$10', 100.0, '$25', 150.0, '$9', 100.0, '$31', 150.0, '$9', 100.0, '$9', 150.0, '$14', 100.0, '$26', 150.0, '$5', 100.0, '$21', 150.0, '$6', 100.0, '$4', 150.0, '$2', 200.0, '$73', 150.0, '$3', 100.0, 50.0, '$5', 100.0, '$57', 150.0, '$5', 100.0, '$41', 150.0, '$2', 200.0, '$36', 150.0, '$32', 100.0]
['$15', 100.0, '$10', 50.0, '$28', 100.0, '$34', 150.0, '$10', 100.0, '$16', 150.0, '$2', 200.0, '$54', 150.0, '$13', 100.0, '$18', 150.0, '$12', 100.0, '$23', 150.0, '$11', 100.0, '$28', 150.0, '$36', 100.0, '$24', 150.0, '$6', 100.0, '$20', 150.0, '$6', 100.0, '$65', 150.0, '$6', 100.0, '$6', 150.0, '$5', 100.0, '$2', 50.0, '$6', 100.0, '$13', 150.0, '$7', 100.0, '$14', 150.0, '$7', 100.0, '$6', 150.0, 100.0, '$5', 150.0, '$7', 100.0, '$6', 150.0, '$3', 100.0, '$6', 150.0, '$5', 100.0, '$6', 150.0, '$4', 100.0, '$12', 150.0, 200.0, '$14', 150.0, '$2', 100.0, '$20', 150.0, '$32', 100.0]
['$15', 100.0, '$11', 50.0, '$29', 100.0, '$12', 150.0, '$7', 100.0, '$12', 150.0, '$12', 100.0, '$37', 150.0, '$5', 100.0, '$6', 150.0, '$6', 100.0, '$8', 150.0, '$23', 100.0, '$3', 150.0, '$8', 100.0, '$4', 150.0, '$16', 100.0, '$20', 150.0, '$13', 100.0, '$25', 150.0, '$40', 100.0, '$4', 150.0, '$3', 100.0, '$14', 150.0, '$8', 100.0, '$18', 150.0, '$7', 100.0, '$15', 150.0, '$5', 100.0, '$8', 150.0, '$3', 100.0, '$11', 150.0, '$16', 100.0, '$2', 150.0, '$13', 100.0, '$2', 150.0, '$7', 100.0, '$2', 50.0, '$67', 100.0, '$3', 150.0, '$7', 100.0, '$3', 150.0, '$7', 100.0, '$4', 150.0, '$7', 100.0, '$23', 150.0, '$11', 100.0, '$13', 150.0, '$32', 100.0]
['$14', 100.0, '$12', 50.0, '$31', 100.0, '$4', 150.0, '$15', 100.0, '$9', 150.0, '$5', 100.0, '$5', 50.0, '$14', 100.0, '$9', 150.0, '$4', 100.0, '$10', 150.0, '$11', 100.0, 150.0, '$72', 100.0, '$4', 150.0, '$29', 100.0, '$5', 150.0, '$6', 100.0, '$10', 150.0, '$7', 100.0, '$5', 50.0, '$17', 100.0, '$3', 50.0, '$20', 100.0, '$8', 150.0, '$12', 100.0, 150.0, '$10', 100.0, '$6', 150.0, '$7', 100.0, '$12', 150.0, '$11', 100.0, '$2', 150.0, '$56', 100.0, '$4', 50.0, '$86', 100.0, '$3', 150.0, '$9', 100.0, '$21', 150.0, '$19', 100.0, '$4', 150.0, '$34', 100.0]
['$12', 100.0, '$14', 50.0, '$15', 100.0, '$6', 50.0, '$31', 100.0, '$6', 150.0, '$4', 100.0, '$8', 50.0, '$14', 100.0, '$7', 150.0, '$8', 100.0, '$6', 150.0, '$42', 100.0, '$2', 50.0, '$88', 100.0, '$3', 150.0, '$11', 100.0, '$8', 50.0, '$10', 100.0, '$9', 50.0, '$50', 100.0, '$3', 150.0, '$10', 100.0, '$7', 150.0, '$72', 100.0, '$5', 50.0, '$100', 100.0, '$18', 150.0, '$58', 100.0]
['$9', 100.0, '$16', 50.0, '$15', 100.0, '$10', 50.0, '$37', 100.0, '$10', 50.0, '$15', 100.0, '$3', 150.0, '$13', 100.0, 150.0, '$42', 100.0, '$8', 50.0, '$23', 100.0, '$4', 50.0, '$70', 100.0, '$29', 50.0, '$62', 100.0, '$5', 150.0, '$72', 100.0, '$7', 50.0, '$40', 100.0, '$4', 50.0, '$57', 100.0, '$15', 150.0, '$60', 100.0]
['$6', 100.0, '$14', 50.0, 100.0, '$3', 50.0, '$15', 100.0, '$13', 50.0, '$14', 100.0, '$8', 50.0, '$12', 100.0, '$19', 50.0, '$30', 100.0, '$5', 50.0, '$7', 100.0, '$4', 50.0, '$9', 100.0, '$21', 50.0, '$9', 100.0, '$4', 50.0, '$7', 100.0, '$6', 50.0, '$68', 100.0, '$30', 50.0, '$64', 100.0, '$2', 150.0, '$71', 100.0, '$9', 50.0, '$9', 100.0, '$7', 50.0, '$23', 100.0, '$5', 50.0, '$28', 100.0, '$3', 50.0, '$28', 100.0, '$12', 150.0, '$61', 100.0]
['$4', 100.0, '$15', 50.0, '$20', 100.0, '$37', 50.0, '$8', 100.0, '$23', 50.0, '$9', 100.0, '$6', 50.0, '$10', 100.0, '$83', 50.0, '$7', 100.0, '$5', 50.0, '$48', 100.0, '$30', 50.0, '$134', 100.0, '$11', 50.0, '$7', 100.0, '$20', 50.0, '$12', 100.0, '$8', 50.0, '$25', 100.0, '$10', 50.0, '$29', 100.0, '$3', 150.0, '$63', 100.0]
['$18', 50.0, '$21', 100.0, '$38', 50.0, '$5', 100.0, '$26', 50.0, '$6', 100.0, '$11', 50.0, '$6', 100.0, '$86', 50.0, '$3', 100.0, '$14', 50.0, '$41', 100.0, '$30', 50.0, '$133', 100.0, '$12', 50.0, '$3', 100.0, '$25', 50.0, 100.0, 50.0, '$8', 100.0, '$9', 50.0, '$5', 100.0, '$3', 50.0, '$17', 100.0, '$10', 50.0, '$95', 100.0]
['$18', 50.0, '$22', 100.0, '$195', 50.0, '$40', 100.0, '$30', 50.0, '$110', 100.0, '$7', 50.0, '$14', 100.0, '$13', 50.0, '$3', 100.0, '$46', 50.0, '$3', 100.0, '$5', 50.0, '$15', 100.0, '$11', 50.0, '$95', 100.0]
['$17', 50.0, '$23', 100.0, '$195', 50.0, '$8', 100.0, '$16', 50.0, '$17', 100.0, '$29', 50.0, '$111', 100.0, '$10', 50.0, '$9', 100.0, '$13', 50.0, '$3', 100.0, '$47', 50.0, '$2', 100.0, '$7', 50.0, '$15', 100.0, '$9', 50.0, '$96', 100.0]
['$17', 50.0, '$24', 100.0, '$196', 50.0, '$2', 100.0, '$22', 50.0, '$16', 100.0, '$27', 50.0, '$114', 100.0, '$8', 50.0, '$8', 100.0, '$14', 50.0, '$3', 100.0, '$47', 50.0, '$2', 100.0, '$6', 50.0, '$19', 100.0, '$5', 50.0, '$19', 100.0, '$2', 50.0, '$76', 100.0]
['$18', 50.0, '$23', 100.0, '$221', 50.0, '$15', 100.0, '$26', 50.0, '$115', 100.0, '$8', 50.0, '$6', 100.0, '$15', 50.0, '$4', 100.0, '$7', 50.0, 100.0, '$38', 50.0, '$3', 100.0, '$6', 50.0, '$42', 100.0, '$11', 50.0, '$68', 100.0]
['$18', 50.0, '$23', 100.0, '$223', 50.0, '$13', 100.0, '$26', 50.0, '$115', 100.0, '$9', 50.0, '$4', 100.0, '$16', 50.0, '$4', 100.0, '$7', 50.0, '$2', 100.0, '$37', 50.0, '$3', 100.0, '$6', 50.0, '$42', 100.0, '$12', 50.0, '$67', 100.0]
['$19', 50.0, '$22', 100.0, '$224', 50.0, '$12', 100.0, '$26', 50.0, '$115', 100.0, '$9', 50.0, '$3', 100.0, '$17', 50.0, '$4', 100.0, '$7', 50.0, '$2', 100.0, '$38', 50.0, '$2', 100.0, '$7', 50.0, '$41', 100.0, '$12', 50.0, '$67', 100.0]
['$20', 50.0, '$21', 100.0, '$263', 50.0, '$112', 100.0, '$31', 50.0, '$3', 100.0, '$7', 50.0, '$3', 100.0, '$47', 50.0, '$40', 100.0, '$13', 50.0, '$67', 100.0]
['$20', 50.0, '$21', 100.0, '$264', 50.0, '$111', 100.0, '$32', 50.0, '$2', 100.0, '$8', 50.0, '$2', 100.0, '$47', 50.0, '$6', 100.0, '$3', 50.0, '$31', 100.0, '$12', 50.0, '$68', 100.0]
['$21', 50.0, '$19', 100.0, '$120', 50.0, '$5', 100.0, '$140', 50.0, '$111', 100.0, '$32', 50.0, 100.0, '$10', 50.0, 100.0, '$48', 50.0, '$3', 100.0, '$6', 50.0, '$31', 100.0, '$11', 50.0, '$68', 100.0]
['$22', 50.0, '$18', 100.0, '$120', 50.0, '$6', 100.0, '$140', 50.0, '$110', 100.0, '$92', 50.0, '$3', 100.0, '$6', 50.0, '$31', 100.0, '$10', 50.0, '$69', 100.0]
['$22', 50.0, '$18', 100.0, '$120', 50.0, '$6', 100.0, '$141', 50.0, '$108', 100.0, '$93', 50.0, '$3', 100.0, '$6', 50.0, '$32', 100.0, '$8', 50.0, '$70', 100.0]
['$22', 50.0, '$19', 100.0, '$120', 50.0, '$6', 100.0, '$141', 50.0, '$106', 100.0, '$34', 50.0, '$2', 100.0, '$58', 50.0, '$4', 100.0, '$4', 50.0, '$35', 100.0, '$4', 50.0, '$64', 100.0, '$8', 150.0]
['$22', 50.0, '$19', 100.0, '$121', 50.0, '$6', 100.0, '$143', 50.0, '$102', 100.0, '$35', 50.0, '$2', 100.0, '$58', 50.0, '$111', 100.0, '$8', 150.0]
['$23', 50.0, '$19', 100.0, '$120', 50.0, '$10', 100.0, '$141', 50.0, '$2', 100.0, 50.0, '$85', 100.0, '$6', 50.0, '$5', 100.0, '$36', 50.0, '$3', 100.0, '$57', 50.0, '$110', 100.0, '$9', 150.0]
['$23', 50.0, '$20', 100.0, '$119', 50.0, '$8', 100.0, '$148', 50.0, '$82', 100.0, '$35', 50.0, 100.0, '$12', 50.0, '$3', 100.0, '$57', 50.0, '$107', 100.0, '$12', 150.0]
['$23', 50.0, '$21', 100.0, '$118', 50.0, '$9', 100.0, '$148', 50.0, '$65', 100.0, 50.0, '$15', 100.0, '$48', 50.0, '$3', 100.0, '$57', 50.0, '$108', 100.0, '$11', 150.0]
['$23', 50.0, '$21', 100.0, '$118', 50.0, '$10', 100.0, '$148', 50.0, '$64', 100.0, '$2', 50.0, '$6', 100.0, '$56', 50.0, '$3', 100.0, '$57', 50.0, '$6', 100.0, '$6', 50.0, '$96', 100.0, '$11', 150.0]
['$23', 50.0, '$22', 100.0, '$96', 50.0, '$3', 100.0, '$18', 50.0, '$10', 100.0, '$148', 50.0, '$64', 100.0, '$64', 50.0, '$3', 100.0, '$57', 50.0, '$3', 100.0, '$9', 50.0, '$96', 100.0, '$7', 150.0, '$4', 100.0]
['$23', 50.0, '$23', 100.0, '$94', 50.0, '$5', 100.0, '$17', 50.0, '$10', 100.0, '$149', 50.0, '$5', 100.0, '$2', 50.0, '$56', 100.0, '$125', 50.0, '$2', 100.0, '$10', 50.0, '$106', 100.0]
['$23', 50.0, '$23', 100.0, '$94', 50.0, '$6', 100.0, '$16', 50.0, '$10', 100.0, '$149', 50.0, '$4', 100.0, '$4', 50.0, '$55', 100.0, '$35', 50.0, 100.0, '$101', 50.0, '$106', 100.0]
['$23', 50.0, '$23', 100.0, '$32', 50.0, 100.0, '$61', 50.0, '$6', 100.0, '$16', 50.0, '$10', 100.0, '$150', 50.0, '$3', 100.0, '$4', 50.0, '$58', 100.0, '$32', 50.0, '$2', 100.0, '$100', 50.0, '$106', 100.0]
['$23', 50.0, '$23', 100.0, '$32', 50.0, '$2', 100.0, '$28', 50.0, 100.0, '$19', 50.0, 100.0, '$11', 50.0, '$6', 100.0, '$16', 50.0, '$10', 100.0, '$150', 50.0, '$3', 100.0, '$4', 50.0, '$59', 100.0, '$30', 50.0, '$3', 100.0, '$100', 50.0, '$106', 100.0]
