['$220', 250.0]
['$220', 250.0]
['$220', 250.0]
['$220', 250.0]
['$220', 250.0]
['$220', 250.0]
['$220', 250.0]
['$220', 250.0]
['$220', 250.0]
['$220', 250.0]
['$220', 250.0]
['$220', 250.0]
['$164', 250.0, '$6', 200.0, '$50', 250.0]
['$163', 250.0, '$12', 200.0, '$45', 250.0]
['$162', 250.0, '$2', 200.0, '$2', 150.0, '$10', 200.0, '$44', 250.0]
['$161', 250.0, '$2', 200.0, '$3', 150.0, '$11', 200.0, '$43', 250.0]
['$160', 250.0, '$2', 200.0, '$5', 150.0, '$12', 200.0, '$41', 250.0]
['$156', 250.0, '$6', 200.0, '$4', 150.0, '$15', 200.0, '$8', 250.0, '$2', 200.0, '$7', 250.0, '$5', 200.0, '$17', 250.0]
['$152', 250.0, 200.0, '$3', 250.0, '$6', 200.0, '$3', 150.0, '$21', 200.0, '$11', 250.0, '$9', 200.0, '$14', 250.0]
['$155', 250.0, '$44', 200.0, '$3', 150.0, '$4', 200.0, '$14', 250.0]
['$146', 250.0, '$20', 200.0, 150.0, '$21', 200.0, '$17', 150.0, '$3', 200.0, '$12', 250.0]
['$145', 250.0, '$6', 200.0, '$2', 150.0, '$9', 200.0, '$4', 150.0, '$22', 200.0, '$6', 150.0, '$5', 100.0, '$8', 150.0, '$3', 200.0, '$10', 250.0]
['$142', 250.0, '$6', 200.0, '$17', 150.0, '$25', 200.0, '$18', 150.0, '$3', 200.0, '$9', 250.0]
['$141', 250.0, '$6', 200.0, '$4', 150.0, '$2', 100.0, '$10', 150.0, '$40', 200.0, '$7', 150.0, '$2', 200.0, '$8', 250.0]
['$136', 250.0, 200.0, '$3', 250.0, '$6', 200.0, '$4', 150.0, '$5', 100.0, '$5', 150.0, '$18', 200.0, 150.0, '$28', 200.0, '$4', 150.0, '$2', 200.0, 250.0, 200.0, '$5', 250.0]
['$137', 250.0, '$6', 200.0, '$5', 150.0, '$5', 100.0, '$5', 150.0, '$51', 200.0, '$4', 150.0, 200.0, '$6', 250.0]
['$137', 250.0, '$5', 200.0, '$8', 150.0, 100.0, '$3', 150.0, '$55', 200.0, '$2', 150.0, '$2', 100.0, 150.0, 200.0, '$5', 250.0]
['$136', 250.0, '$4', 200.0, '$2', 150.0, '$4', 100.0, '$2', 150.0, '$29', 200.0, 150.0, '$5', 200.0, '$2', 150.0, '$14', 200.0, '$3', 150.0, '$7', 200.0, '$2', 150.0, '$2', 100.0, 150.0, 200.0, '$5', 250.0]
['$136', 250.0, '$2', 200.0, '$2', 150.0, '$7', 100.0, '$2', 150.0, '$27', 200.0, '$3', 150.0, '$3', 200.0, '$3', 150.0, '$15', 200.0, '$4', 150.0, '$5', 200.0, 150.0, '$4', 100.0, 150.0, '$5', 250.0]
['$135', 250.0, '$2', 200.0, 150.0, '$9', 100.0, '$3', 150.0, '$25', 200.0, '$4', 150.0, '$3', 200.0, '$3', 150.0, '$17', 200.0, '$3', 150.0, '$4', 200.0, '$2', 100.0, 50.0, '$2', 100.0, 150.0, '$5', 250.0]
['$135', 250.0, 200.0, '$2', 150.0, '$11', 100.0, '$3', 150.0, '$23', 200.0, '$5', 150.0, '$2', 200.0, '$3', 150.0, '$18', 200.0, '$2', 150.0, '$3', 200.0, 150.0, '$5', 100.0, 150.0, '$5', 250.0]
['$135', 250.0, 200.0, 150.0, '$13', 100.0, '$3', 150.0, '$21', 200.0, '$6', 150.0, 200.0, '$3', 150.0, '$20', 200.0, 150.0, '$3', 200.0, 150.0, '$5', 100.0, 150.0, '$5', 250.0]
['$132', 250.0, 200.0, 250.0, 200.0, '$2', 150.0, '$7', 100.0, 50.0, '$6', 100.0, '$5', 150.0, '$6', 200.0, '$3', 150.0, 200.0, 150.0, '$7', 200.0, '$11', 150.0, '$23', 200.0, 150.0, '$2', 100.0, 50.0, '$2', 100.0, 200.0, '$5', 250.0]
['$134', 250.0, 200.0, '$2', 150.0, '$3', 100.0, '$2', 50.0, '$2', 100.0, 50.0, '$6', 100.0, '$5', 150.0, '$5', 200.0, 150.0, 100.0, '$3', 150.0, '$7', 200.0, '$11', 150.0, '$24', 200.0, 150.0, '$5', 100.0, 200.0, '$5', 250.0]
['$134', 250.0, '$3', 150.0, '$7', 100.0, '$3', 50.0, '$4', 100.0, '$5', 150.0, 200.0, '$5', 150.0, '$3', 100.0, 150.0, '$9', 200.0, '$3', 150.0, 200.0, '$5', 150.0, '$17', 200.0, '$4', 150.0, '$2', 200.0, 150.0, '$5', 100.0, 150.0, 200.0, '$5', 250.0]
['$134', 250.0, '$4', 150.0, '$2', 100.0, '$6', 50.0, '$7', 100.0, '$5', 150.0, '$7', 100.0, 150.0, '$9', 200.0, '$3', 150.0, 200.0, '$5', 150.0, '$19', 200.0, 150.0, '$3', 200.0, 150.0, '$5', 100.0, 200.0, '$6', 250.0]
['$127', 250.0, 200.0, '$3', 250.0, 200.0, '$2', 250.0, '$4', 150.0, '$2', 100.0, '$4', 50.0, '$4', 100.0, 50.0, '$5', 100.0, '$3', 150.0, '$8', 100.0, 150.0, '$11', 200.0, '$7', 150.0, '$24', 200.0, 150.0, '$4', 100.0, 200.0, '$6', 250.0]
['$134', 250.0, '$4', 150.0, '$2', 100.0, '$2', 50.0, '$3', 100.0, 50.0, '$2', 100.0, 50.0, '$6', 100.0, '$2', 150.0, 100.0, '$4', 50.0, 100.0, '$2', 150.0, '$13', 200.0, '$5', 150.0, '$17', 200.0, '$2', 150.0, '$6', 200.0, 150.0, '$3', 100.0, 150.0, 250.0, 200.0, '$5', 250.0]
['$132', 250.0, '$3', 200.0, 150.0, '$2', 200.0, '$6', 100.0, '$5', 50.0, '$10', 100.0, '$3', 50.0, 150.0, '$15', 200.0, '$3', 150.0, '$20', 200.0, '$3', 150.0, '$5', 200.0, 150.0, '$2', 100.0, 200.0, 250.0, 200.0, '$5', 250.0]
['$130', 250.0, '$8', 200.0, '$5', 100.0, '$6', 50.0, 100.0, 50.0, 100.0, 50.0, '$6', 100.0, '$2', 50.0, 150.0, '$16', 200.0, '$2', 150.0, '$15', 200.0, '$3', 150.0, '$4', 200.0, '$3', 150.0, '$5', 200.0, 150.0, 200.0, 250.0, 200.0, '$6', 250.0]
['$129', 250.0, '$8', 200.0, 150.0, '$6', 100.0, '$8', 50.0, '$2', 100.0, 50.0, '$2', 100.0, '$2', 50.0, 100.0, 150.0, '$18', 200.0, 150.0, '$15', 200.0, '$5', 150.0, '$7', 200.0, 150.0, '$3', 200.0, '$7', 250.0, 200.0, 250.0]
['$128', 250.0, '$7', 200.0, '$3', 150.0, '$5', 100.0, '$11', 50.0, '$2', 100.0, '$2', 50.0, 100.0, 150.0, '$36', 200.0, '$5', 150.0, '$11', 200.0, '$8', 250.0]
['$128', 250.0, '$5', 200.0, '$4', 150.0, '$6', 100.0, '$8', 50.0, 100.0, 50.0, '$2', 100.0, 50.0, 100.0, 150.0, '$38', 200.0, '$6', 150.0, '$7', 200.0, '$2', 150.0, '$3', 200.0, '$6', 250.0]
['$128', 250.0, '$3', 200.0, '$5', 150.0, '$8', 100.0, '$9', 50.0, 100.0, 50.0, 100.0, 150.0, '$11', 200.0, '$2', 150.0, '$20', 200.0, '$3', 150.0, '$4', 200.0, '$4', 150.0, 100.0, '$2', 150.0, '$6', 200.0, '$2', 150.0, '$2', 200.0, '$6', 250.0]
['$128', 250.0, '$2', 200.0, '$4', 150.0, '$10', 100.0, '$8', 50.0, '$3', 100.0, 150.0, '$11', 200.0, '$3', 150.0, '$21', 200.0, '$4', 150.0, '$4', 200.0, '$7', 150.0, '$4', 200.0, '$3', 150.0, '$2', 200.0, '$5', 250.0]
['$128', 250.0, 200.0, '$4', 150.0, '$11', 100.0, '$7', 50.0, 100.0, 50.0, 100.0, 150.0, '$12', 200.0, '$2', 150.0, '$4', 200.0, '$2', 150.0, '$16', 200.0, '$5', 150.0, '$6', 200.0, '$5', 150.0, '$4', 200.0, '$2', 150.0, '$3', 200.0, '$4', 250.0]
['$127', 250.0, 200.0, '$2', 150.0, '$15', 100.0, '$6', 50.0, 100.0, 50.0, 150.0, '$10', 200.0, '$6', 150.0, '$2', 200.0, '$5', 150.0, '$15', 200.0, '$5', 150.0, '$6', 200.0, '$5', 150.0, '$4', 200.0, '$3', 150.0, 200.0, '$4', 250.0]
['$127', 250.0, 200.0, '$2', 150.0, '$16', 100.0, '$6', 50.0, 100.0, '$8', 200.0, '$17', 150.0, '$14', 200.0, '$6', 150.0, '$7', 200.0, '$4', 150.0, '$3', 200.0, '$3', 150.0, '$2', 200.0, '$3', 250.0]
['$127', 250.0, 200.0, 150.0, '$12', 100.0, 150.0, '$3', 100.0, '$6', 50.0, 100.0, '$6', 200.0, 150.0, '$2', 200.0, '$11', 150.0, 200.0, '$6', 150.0, '$14', 200.0, '$7', 150.0, '$5', 200.0, '$5', 150.0, '$3', 200.0, '$2', 150.0, '$2', 200.0, '$3', 250.0]
['$127', 250.0, 200.0, 150.0, '$15', 100.0, 50.0, 100.0, '$2', 50.0, 100.0, 50.0, 100.0, 150.0, '$6', 200.0, '$8', 150.0, 100.0, '$13', 150.0, '$16', 200.0, '$6', 150.0, '$4', 200.0, 150.0, 100.0, '$3', 150.0, '$3', 200.0, '$2', 150.0, 200.0, '$3', 250.0]
['$127', 250.0, 200.0, 150.0, '$17', 100.0, 50.0, 100.0, '$2', 50.0, 150.0, '$8', 200.0, '$22', 150.0, '$9', 200.0, 150.0, '$9', 200.0, '$3', 150.0, '$4', 200.0, 150.0, 100.0, '$3', 150.0, '$2', 200.0, '$2', 150.0, '$2', 200.0, '$2', 250.0]
['$127', 250.0, 200.0, 150.0, '$16', 100.0, 50.0, 100.0, '$2', 50.0, 100.0, '$6', 200.0, '$26', 150.0, '$8', 200.0, '$3', 150.0, '$7', 200.0, '$4', 150.0, '$3', 200.0, '$2', 150.0, 100.0, '$2', 150.0, '$3', 200.0, '$2', 150.0, 200.0, '$2', 250.0]
['$128', 250.0, 150.0, '$18', 100.0, 50.0, 100.0, '$6', 200.0, '$28', 150.0, '$8', 200.0, '$3', 150.0, '$8', 200.0, '$3', 150.0, '$3', 200.0, '$2', 150.0, 100.0, '$2', 150.0, '$2', 200.0, '$2', 150.0, 200.0, '$2', 250.0]
['$128', 250.0, 200.0, '$17', 100.0, 50.0, 100.0, '$6', 200.0, '$13', 150.0, 100.0, '$16', 150.0, '$9', 200.0, '$3', 150.0, '$7', 200.0, '$4', 150.0, '$3', 200.0, 150.0, 100.0, '$2', 150.0, 200.0, '$2', 150.0, 200.0, '$2', 250.0]
['$128', 250.0, 200.0, '$13', 100.0, 150.0, '$4', 100.0, 150.0, '$6', 200.0, '$13', 150.0, '$2', 100.0, '$16', 150.0, '$9', 200.0, '$4', 150.0, '$6', 200.0, '$3', 150.0, '$4', 200.0, '$3', 150.0, '$2', 200.0, 150.0, 200.0, '$2', 250.0]
['$128', 250.0, 200.0, 150.0, '$12', 100.0, 150.0, '$3', 100.0, 150.0, 200.0, 150.0, '$5', 200.0, '$11', 150.0, '$6', 100.0, '$16', 150.0, '$8', 200.0, '$4', 150.0, '$5', 200.0, '$5', 150.0, '$2', 200.0, '$4', 150.0, 200.0, 150.0, 200.0, '$2', 250.0]
['$129', 250.0, 150.0, '$12', 100.0, 150.0, '$2', 100.0, 150.0, '$7', 200.0, '$12', 150.0, '$7', 100.0, '$15', 150.0, '$10', 200.0, '$4', 150.0, '$4', 200.0, '$4', 150.0, '$3', 200.0, '$3', 150.0, '$3', 200.0, '$2', 250.0]
['$129', 250.0, '$2', 150.0, '$11', 100.0, 150.0, '$2', 100.0, 150.0, '$6', 200.0, '$13', 150.0, '$7', 100.0, '$16', 150.0, '$10', 200.0, '$5', 150.0, '$2', 200.0, '$5', 150.0, '$2', 200.0, '$2', 150.0, 100.0, 150.0, '$2', 200.0, '$2', 250.0]
['$129', 250.0, 200.0, '$2', 150.0, '$10', 100.0, 150.0, 100.0, 150.0, '$7', 200.0, '$3', 150.0, '$3', 200.0, '$7', 150.0, '$7', 100.0, '$18', 150.0, '$9', 200.0, '$4', 150.0, '$3', 200.0, '$5', 150.0, '$2', 200.0, 150.0, 100.0, 150.0, '$2', 200.0, '$2', 250.0]
['$129', 250.0, 200.0, '$3', 150.0, '$9', 100.0, 150.0, 100.0, '$2', 200.0, 150.0, '$4', 200.0, '$3', 150.0, '$4', 200.0, '$6', 150.0, '$8', 100.0, '$6', 150.0, 200.0, '$11', 150.0, '$10', 200.0, '$4', 150.0, '$3', 200.0, '$5', 150.0, '$2', 200.0, 150.0, 100.0, 150.0, 200.0, '$2', 250.0]
['$129', 250.0, 200.0, '$3', 150.0, '$9', 100.0, '$2', 150.0, '$6', 200.0, '$5', 150.0, '$3', 200.0, '$7', 150.0, '$8', 100.0, '$5', 150.0, 200.0, '$12', 150.0, '$10', 200.0, '$4', 150.0, '$3', 200.0, '$4', 150.0, '$2', 200.0, 150.0, 100.0, 150.0, 200.0, '$2', 250.0]
['$129', 250.0, 200.0, '$3', 150.0, '$9', 100.0, 150.0, 200.0, 150.0, '$3', 200.0, '$6', 150.0, '$3', 200.0, '$6', 150.0, 100.0, 150.0, '$2', 100.0, 50.0, '$5', 100.0, '$19', 150.0, '$10', 200.0, 150.0, 100.0, 150.0, '$3', 200.0, '$5', 150.0, 200.0, 150.0, 100.0, 150.0, 200.0, '$2', 250.0]
['$130', 250.0, '$4', 150.0, '$7', 100.0, 150.0, '$2', 200.0, 150.0, '$2', 200.0, '$6', 150.0, '$3', 200.0, '$7', 150.0, '$10', 100.0, '$6', 150.0, 200.0, '$13', 150.0, '$4', 200.0, '$2', 150.0, '$3', 200.0, '$5', 150.0, '$2', 200.0, '$4', 150.0, '$2', 200.0, 150.0, 100.0, 150.0, 200.0, 250.0]
['$130', 250.0, '$5', 150.0, '$6', 100.0, 150.0, 200.0, 150.0, '$3', 200.0, '$7', 150.0, 200.0, '$8', 150.0, '$10', 100.0, '$6', 150.0, '$2', 200.0, '$10', 150.0, '$6', 200.0, '$3', 150.0, '$3', 200.0, '$4', 150.0, '$2', 200.0, '$5', 150.0, 200.0, 150.0, 100.0, 150.0, 200.0, 250.0]
['$130', 250.0, 200.0, '$5', 150.0, '$4', 100.0, 150.0, '$2', 200.0, 150.0, '$2', 200.0, '$7', 150.0, '$2', 200.0, '$3', 150.0, 100.0, '$4', 150.0, '$10', 100.0, '$7', 150.0, 200.0, '$12', 150.0, '$5', 200.0, '$3', 150.0, '$3', 200.0, '$4', 150.0, '$2', 200.0, '$2', 150.0, 100.0, '$2', 150.0, 200.0, '$2', 150.0, '$2', 200.0]
['$130', 250.0, 200.0, '$6', 150.0, '$3', 100.0, '$2', 200.0, 150.0, '$2', 200.0, '$2', 150.0, 100.0, '$5', 150.0, 200.0, '$4', 150.0, '$3', 100.0, '$2', 150.0, '$11', 100.0, '$6', 150.0, '$2', 200.0, '$12', 150.0, '$4', 200.0, '$4', 150.0, '$2', 200.0, '$4', 150.0, '$3', 200.0, '$4', 150.0, 200.0, '$2', 150.0, 200.0, 250.0]
['$130', 250.0, 200.0, '$4', 150.0, 100.0, 150.0, '$2', 100.0, 150.0, 200.0, '$2', 150.0, '$2', 200.0, 150.0, 100.0, '$3', 150.0, 100.0, '$2', 150.0, 200.0, '$3', 150.0, '$5', 100.0, 150.0, '$11', 100.0, '$7', 150.0, '$2', 200.0, '$12', 150.0, '$3', 200.0, '$4', 150.0, '$3', 200.0, '$4', 150.0, '$2', 200.0, '$2', 150.0, 100.0, 150.0, 200.0, '$2', 150.0, 200.0, 250.0]
['$130', 250.0, 200.0, '$4', 150.0, '$4', 100.0, '$7', 150.0, 100.0, '$2', 150.0, '$2', 100.0, 150.0, 200.0, '$4', 150.0, '$5', 100.0, 150.0, '$11', 100.0, '$8', 150.0, 200.0, '$12', 150.0, '$5', 200.0, '$3', 150.0, '$3', 200.0, '$4', 150.0, '$2', 200.0, 150.0, 100.0, '$4', 150.0, 200.0, 250.0]
['$130', 250.0, 200.0, '$4', 150.0, '$2', 100.0, '$2', 150.0, 200.0, '$5', 150.0, 100.0, '$3', 150.0, 100.0, 150.0, 200.0, '$4', 150.0, '$6', 100.0, 150.0, '$11', 100.0, '$6', 150.0, 100.0, 150.0, '$2', 200.0, '$12', 150.0, '$4', 200.0, '$4', 150.0, '$2', 200.0, '$5', 150.0, 200.0, '$2', 150.0, 100.0, '$3', 150.0, 200.0, 250.0]
['$130', 250.0, 200.0, '$3', 150.0, '$3', 100.0, '$7', 150.0, '$2', 100.0, '$4', 150.0, '$2', 200.0, '$3', 150.0, '$20', 100.0, '$5', 150.0, '$2', 100.0, 150.0, '$2', 200.0, '$11', 150.0, '$5', 200.0, '$4', 150.0, '$2', 200.0, '$5', 150.0, 200.0, 150.0, 100.0, '$3', 150.0, 200.0, 250.0]
['$130', 250.0, 200.0, '$4', 150.0, 100.0, '$13', 150.0, '$2', 200.0, '$5', 150.0, '$19', 100.0, '$6', 150.0, 100.0, 150.0, '$2', 200.0, '$12', 150.0, '$5', 200.0, '$3', 150.0, '$3', 200.0, '$4', 150.0, 200.0, '$5', 150.0, 200.0, 250.0]
['$130', 250.0, 200.0, '$4', 150.0, 100.0, '$7', 150.0, 100.0, '$2', 150.0, 200.0, 150.0, '$2', 200.0, '$4', 150.0, '$21', 100.0, '$6', 150.0, '$2', 100.0, 150.0, 200.0, '$14', 150.0, '$3', 200.0, '$4', 150.0, '$2', 200.0, '$4', 150.0, '$2', 200.0, 150.0, 100.0, '$2', 150.0, 200.0, 250.0]
['$131', 250.0, '$16', 150.0, 200.0, '$3', 150.0, 100.0, '$2', 150.0, '$4', 100.0, 150.0, '$12', 100.0, '$2', 50.0, '$3', 100.0, '$5', 150.0, '$2', 100.0, '$2', 150.0, '$2', 200.0, '$13', 150.0, '$3', 200.0, '$4', 150.0, '$2', 200.0, '$4', 150.0, 200.0, '$4', 150.0, 200.0, 250.0]
['$131', 250.0, '$19', 150.0, '$4', 100.0, 150.0, '$16', 100.0, '$3', 50.0, '$2', 100.0, '$5', 150.0, '$3', 100.0, 150.0, '$2', 200.0, '$13', 150.0, '$3', 200.0, '$4', 150.0, '$2', 200.0, '$9', 150.0, 200.0, 250.0]
['$131', 250.0, '$20', 150.0, '$3', 100.0, 150.0, '$16', 100.0, '$3', 50.0, '$3', 100.0, '$5', 150.0, '$2', 100.0, 150.0, '$2', 200.0, '$10', 150.0, 200.0, '$3', 150.0, '$3', 200.0, '$4', 150.0, 200.0, '$9', 150.0, '$2', 200.0]
['$131', 250.0, '$10', 150.0, 100.0, 150.0, 200.0, '$7', 150.0, 100.0, 150.0, '$2', 100.0, 150.0, '$14', 100.0, '$4', 50.0, '$3', 100.0, '$5', 150.0, '$3', 100.0, 150.0, '$2', 200.0, '$9', 150.0, 200.0, '$4', 150.0, '$2', 200.0, '$4', 150.0, '$2', 200.0, '$4', 150.0, 200.0, '$3', 150.0, 200.0, 250.0]
['$131', 250.0, 200.0, '$8', 150.0, 100.0, '$8', 150.0, '$3', 100.0, 150.0, '$2', 100.0, 150.0, '$14', 100.0, '$5', 50.0, '$2', 100.0, '$5', 150.0, '$3', 100.0, '$2', 150.0, '$2', 200.0, '$8', 150.0, '$2', 200.0, '$4', 150.0, 200.0, '$5', 150.0, '$2', 200.0, '$6', 150.0, '$2', 200.0, 250.0]
['$131', 250.0, 200.0, '$7', 150.0, '$2', 100.0, '$2', 150.0, 100.0, '$4', 150.0, '$3', 100.0, 150.0, '$15', 100.0, 50.0, '$2', 100.0, '$5', 50.0, '$3', 100.0, '$4', 150.0, '$4', 100.0, 150.0, '$3', 200.0, '$7', 150.0, '$2', 200.0, '$4', 150.0, 200.0, '$5', 150.0, '$2', 200.0, '$6', 150.0, 200.0, '$2', 250.0]
['$131', 250.0, 200.0, '$6', 150.0, '$2', 100.0, '$3', 150.0, 100.0, '$3', 150.0, '$4', 100.0, 150.0, '$18', 100.0, '$5', 50.0, '$4', 100.0, '$4', 150.0, '$3', 100.0, 150.0, '$3', 200.0, '$8', 150.0, '$2', 200.0, '$10', 150.0, '$2', 200.0, '$5', 150.0, 200.0, '$2', 250.0]
['$131', 250.0, 200.0, '$5', 150.0, '$3', 100.0, '$2', 150.0, '$2', 100.0, '$3', 150.0, '$22', 100.0, '$6', 50.0, '$4', 100.0, '$4', 150.0, '$4', 100.0, 150.0, '$2', 200.0, '$9', 150.0, 200.0, '$10', 150.0, '$2', 200.0, '$5', 150.0, 200.0, '$2', 250.0]
['$131', 250.0, 200.0, '$5', 150.0, '$2', 100.0, '$3', 150.0, 100.0, '$3', 150.0, '$24', 100.0, '$6', 50.0, '$3', 100.0, '$4', 150.0, '$4', 100.0, 150.0, '$2', 200.0, '$10', 150.0, 200.0, '$10', 150.0, '$2', 200.0, 150.0, 100.0, 150.0, '$2', 200.0, '$2', 250.0]
['$131', 250.0, 200.0, '$5', 150.0, '$2', 100.0, '$2', 150.0, 100.0, '$4', 150.0, '$5', 100.0, 150.0, '$18', 100.0, '$6', 50.0, '$3', 100.0, '$4', 150.0, '$4', 100.0, '$2', 150.0, 200.0, '$10', 150.0, 200.0, '$10', 150.0, '$2', 200.0, 150.0, 100.0, 150.0, '$2', 200.0, '$2', 250.0]
['$131', 250.0, 200.0, '$3', 150.0, 100.0, 150.0, 100.0, '$3', 150.0, 100.0, '$3', 150.0, '$26', 100.0, '$4', 50.0, '$5', 100.0, '$3', 150.0, '$5', 100.0, 150.0, 200.0, '$11', 150.0, 200.0, '$7', 150.0, 100.0, '$2', 150.0, 200.0, '$4', 150.0, 200.0, '$2', 250.0]
['$131', 250.0, 200.0, '$5', 150.0, 100.0, '$7', 150.0, '$4', 100.0, 50.0, '$14', 100.0, 50.0, '$4', 100.0, 50.0, 100.0, '$5', 50.0, '$5', 100.0, '$2', 150.0, '$5', 100.0, '$2', 150.0, 200.0, '$10', 150.0, 200.0, '$7', 150.0, 100.0, '$3', 150.0, 200.0, 150.0, 100.0, 150.0, '$3', 250.0]
['$131', 250.0, 200.0, '$4', 150.0, '$2', 50.0, '$6', 150.0, '$20', 100.0, '$2', 50.0, '$3', 100.0, '$2', 50.0, 100.0, '$4', 50.0, '$5', 100.0, '$2', 150.0, '$6', 100.0, 150.0, 200.0, '$10', 150.0, '$2', 200.0, '$6', 150.0, '$2', 100.0, '$2', 150.0, 200.0, '$3', 150.0, '$3', 250.0]
['$131', 250.0, 200.0, '$4', 150.0, 50.0, 100.0, '$6', 150.0, '$3', 100.0, '$4', 50.0, '$17', 100.0, '$8', 50.0, '$5', 100.0, '$3', 150.0, '$5', 100.0, '$2', 150.0, 200.0, '$10', 150.0, 200.0, '$6', 150.0, '$2', 100.0, '$5', 150.0, 200.0, '$3', 250.0]
['$131', 250.0, 200.0, '$4', 150.0, 100.0, '$6', 150.0, '$5', 100.0, '$3', 50.0, 100.0, 50.0, '$4', 100.0, '$2', 50.0, '$8', 100.0, '$9', 50.0, '$5', 100.0, '$3', 150.0, '$5', 100.0, '$2', 150.0, 200.0, '$10', 150.0, 200.0, '$7', 150.0, '$2', 100.0, '$4', 150.0, 200.0, '$3', 250.0]
['$130', 250.0, '$2', 200.0, 150.0, 100.0, 150.0, '$2', 100.0, '$6', 150.0, '$5', 100.0, '$5', 50.0, '$2', 100.0, 50.0, '$3', 100.0, 50.0, '$3', 100.0, '$12', 50.0, '$6', 100.0, '$2', 150.0, '$6', 100.0, '$2', 150.0, 200.0, '$4', 150.0, 200.0, '$8', 150.0, 100.0, '$4', 150.0, '$3', 100.0, '$3', 150.0, 200.0, '$3', 250.0]
['$131', 250.0, 200.0, '$3', 150.0, 100.0, '$6', 150.0, '$5', 100.0, '$2', 50.0, '$2', 100.0, '$2', 50.0, '$8', 100.0, '$9', 50.0, 100.0, '$4', 50.0, '$7', 100.0, 150.0, '$7', 100.0, '$15', 150.0, 100.0, '$5', 150.0, '$2', 100.0, '$3', 150.0, 200.0, '$3', 250.0]
['$131', 250.0, 200.0, '$3', 150.0, 100.0, '$6', 150.0, '$6', 100.0, 50.0, '$2', 100.0, 50.0, '$9', 100.0, '$6', 50.0, 100.0, '$2', 50.0, 100.0, '$5', 50.0, '$14', 100.0, '$15', 150.0, 100.0, '$5', 150.0, '$2', 100.0, '$3', 150.0, 200.0, '$3', 250.0]
['$131', 250.0, 200.0, '$3', 150.0, 100.0, 150.0, 100.0, '$3', 150.0, '$10', 100.0, 50.0, '$10', 100.0, '$14', 50.0, '$14', 100.0, '$10', 150.0, '$2', 100.0, '$3', 150.0, '$2', 100.0, '$4', 150.0, '$3', 100.0, '$2', 150.0, 200.0, '$3', 250.0]
['$131', 250.0, 200.0, '$2', 150.0, 100.0, '$2', 150.0, 100.0, '$3', 150.0, '$22', 100.0, '$13', 50.0, '$14', 100.0, '$10', 150.0, '$2', 100.0, '$3', 150.0, '$2', 100.0, '$4', 150.0, '$3', 100.0, '$2', 150.0, 200.0, '$3', 250.0]
['$131', 250.0, 200.0, '$2', 150.0, 100.0, 150.0, 100.0, '$3', 150.0, '$24', 100.0, '$8', 50.0, 100.0, '$3', 50.0, '$15', 100.0, '$9', 150.0, '$2', 100.0, '$3', 150.0, '$3', 100.0, '$3', 150.0, '$3', 100.0, '$2', 150.0, 200.0, '$3', 250.0]
['$131', 250.0, 200.0, '$4', 150.0, 100.0, '$2', 150.0, '$26', 100.0, '$12', 50.0, '$15', 100.0, '$8', 150.0, '$3', 100.0, '$2', 150.0, '$3', 100.0, '$4', 150.0, '$2', 100.0, '$2', 150.0, 200.0, '$3', 250.0]
['$131', 250.0, 200.0, '$7', 150.0, '$26', 100.0, '$12', 50.0, '$15', 100.0, '$8', 150.0, '$3', 100.0, '$3', 150.0, '$2', 100.0, '$4', 150.0, '$2', 100.0, '$2', 150.0, 200.0, '$3', 250.0]
['$131', 250.0, 200.0, '$6', 150.0, '$18', 100.0, 50.0, '$8', 100.0, '$12', 50.0, '$15', 100.0, '$8', 150.0, '$3', 100.0, '$3', 150.0, '$3', 100.0, '$3', 150.0, '$3', 100.0, 150.0, '$2', 200.0, '$2', 250.0]
['$49', 250.0, '$2', 200.0, '$48', 250.0, 200.0, '$31', 250.0, 200.0, '$6', 150.0, '$3', 100.0, 50.0, '$21', 100.0, 50.0, '$2', 100.0, '$9', 50.0, '$17', 100.0, '$8', 150.0, '$3', 100.0, '$3', 150.0, '$3', 100.0, '$4', 150.0, '$2', 100.0, 150.0, 200.0, '$3', 250.0]
['$61', 250.0, '$2', 200.0, '$36', 250.0, 200.0, '$29', 250.0, 200.0, 250.0, 200.0, '$6', 150.0, '$3', 100.0, '$3', 50.0, '$7', 100.0, '$2', 50.0, '$11', 100.0, 50.0, 100.0, '$2', 50.0, 100.0, '$7', 50.0, '$16', 100.0, '$8', 150.0, '$3', 100.0, '$3', 150.0, '$3', 100.0, '$4', 150.0, '$2', 100.0, 150.0, 200.0, '$3', 250.0]
['$54', 250.0, 200.0, '$43', 250.0, '$2', 200.0, '$31', 250.0, 200.0, '$2', 150.0, 200.0, '$2', 150.0, '$2', 100.0, 50.0, '$3', 100.0, 50.0, '$7', 100.0, '$3', 50.0, '$10', 100.0, '$2', 50.0, 100.0, 50.0, 100.0, '$8', 50.0, '$15', 100.0, '$8', 150.0, '$4', 100.0, '$3', 150.0, '$2', 100.0, '$4', 150.0, '$2', 100.0, 150.0, 200.0, '$3', 250.0]
['$51', 250.0, 200.0, '$46', 250.0, '$4', 200.0, '$25', 250.0, 200.0, '$2', 250.0, '$5', 200.0, '$2', 150.0, '$6', 100.0, 50.0, '$7', 100.0, '$2', 50.0, '$12', 100.0, 50.0, 100.0, '$10', 50.0, '$15', 100.0, '$8', 150.0, '$4', 100.0, '$3', 150.0, '$3', 100.0, '$3', 150.0, '$2', 100.0, 150.0, '$4', 250.0]
['$54', 250.0, 200.0, '$7', 250.0, 200.0, '$35', 250.0, '$4', 200.0, '$28', 250.0, '$4', 200.0, '$2', 150.0, '$6', 100.0, 50.0, '$23', 100.0, 50.0, '$2', 100.0, '$8', 50.0, '$15', 100.0, '$8', 150.0, '$4', 100.0, '$3', 150.0, '$3', 100.0, '$3', 150.0, '$2', 100.0, 150.0, '$4', 250.0]
['$50', 250.0, '$4', 200.0, '$3', 250.0, 200.0, '$37', 250.0, 200.0, '$2', 250.0, '$4', 200.0, '$26', 250.0, '$4', 200.0, '$3', 150.0, '$8', 100.0, 50.0, '$18', 100.0, 50.0, '$3', 100.0, '$12', 50.0, '$15', 100.0, '$7', 150.0, '$5', 100.0, '$2', 150.0, '$3', 100.0, '$3', 150.0, '$2', 100.0, 200.0, '$4', 250.0]
['$47', 250.0, '$3', 200.0, 150.0, '$3', 100.0, 150.0, 200.0, '$4', 250.0, 200.0, '$34', 250.0, 200.0, 250.0, 200.0, '$3', 150.0, '$2', 200.0, '$23', 250.0, '$6', 200.0, '$3', 150.0, '$3', 100.0, '$3', 50.0, '$2', 100.0, '$4', 50.0, '$18', 100.0, '$3', 50.0, 100.0, '$2', 50.0, '$2', 100.0, '$6', 50.0, '$14', 100.0, '$7', 150.0, '$5', 100.0, '$2', 150.0, '$3', 100.0, '$3', 150.0, '$2', 100.0, 200.0, '$4', 250.0]
['$47', 250.0, 200.0, 150.0, '$4', 100.0, '$2', 50.0, 150.0, 200.0, '$40', 250.0, 200.0, '$4', 150.0, 200.0, '$22', 250.0, '$6', 200.0, '$3', 150.0, '$5', 100.0, '$9', 50.0, '$17', 100.0, 50.0, 100.0, 50.0, 100.0, '$10', 50.0, '$14', 100.0, '$6', 150.0, '$6', 100.0, '$2', 150.0, '$4', 100.0, '$2', 150.0, 100.0, 150.0, 200.0, '$4', 250.0]
['$44', 250.0, 200.0, 250.0, 200.0, '$9', 100.0, 200.0, '$30', 250.0, 200.0, '$9', 250.0, 200.0, '$4', 150.0, 200.0, '$21', 250.0, '$6', 200.0, '$3', 150.0, '$6', 100.0, '$4', 50.0, 100.0, '$3', 50.0, '$20', 100.0, '$14', 50.0, '$12', 100.0, '$6', 150.0, '$6', 100.0, '$3', 150.0, '$3', 100.0, '$2', 150.0, 100.0, 150.0, '$2', 200.0, '$3', 250.0]
['$41', 250.0, 200.0, 250.0, 200.0, 250.0, 200.0, '$4', 100.0, '$3', 150.0, '$3', 100.0, 200.0, '$2', 250.0, 200.0, '$35', 250.0, 200.0, 250.0, 200.0, '$4', 150.0, 200.0, '$19', 250.0, '$6', 200.0, '$4', 150.0, '$7', 100.0, '$8', 50.0, '$16', 100.0, '$2', 50.0, '$3', 100.0, '$13', 50.0, '$12', 100.0, '$6', 150.0, '$8', 100.0, 150.0, '$3', 100.0, '$2', 150.0, 100.0, 150.0, 200.0, '$4', 250.0]
['$41', 250.0, 200.0, '$2', 250.0, 200.0, 100.0, 50.0, '$2', 100.0, '$5', 150.0, '$2', 100.0, 200.0, '$40', 250.0, 200.0, '$5', 150.0, 200.0, '$11', 250.0, '$2', 200.0, '$3', 250.0, '$7', 200.0, '$3', 150.0, '$5', 100.0, 50.0, '$3', 100.0, '$6', 50.0, 100.0, '$2', 50.0, '$17', 100.0, '$2', 50.0, '$4', 100.0, '$8', 50.0, '$14', 100.0, '$6', 150.0, '$8', 100.0, 150.0, '$3', 100.0, '$2', 150.0, 100.0, 200.0, '$5', 250.0]
['$42', 250.0, 200.0, 250.0, 150.0, '$2', 50.0, 100.0, '$6', 150.0, '$2', 100.0, 200.0, '$39', 250.0, 200.0, 150.0, '$2', 100.0, '$3', 150.0, 200.0, '$15', 250.0, '$3', 200.0, '$2', 150.0, 200.0, '$3', 150.0, '$10', 100.0, '$7', 50.0, 100.0, 50.0, '$25', 100.0, '$8', 50.0, '$13', 100.0, '$6', 150.0, '$8', 100.0, 150.0, '$3', 100.0, '$3', 150.0, 200.0, '$5', 250.0]
['$40', 250.0, 200.0, 250.0, '$2', 200.0, '$2', 50.0, '$2', 100.0, '$7', 150.0, 100.0, '$2', 200.0, '$38', 250.0, 200.0, 150.0, '$3', 100.0, '$2', 150.0, 200.0, '$13', 250.0, '$2', 200.0, 150.0, 200.0, '$6', 150.0, '$7', 100.0, 50.0, 100.0, '$9', 50.0, '$26', 100.0, '$10', 50.0, '$12', 100.0, '$6', 150.0, '$8', 100.0, 150.0, '$3', 100.0, '$3', 150.0, '$6', 250.0]
['$40', 250.0, 200.0, 250.0, 200.0, '$4', 100.0, '$7', 150.0, '$2', 100.0, 200.0, '$38', 250.0, 200.0, 150.0, '$6', 100.0, 200.0, '$10', 250.0, '$4', 200.0, '$5', 150.0, '$11', 100.0, 50.0, 100.0, '$10', 50.0, '$25', 100.0, '$12', 50.0, '$10', 100.0, '$6', 150.0, '$8', 100.0, 150.0, '$3', 100.0, '$2', 150.0, 200.0, '$6', 250.0]
['$41', 250.0, 200.0, 150.0, '$3', 100.0, '$9', 150.0, 100.0, 200.0, '$37', 250.0, 200.0, '$2', 150.0, '$6', 100.0, 200.0, '$2', 250.0, 200.0, '$4', 250.0, 200.0, '$2', 250.0, '$2', 200.0, '$5', 150.0, '$13', 100.0, '$12', 50.0, '$16', 100.0, '$2', 50.0, '$8', 100.0, '$10', 50.0, '$11', 100.0, '$5', 150.0, '$9', 100.0, 150.0, '$3', 100.0, '$2', 150.0, 200.0, '$6', 250.0]
['$39', 250.0, 200.0, 250.0, 200.0, 100.0, 50.0, '$2', 100.0, '$9', 150.0, 100.0, 200.0, 250.0, 200.0, '$3', 250.0, 200.0, '$30', 250.0, '$2', 200.0, 150.0, '$7', 100.0, 200.0, '$2', 250.0, 200.0, '$5', 250.0, '$3', 200.0, '$5', 150.0, '$12', 100.0, '$2', 50.0, 100.0, '$9', 50.0, '$28', 100.0, '$11', 50.0, '$10', 100.0, '$5', 150.0, '$9', 100.0, 150.0, '$2', 100.0, '$3', 150.0, 200.0, '$6', 250.0]
['$41', 250.0, 150.0, '$3', 100.0, '$4', 150.0, 200.0, '$2', 150.0, 200.0, '$3', 150.0, 200.0, 250.0, 200.0, '$31', 250.0, 200.0, '$2', 250.0, 200.0, '$2', 150.0, '$3', 100.0, '$3', 50.0, 150.0, '$2', 200.0, '$5', 250.0, '$3', 200.0, '$7', 150.0, '$5', 100.0, '$3', 50.0, '$5', 100.0, '$7', 50.0, 100.0, 50.0, '$16', 100.0, '$2', 50.0, '$11', 100.0, '$12', 50.0, '$10', 100.0, '$5', 150.0, '$13', 100.0, 150.0, 200.0, '$7', 250.0]
['$40', 250.0, 200.0, 100.0, 50.0, 100.0, '$5', 150.0, '$2', 200.0, '$6', 150.0, '$2', 200.0, '$33', 250.0, 200.0, '$2', 150.0, '$4', 100.0, '$2', 50.0, 100.0, 150.0, 200.0, '$4', 250.0, '$4', 200.0, '$5', 150.0, '$8', 100.0, '$13', 50.0, '$35', 100.0, '$11', 50.0, '$9', 100.0, '$5', 150.0, '$9', 100.0, 150.0, '$2', 100.0, '$2', 150.0, 200.0, '$7', 250.0]
['$40', 250.0, 200.0, '$2', 50.0, 100.0, '$2', 150.0, '$3', 200.0, '$10', 150.0, '$2', 200.0, '$31', 250.0, 200.0, '$2', 150.0, '$3', 100.0, '$2', 50.0, 100.0, 150.0, '$2', 200.0, '$2', 250.0, '$2', 200.0, '$7', 150.0, '$8', 100.0, '$15', 50.0, 100.0, '$2', 50.0, '$33', 100.0, '$11', 50.0, '$7', 100.0, '$6', 150.0, '$9', 100.0, 150.0, '$2', 100.0, '$2', 150.0, 200.0, '$7', 250.0]
['$39', 250.0, 200.0, 150.0, 50.0, 100.0, '$3', 150.0, 200.0, '$6', 150.0, '$5', 100.0, '$3', 150.0, '$4', 200.0, '$3', 250.0, 200.0, '$22', 250.0, 200.0, '$3', 150.0, '$3', 100.0, '$3', 50.0, 150.0, '$4', 200.0, '$9', 150.0, '$3', 100.0, 50.0, '$3', 100.0, '$20', 50.0, '$31', 100.0, '$12', 50.0, '$7', 100.0, '$6', 150.0, '$9', 100.0, 150.0, '$2', 100.0, 150.0, 200.0, '$8', 250.0]
['$39', 250.0, 200.0, 100.0, 50.0, 100.0, '$9', 150.0, '$3', 100.0, '$4', 150.0, '$2', 100.0, '$4', 150.0, '$2', 200.0, '$23', 250.0, '$2', 200.0, '$2', 150.0, 100.0, 150.0, 100.0, '$4', 50.0, '$9', 150.0, 100.0, 150.0, '$6', 100.0, '$2', 50.0, 100.0, '$15', 50.0, '$2', 100.0, 50.0, '$34', 100.0, '$13', 50.0, '$7', 100.0, '$5', 150.0, '$9', 100.0, 150.0, 100.0, '$2', 150.0, 200.0, '$8', 250.0]
['$39', 250.0, 200.0, '$3', 100.0, '$6', 150.0, '$5', 100.0, '$3', 150.0, '$4', 100.0, 150.0, '$3', 100.0, 150.0, '$3', 200.0, '$21', 250.0, 200.0, 150.0, '$5', 100.0, '$3', 50.0, 100.0, '$6', 150.0, '$11', 100.0, '$21', 50.0, '$2', 100.0, '$2', 50.0, '$30', 100.0, '$13', 50.0, '$8', 100.0, '$4', 150.0, '$9', 100.0, 150.0, 100.0, '$2', 150.0, '$9', 250.0]
['$39', 250.0, 200.0, '$2', 100.0, '$4', 150.0, '$7', 100.0, '$2', 150.0, '$2', 100.0, 50.0, '$3', 100.0, 50.0, '$4', 100.0, '$2', 150.0, '$2', 200.0, '$19', 250.0, 200.0, '$2', 150.0, '$6', 100.0, '$2', 50.0, 100.0, 150.0, 200.0, 150.0, '$8', 100.0, '$31', 50.0, '$31', 100.0, '$12', 50.0, '$8', 100.0, '$5', 150.0, '$8', 100.0, 150.0, 100.0, 150.0, 200.0, '$9', 250.0]
['$39', 250.0, 150.0, '$2', 100.0, '$3', 150.0, '$8', 100.0, '$3', 50.0, '$2', 100.0, '$4', 50.0, 100.0, '$2', 150.0, 100.0, '$3', 150.0, 200.0, '$19', 250.0, 200.0, 150.0, '$4', 100.0, '$6', 50.0, 100.0, 200.0, 150.0, '$8', 100.0, '$3', 50.0, '$2', 100.0, '$18', 50.0, 100.0, '$2', 50.0, 100.0, '$2', 50.0, '$20', 100.0, 50.0, '$13', 100.0, '$11', 50.0, '$8', 100.0, '$5', 150.0, '$8', 100.0, 150.0, 100.0, 150.0, 200.0, '$9', 250.0]
['$38', 250.0, 200.0, 150.0, '$9', 100.0, '$3', 50.0, 0.0, '$3', 50.0, 100.0, '$5', 50.0, '$5', 100.0, '$2', 150.0, 200.0, '$18', 250.0, 200.0, 150.0, '$4', 100.0, '$7', 50.0, 100.0, 200.0, 150.0, '$5', 100.0, '$33', 50.0, '$10', 100.0, 50.0, '$21', 100.0, '$12', 50.0, '$8', 100.0, '$5', 150.0, '$10', 100.0, 150.0, '$10', 250.0]
['$38', 250.0, 200.0, 150.0, '$8', 100.0, '$13', 50.0, 100.0, '$3', 50.0, '$4', 100.0, 200.0, 250.0, 200.0, '$5', 250.0, 200.0, '$4', 250.0, 200.0, '$4', 250.0, '$2', 200.0, 150.0, '$11', 100.0, 150.0, 200.0, 150.0, 100.0, '$31', 50.0, '$2', 100.0, 50.0, 100.0, '$2', 50.0, '$11', 100.0, 50.0, '$20', 100.0, '$13', 50.0, '$7', 100.0, '$5', 150.0, '$7', 100.0, 150.0, '$2', 100.0, 150.0, '$10', 250.0]
['$38', 250.0, 200.0, 150.0, '$5', 100.0, '$20', 50.0, 100.0, '$2', 50.0, 100.0, 150.0, 200.0, '$3', 250.0, 200.0, '$2', 250.0, 200.0, '$6', 250.0, '$4', 200.0, 150.0, '$13', 100.0, '$2', 150.0, 100.0, '$31', 50.0, 100.0, '$7', 50.0, '$32', 100.0, '$11', 50.0, '$7', 100.0, '$5', 150.0, '$7', 100.0, 150.0, 100.0, 150.0, 200.0, '$10', 250.0]
['$38', 250.0, 200.0, 150.0, '$5', 100.0, '$20', 50.0, '$2', 100.0, '$2', 50.0, 150.0, '$9', 200.0, '$2', 250.0, '$4', 200.0, '$4', 150.0, '$2', 100.0, 50.0, '$7', 100.0, '$2', 50.0, 100.0, '$2', 150.0, '$2', 100.0, '$28', 50.0, '$3', 100.0, '$2', 50.0, '$35', 100.0, '$13', 50.0, '$7', 100.0, '$5', 150.0, '$7', 100.0, 150.0, 100.0, 150.0, 200.0, '$10', 250.0]
['$39', 250.0, 200.0, '$5', 100.0, '$24', 50.0, '$2', 150.0, '$12', 200.0, '$6', 150.0, 100.0, '$11', 50.0, 100.0, '$2', 150.0, '$4', 100.0, '$27', 50.0, '$2', 100.0, '$2', 50.0, '$34', 100.0, '$15', 50.0, '$6', 100.0, '$5', 150.0, '$6', 100.0, '$2', 150.0, 100.0, 150.0, '$11', 250.0]
['$39', 250.0, 200.0, 150.0, 100.0, 150.0, '$2', 100.0, '$24', 50.0, '$3', 150.0, '$7', 200.0, '$9', 150.0, '$2', 100.0, '$11', 50.0, 100.0, '$4', 150.0, '$3', 100.0, '$31', 50.0, '$35', 100.0, '$12', 50.0, '$7', 100.0, '$5', 150.0, '$6', 100.0, '$3', 150.0, 200.0, '$11', 250.0]
['$39', 250.0, 200.0, '$3', 150.0, '$2', 100.0, '$18', 50.0, '$5', 100.0, 50.0, '$4', 150.0, '$7', 200.0, 150.0, '$5', 200.0, '$2', 150.0, '$3', 100.0, '$10', 50.0, '$2', 100.0, '$2', 150.0, '$3', 100.0, '$28', 50.0, 100.0, '$2', 50.0, '$33', 100.0, '$15', 50.0, '$6', 100.0, '$7', 150.0, '$3', 100.0, '$3', 150.0, 100.0, 150.0, 200.0, '$11', 250.0]
['$40', 250.0, 200.0, 150.0, '$3', 100.0, '$15', 50.0, '$2', 100.0, 50.0, 100.0, '$2', 150.0, '$4', 100.0, '$6', 150.0, '$10', 200.0, 150.0, '$3', 100.0, '$11', 50.0, '$2', 100.0, 150.0, '$4', 100.0, '$33', 50.0, '$29', 100.0, '$17', 50.0, '$6', 100.0, '$7', 150.0, '$2', 100.0, '$4', 150.0, 100.0, 150.0, 250.0, 200.0, '$10', 250.0]
['$39', 250.0, 200.0, 150.0, '$4', 100.0, '$12', 50.0, '$3', 100.0, '$5', 150.0, 200.0, '$2', 150.0, '$2', 100.0, '$7', 150.0, '$6', 200.0, '$4', 150.0, '$5', 100.0, '$9', 50.0, '$3', 100.0, '$2', 150.0, 100.0, '$24', 50.0, '$2', 100.0, '$8', 50.0, '$10', 100.0, '$3', 150.0, '$18', 100.0, '$16', 50.0, '$5', 100.0, '$7', 150.0, '$2', 100.0, 150.0, 100.0, '$3', 150.0, 200.0, '$2', 250.0, 200.0, '$9', 250.0]
['$38', 250.0, 200.0, 150.0, '$2', 100.0, 50.0, '$2', 100.0, '$11', 50.0, '$2', 100.0, '$4', 150.0, '$2', 200.0, 150.0, '$3', 200.0, '$19', 150.0, '$6', 100.0, '$8', 50.0, '$3', 100.0, '$2', 150.0, '$2', 100.0, '$19', 50.0, '$5', 100.0, '$10', 50.0, '$6', 100.0, 50.0, 100.0, 150.0, 200.0, '$2', 150.0, '$18', 100.0, '$15', 50.0, '$6', 100.0, '$8', 150.0, '$2', 100.0, '$4', 150.0, 200.0, '$12', 250.0]
['$38', 250.0, 200.0, 150.0, '$5', 100.0, '$8', 50.0, '$4', 100.0, '$6', 150.0, 200.0, '$3', 150.0, '$4', 200.0, '$14', 150.0, 100.0, '$2', 150.0, '$2', 100.0, '$11', 50.0, '$4', 100.0, '$2', 150.0, '$2', 100.0, '$20', 50.0, 100.0, '$14', 50.0, '$5', 100.0, 150.0, 200.0, '$2', 150.0, '$19', 100.0, '$16', 50.0, '$5', 100.0, '$6', 150.0, 200.0, '$2', 150.0, 100.0, '$2', 150.0, 100.0, 150.0, 200.0, '$12', 250.0]
['$37', 250.0, 200.0, 150.0, '$6', 100.0, 50.0, 100.0, '$4', 50.0, '$4', 100.0, '$13', 150.0, '$4', 200.0, '$11', 150.0, '$4', 100.0, 150.0, '$4', 100.0, '$2', 50.0, 100.0, '$6', 50.0, '$2', 100.0, '$5', 150.0, '$2', 100.0, '$8', 50.0, '$2', 100.0, '$24', 50.0, '$2', 100.0, 50.0, '$2', 100.0, '$2', 150.0, '$21', 100.0, '$16', 50.0, '$5', 100.0, '$6', 150.0, '$2', 200.0, 150.0, 100.0, '$4', 150.0, '$13', 250.0]
['$36', 250.0, '$2', 200.0, 150.0, '$8', 100.0, '$2', 50.0, '$11', 100.0, '$3', 150.0, 100.0, '$5', 150.0, '$2', 200.0, '$12', 150.0, '$4', 100.0, 150.0, '$8', 100.0, '$5', 50.0, '$2', 100.0, '$4', 150.0, '$3', 100.0, 50.0, 100.0, '$2', 50.0, 100.0, '$4', 50.0, 100.0, '$21', 50.0, 100.0, 50.0, 100.0, 50.0, '$2', 100.0, 50.0, '$3', 100.0, '$2', 50.0, '$20', 100.0, '$14', 50.0, '$6', 100.0, '$7', 150.0, 200.0, '$5', 150.0, 200.0, '$13', 250.0]
['$35', 250.0, '$2', 200.0, 150.0, '$9', 100.0, '$2', 50.0, '$6', 100.0, 50.0, '$8', 100.0, '$5', 150.0, '$3', 200.0, '$11', 150.0, '$3', 100.0, '$2', 150.0, '$8', 100.0, '$4', 50.0, '$10', 100.0, 50.0, 100.0, '$2', 50.0, '$2', 100.0, '$3', 50.0, 100.0, '$8', 50.0, '$3', 100.0, '$14', 50.0, '$2', 100.0, '$2', 50.0, '$3', 100.0, 50.0, '$19', 100.0, '$15', 50.0, '$5', 100.0, '$6', 150.0, 200.0, 150.0, '$2', 200.0, '$4', 150.0, 200.0, '$13', 250.0]
['$35', 250.0, 200.0, '$2', 150.0, '$2', 100.0, 150.0, '$14', 100.0, 50.0, 100.0, '$3', 150.0, '$3', 100.0, '$6', 150.0, '$4', 200.0, '$11', 150.0, 100.0, '$2', 150.0, '$9', 100.0, '$4', 50.0, '$12', 100.0, '$2', 50.0, '$2', 100.0, '$2', 50.0, '$2', 100.0, '$9', 50.0, '$4', 100.0, '$12', 50.0, '$27', 100.0, '$15', 50.0, '$5', 100.0, '$6', 150.0, 200.0, '$2', 150.0, 200.0, '$3', 150.0, 200.0, '$14', 250.0]
['$32', 250.0, 200.0, 250.0, '$2', 200.0, '$2', 150.0, '$18', 100.0, '$5', 150.0, '$5', 100.0, '$5', 150.0, '$3', 200.0, '$5', 150.0, 100.0, '$9', 150.0, '$8', 100.0, '$4', 50.0, '$9', 100.0, 50.0, '$5', 100.0, '$2', 50.0, '$6', 100.0, '$2', 50.0, 100.0, '$10', 50.0, '$2', 100.0, '$4', 50.0, 100.0, '$2', 50.0, '$27', 100.0, '$13', 50.0, '$6', 100.0, '$10', 150.0, 200.0, '$2', 150.0, 200.0, '$14', 250.0]
['$33', 250.0, '$2', 200.0, '$2', 150.0, '$19', 100.0, '$2', 150.0, 100.0, '$2', 150.0, 100.0, 150.0, '$3', 100.0, '$11', 150.0, '$4', 100.0, '$10', 150.0, '$5', 100.0, '$6', 50.0, '$14', 100.0, '$3', 50.0, '$2', 100.0, '$2', 50.0, '$3', 100.0, 50.0, '$6', 100.0, '$3', 50.0, '$2', 100.0, '$2', 50.0, '$2', 100.0, 50.0, '$3', 100.0, 50.0, '$2', 100.0, 50.0, '$18', 100.0, 50.0, '$3', 100.0, '$14', 50.0, '$6', 100.0, '$12', 150.0, 200.0, '$15', 250.0]
['$33', 250.0, 200.0, '$2', 150.0, '$3', 100.0, '$7', 150.0, '$9', 100.0, '$10', 150.0, '$3', 100.0, '$3', 150.0, '$3', 100.0, '$17', 150.0, '$5', 100.0, '$7', 50.0, '$13', 100.0, '$3', 50.0, '$16', 100.0, 50.0, '$31', 100.0, '$2', 50.0, '$3', 100.0, '$14', 50.0, '$6', 100.0, '$12', 150.0, 200.0, '$15', 250.0]
['$32', 250.0, 200.0, '$2', 150.0, '$5', 100.0, '$5', 150.0, '$11', 100.0, '$10', 150.0, '$3', 100.0, '$2', 150.0, '$3', 100.0, '$14', 150.0, 100.0, '$2', 150.0, '$4', 100.0, '$5', 50.0, '$2', 100.0, 50.0, '$13', 100.0, '$3', 50.0, '$16', 100.0, 50.0, '$2', 100.0, 50.0, '$27', 100.0, '$2', 50.0, '$4', 100.0, '$15', 50.0, '$7', 100.0, '$4', 150.0, '$3', 100.0, '$3', 150.0, 200.0, '$15', 250.0]
['$32', 250.0, 200.0, '$5', 150.0, '$2', 100.0, '$2', 150.0, '$10', 100.0, '$2', 150.0, '$2', 100.0, '$4', 150.0, '$2', 200.0, '$3', 150.0, '$9', 100.0, '$2', 150.0, 100.0, '$3', 150.0, 100.0, '$2', 150.0, '$2', 100.0, 150.0, '$9', 100.0, '$6', 50.0, '$16', 100.0, 50.0, '$17', 100.0, 50.0, '$28', 100.0, '$4', 50.0, '$2', 100.0, '$17', 50.0, '$9', 100.0, '$2', 150.0, '$4', 100.0, 150.0, '$2', 200.0, '$15', 250.0]
['$30', 250.0, '$2', 200.0, '$6', 150.0, '$8', 100.0, 50.0, 100.0, 150.0, '$3', 100.0, '$2', 150.0, 100.0, '$6', 150.0, '$2', 200.0, '$2', 150.0, '$9', 100.0, '$2', 150.0, '$6', 100.0, 150.0, '$13', 100.0, '$5', 50.0, '$64', 100.0, '$22', 50.0, '$14', 100.0, '$2', 150.0, 200.0, '$16', 250.0]
['$29', 250.0, '$2', 200.0, '$6', 150.0, '$9', 100.0, 50.0, '$2', 100.0, 150.0, '$2', 100.0, '$6', 150.0, 200.0, '$6', 150.0, '$10', 100.0, '$2', 150.0, '$19', 100.0, '$3', 50.0, '$67', 100.0, '$22', 50.0, '$13', 100.0, 150.0, 200.0, '$2', 250.0, 200.0, '$14', 250.0]
['$27', 250.0, '$3', 200.0, '$5', 150.0, '$9', 100.0, '$2', 50.0, '$4', 100.0, '$14', 150.0, '$8', 100.0, 50.0, '$3', 100.0, '$2', 150.0, '$15', 100.0, 150.0, '$3', 100.0, 50.0, '$51', 100.0, '$2', 50.0, '$15', 100.0, '$23', 50.0, '$11', 100.0, 150.0, '$2', 200.0, '$2', 250.0, 200.0, '$14', 250.0]
['$27', 250.0, '$2', 200.0, '$3', 150.0, '$8', 100.0, '$2', 50.0, '$6', 100.0, 50.0, '$2', 100.0, '$5', 150.0, 200.0, '$2', 150.0, 200.0, '$4', 150.0, '$28', 100.0, '$2', 150.0, '$3', 100.0, '$2', 50.0, '$49', 100.0, '$3', 50.0, '$15', 100.0, '$24', 50.0, '$10', 100.0, 200.0, '$19', 250.0]
['$23', 250.0, 200.0, '$2', 250.0, '$2', 200.0, '$2', 150.0, '$11', 100.0, 50.0, '$10', 100.0, '$14', 150.0, '$4', 100.0, '$2', 50.0, '$19', 100.0, '$3', 150.0, '$4', 100.0, 50.0, '$50', 100.0, '$3', 50.0, '$14', 100.0, '$25', 50.0, '$8', 100.0, 150.0, 200.0, '$19', 250.0]
['$24', 250.0, '$3', 200.0, '$7', 150.0, '$16', 100.0, '$16', 150.0, '$23', 100.0, '$4', 150.0, '$4', 100.0, '$3', 50.0, '$66', 100.0, '$23', 50.0, '$10', 100.0, 150.0, 200.0, '$19', 250.0]
['$23', 250.0, '$2', 200.0, '$5', 150.0, '$3', 100.0, 150.0, '$3', 100.0, '$2', 50.0, '$11', 100.0, '$5', 150.0, 200.0, '$9', 150.0, '$24', 100.0, '$4', 150.0, '$2', 100.0, '$3', 50.0, 100.0, 50.0, '$57', 100.0, 50.0, '$9', 100.0, '$22', 50.0, 100.0, '$2', 50.0, '$7', 100.0, 150.0, 200.0, '$19', 250.0]
['$16', 250.0, 200.0, '$5', 250.0, '$2', 200.0, '$7', 150.0, '$2', 100.0, '$2', 50.0, '$16', 100.0, '$6', 150.0, '$2', 200.0, '$6', 150.0, '$25', 100.0, '$3', 150.0, 100.0, '$7', 50.0, '$55', 100.0, '$3', 50.0, 100.0, 50.0, '$6', 100.0, '$25', 50.0, '$6', 100.0, '$3', 150.0, 200.0, '$18', 250.0]
['$22', 250.0, '$2', 200.0, '$6', 150.0, '$21', 100.0, '$3', 150.0, 200.0, 150.0, '$3', 200.0, '$6', 150.0, '$24', 100.0, '$3', 150.0, '$4', 100.0, '$6', 50.0, '$17', 100.0, '$3', 50.0, '$32', 100.0, '$2', 50.0, '$2', 100.0, 50.0, 100.0, '$2', 50.0, '$5', 100.0, '$24', 50.0, '$7', 100.0, '$3', 150.0, 200.0, '$18', 250.0]
['$22', 250.0, 200.0, '$6', 150.0, '$7', 100.0, '$2', 50.0, '$13', 100.0, '$6', 150.0, 200.0, '$7', 150.0, '$22', 100.0, '$4', 150.0, '$6', 100.0, '$3', 50.0, 100.0, '$5', 50.0, '$52', 100.0, 50.0, 100.0, '$2', 50.0, '$5', 100.0, '$23', 50.0, '$8', 100.0, '$3', 150.0, 200.0, '$18', 250.0]
['$21', 250.0, '$2', 200.0, '$4', 150.0, 100.0, 150.0, '$13', 100.0, 50.0, '$7', 100.0, '$14', 150.0, '$23', 100.0, '$3', 150.0, '$8', 100.0, '$2', 50.0, 100.0, '$3', 50.0, 100.0, '$2', 50.0, '$52', 100.0, '$3', 50.0, '$6', 100.0, '$21', 50.0, '$9', 100.0, '$3', 150.0, 200.0, '$18', 250.0]
['$21', 250.0, 200.0, '$2', 150.0, 100.0, '$3', 150.0, '$14', 100.0, 50.0, '$6', 100.0, '$16', 150.0, '$3', 100.0, 50.0, '$18', 100.0, '$2', 150.0, '$10', 100.0, '$2', 50.0, 100.0, '$2', 50.0, 100.0, '$2', 50.0, '$53', 100.0, '$2', 50.0, '$6', 100.0, '$20', 50.0, '$10', 100.0, '$3', 150.0, 200.0, '$18', 250.0]
['$20', 250.0, '$2', 200.0, 150.0, '$4', 100.0, 150.0, '$5', 100.0, '$3', 50.0, '$15', 100.0, '$14', 150.0, '$2', 100.0, 50.0, '$9', 100.0, '$2', 50.0, '$7', 100.0, 150.0, '$2', 100.0, '$2', 50.0, '$6', 100.0, 50.0, 100.0, '$3', 50.0, 100.0, '$5', 50.0, '$52', 100.0, 50.0, '$7', 100.0, '$21', 50.0, '$9', 100.0, '$4', 150.0, 200.0, '$2', 250.0, 200.0, '$14', 250.0]
['$20', 250.0, 200.0, 150.0, '$16', 100.0, 50.0, '$17', 100.0, '$5', 150.0, '$4', 200.0, 150.0, '$11', 100.0, 50.0, '$9', 100.0, '$5', 50.0, '$5', 100.0, '$12', 50.0, '$51', 100.0, 50.0, '$7', 100.0, '$21', 50.0, '$9', 100.0, '$4', 150.0, 200.0, '$17', 250.0]
['$20', 250.0, 200.0, 150.0, '$4', 100.0, '$2', 50.0, '$9', 100.0, '$3', 50.0, 100.0, '$2', 50.0, '$4', 100.0, 150.0, '$7', 100.0, '$8', 150.0, '$2', 200.0, 150.0, '$2', 100.0, 50.0, '$8', 100.0, '$6', 50.0, '$3', 100.0, '$6', 50.0, '$6', 100.0, '$12', 50.0, '$41', 100.0, 50.0, '$8', 100.0, 50.0, '$7', 100.0, '$19', 50.0, '$11', 100.0, '$4', 150.0, '$2', 200.0, '$16', 250.0]
['$20', 250.0, 200.0, 150.0, '$3', 100.0, '$3', 50.0, '$2', 100.0, '$2', 50.0, '$7', 100.0, '$5', 50.0, '$14', 100.0, '$2', 150.0, '$2', 100.0, '$2', 150.0, '$2', 200.0, '$2', 100.0, 50.0, '$8', 100.0, '$7', 50.0, '$2', 100.0, '$6', 50.0, '$6', 100.0, '$13', 50.0, 100.0, '$3', 50.0, '$45', 100.0, 50.0, '$7', 100.0, '$18', 50.0, '$11', 100.0, 150.0, '$2', 100.0, '$2', 150.0, '$2', 200.0, '$16', 250.0]
['$16', 250.0, 200.0, '$3', 250.0, 200.0, 150.0, '$2', 100.0, '$4', 50.0, '$2', 100.0, '$2', 50.0, '$9', 100.0, '$3', 50.0, '$15', 100.0, 150.0, '$2', 100.0, '$3', 150.0, 200.0, 150.0, 100.0, 50.0, '$7', 100.0, '$7', 50.0, '$2', 100.0, '$7', 50.0, '$6', 100.0, '$19', 50.0, '$2', 100.0, '$2', 50.0, '$21', 100.0, 50.0, '$26', 100.0, '$16', 50.0, '$11', 100.0, '$3', 150.0, 100.0, '$3', 150.0, '$2', 200.0, '$15', 250.0]
['$16', 250.0, 200.0, '$3', 250.0, 200.0, 150.0, 100.0, '$8', 50.0, '$8', 100.0, '$5', 50.0, '$19', 100.0, '$4', 150.0, '$9', 100.0, '$6', 50.0, 100.0, 150.0, 100.0, '$7', 50.0, '$6', 100.0, '$21', 50.0, '$23', 100.0, '$4', 50.0, '$23', 100.0, '$16', 50.0, '$11', 100.0, '$3', 150.0, 100.0, '$4', 150.0, 200.0, '$15', 250.0]
['$21', 250.0, 150.0, 100.0, '$11', 50.0, '$5', 100.0, '$5', 50.0, '$3', 100.0, '$2', 50.0, '$9', 100.0, 50.0, '$4', 100.0, '$4', 150.0, '$9', 100.0, '$5', 50.0, '$3', 100.0, '$8', 50.0, '$4', 100.0, '$28', 50.0, '$2', 100.0, 50.0, '$15', 100.0, '$4', 50.0, '$5', 100.0, '$2', 50.0, '$19', 100.0, '$3', 50.0, 100.0, '$2', 50.0, '$2', 100.0, '$5', 50.0, '$15', 100.0, 150.0, 100.0, '$2', 150.0, 200.0, '$15', 250.0]
['$21', 250.0, 150.0, '$6', 50.0, '$10', 100.0, '$9', 50.0, 100.0, '$2', 50.0, '$12', 100.0, '$6', 150.0, 50.0, '$7', 100.0, '$4', 50.0, 100.0, 150.0, 100.0, '$41', 50.0, '$2', 100.0, 50.0, '$2', 100.0, '$4', 50.0, '$8', 100.0, '$5', 50.0, '$4', 100.0, '$4', 50.0, '$5', 100.0, 50.0, '$12', 100.0, '$3', 50.0, 100.0, '$2', 50.0, '$17', 100.0, 150.0, '$2', 100.0, 150.0, '$3', 100.0, '$2', 150.0, 200.0, '$15', 250.0]
['$21', 250.0, 200.0, 100.0, '$5', 50.0, '$3', 100.0, 50.0, 100.0, 150.0, '$3', 100.0, '$15', 50.0, '$3', 100.0, 50.0, '$3', 100.0, '$5', 150.0, 100.0, '$3', 150.0, '$8', 100.0, '$4', 50.0, '$3', 100.0, '$52', 50.0, 100.0, '$8', 50.0, '$7', 100.0, '$2', 50.0, '$3', 100.0, 50.0, '$46', 100.0, 150.0, '$16', 250.0]
['$21', 250.0, 200.0, 100.0, '$7', 50.0, '$2', 100.0, '$2', 150.0, '$3', 100.0, '$14', 50.0, '$3', 100.0, '$2', 50.0, '$3', 100.0, '$5', 150.0, '$2', 100.0, '$2', 150.0, '$7', 100.0, '$3', 50.0, '$5', 100.0, '$52', 50.0, 100.0, '$8', 50.0, '$12', 100.0, 50.0, '$45', 100.0, '$2', 150.0, '$16', 250.0]
['$21', 250.0, 200.0, 100.0, '$6', 50.0, '$7', 100.0, 50.0, 100.0, '$13', 50.0, '$2', 100.0, '$3', 50.0, '$19', 100.0, '$3', 50.0, 100.0, 150.0, '$3', 100.0, '$60', 50.0, '$13', 100.0, 50.0, '$32', 100.0, 150.0, '$12', 100.0, 150.0, 200.0, '$16', 250.0]
['$21', 250.0, 200.0, 150.0, '$5', 50.0, '$2', 100.0, 150.0, '$5', 100.0, '$14', 50.0, '$3', 100.0, '$5', 50.0, '$3', 0.0, '$4', 50.0, '$9', 100.0, '$3', 50.0, '$7', 100.0, '$58', 50.0, '$46', 100.0, '$2', 150.0, '$12', 100.0, 150.0, 200.0, '$16', 250.0]
['$22', 250.0, 200.0, '$2', 50.0, 100.0, 50.0, '$2', 100.0, '$4', 150.0, '$4', 100.0, '$12', 50.0, '$4', 100.0, '$12', 50.0, '$9', 100.0, '$3', 50.0, 100.0, 150.0, '$5', 100.0, '$58', 50.0, '$45', 100.0, '$2', 150.0, '$13', 100.0, 150.0, 200.0, '$16', 250.0]
['$22', 250.0, 200.0, '$4', 50.0, 100.0, '$6', 150.0, '$3', 100.0, '$11', 50.0, '$5', 100.0, '$11', 50.0, '$9', 100.0, '$3', 50.0, '$2', 100.0, 150.0, '$6', 100.0, '$58', 50.0, '$8', 100.0, 50.0, '$34', 100.0, '$3', 150.0, '$13', 100.0, 150.0, 200.0, '$16', 250.0]
['$7', 250.0, 200.0, '$14', 250.0, 200.0, 100.0, '$2', 50.0, 100.0, '$6', 150.0, '$4', 100.0, '$9', 50.0, '$7', 100.0, '$8', 50.0, 0.0, '$3', 50.0, '$8', 100.0, '$2', 50.0, '$11', 100.0, '$57', 50.0, '$6', 100.0, '$3', 50.0, '$33', 100.0, '$2', 150.0, '$15', 100.0, 150.0, 200.0, '$16', 250.0]
['$7', 250.0, '$2', 200.0, '$9', 250.0, 200.0, 250.0, 200.0, 250.0, 200.0, 150.0, '$2', 50.0, 100.0, '$6', 150.0, '$3', 100.0, '$11', 50.0, '$5', 100.0, '$12', 50.0, '$8', 100.0, 50.0, 0.0, 50.0, 100.0, 150.0, '$10', 100.0, '$24', 50.0, 100.0, '$24', 50.0, '$2', 100.0, '$4', 50.0, 100.0, 50.0, '$7', 100.0, 50.0, '$2', 100.0, 50.0, '$26', 100.0, '$3', 150.0, 100.0, '$2', 150.0, '$15', 100.0, 150.0, 200.0, '$16', 250.0]
['$7', 250.0, '$3', 200.0, '$13', 250.0, 200.0, 50.0, 100.0, '$6', 150.0, '$3', 100.0, '$11', 50.0, '$6', 100.0, '$11', 50.0, '$9', 100.0, '$2', 50.0, 100.0, 150.0, '$11', 100.0, '$26', 50.0, 100.0, '$26', 50.0, '$2', 100.0, '$2', 50.0, 100.0, '$2', 50.0, '$2', 100.0, 50.0, '$3', 100.0, '$2', 50.0, '$28', 100.0, '$3', 150.0, '$16', 100.0, 150.0, '$17', 250.0]
['$8', 250.0, '$3', 200.0, '$12', 250.0, 200.0, '$2', 100.0, '$5', 150.0, '$4', 100.0, '$12', 50.0, '$4', 100.0, '$12', 50.0, '$8', 100.0, '$2', 50.0, 100.0, 150.0, '$13', 100.0, '$59', 50.0, '$36', 100.0, '$3', 150.0, '$16', 100.0, 150.0, '$17', 250.0]
['$9', 250.0, '$3', 200.0, '$12', 250.0, 150.0, 100.0, '$4', 150.0, '$5', 100.0, '$11', 50.0, '$4', 100.0, '$12', 50.0, '$9', 100.0, '$2', 50.0, 100.0, 150.0, '$14', 100.0, '$27', 50.0, 100.0, '$30', 50.0, '$34', 100.0, '$5', 150.0, '$15', 100.0, 150.0, 200.0, '$17', 250.0]
['$9', 250.0, '$3', 200.0, '$2', 250.0, 200.0, '$9', 250.0, 150.0, '$2', 100.0, '$3', 150.0, '$5', 100.0, '$12', 50.0, '$3', 100.0, '$4', 50.0, '$3', 100.0, '$4', 50.0, '$9', 100.0, 50.0, 100.0, '$2', 150.0, '$15', 100.0, '$55', 50.0, '$36', 100.0, '$6', 150.0, '$15', 100.0, 150.0, 200.0, '$17', 250.0]
['$10', 250.0, '$4', 200.0, '$9', 250.0, 200.0, 150.0, '$2', 100.0, 150.0, '$6', 100.0, '$13', 50.0, '$3', 100.0, '$3', 50.0, '$8', 100.0, 50.0, '$8', 100.0, 50.0, 100.0, '$2', 150.0, '$17', 100.0, '$51', 50.0, '$37', 100.0, '$6', 150.0, '$16', 100.0, 150.0, '$18', 250.0]
['$10', 250.0, '$4', 200.0, '$9', 250.0, 200.0, 150.0, '$8', 100.0, '$14', 50.0, 100.0, '$6', 50.0, '$15', 100.0, 50.0, 100.0, 150.0, '$19', 100.0, '$52', 50.0, '$35', 100.0, '$7', 150.0, '$16', 100.0, 200.0, 250.0, 200.0, '$16', 250.0]
['$11', 250.0, '$4', 200.0, '$8', 250.0, '$2', 150.0, '$8', 100.0, '$22', 50.0, '$15', 100.0, '$2', 150.0, '$20', 100.0, '$51', 50.0, '$35', 100.0, '$7', 150.0, '$16', 100.0, 200.0, '$18', 250.0]
['$11', 250.0, '$4', 200.0, '$7', 250.0, 200.0, '$9', 100.0, '$24', 50.0, '$2', 100.0, 50.0, '$2', 100.0, 50.0, '$5', 100.0, 50.0, 100.0, 150.0, 100.0, 150.0, '$21', 100.0, '$48', 50.0, 100.0, 50.0, '$34', 100.0, '$7', 150.0, '$5', 100.0, 50.0, '$10', 100.0, 150.0, 200.0, '$18', 250.0]
['$12', 250.0, '$2', 200.0, 150.0, '$2', 200.0, '$4', 250.0, 200.0, 150.0, '$9', 100.0, '$25', 50.0, 100.0, '$5', 50.0, '$3', 100.0, '$2', 50.0, '$2', 150.0, '$23', 100.0, '$50', 50.0, '$4', 100.0, '$2', 50.0, '$27', 100.0, 150.0, 100.0, '$5', 150.0, '$6', 100.0, 50.0, '$10', 100.0, 150.0, '$2', 200.0, '$17', 250.0]
['$13', 250.0, '$5', 200.0, '$3', 250.0, 200.0, 150.0, '$9', 100.0, '$28', 50.0, 100.0, 50.0, '$6', 100.0, '$2', 150.0, '$23', 100.0, '$19', 50.0, 100.0, '$27', 50.0, '$3', 100.0, 50.0, '$32', 100.0, '$7', 150.0, '$2', 100.0, 150.0, '$3', 100.0, 50.0, '$10', 100.0, 150.0, '$19', 250.0]
['$13', 250.0, '$2', 200.0, '$2', 150.0, '$2', 200.0, '$2', 250.0, 200.0, 100.0, 150.0, '$9', 100.0, '$26', 50.0, '$36', 100.0, '$45', 50.0, '$10', 100.0, '$3', 50.0, '$22', 100.0, '$6', 150.0, '$2', 200.0, 150.0, '$4', 100.0, '$3', 50.0, '$9', 100.0, 150.0, '$19', 250.0]
['$14', 250.0, 200.0, '$2', 150.0, '$2', 200.0, 250.0, 200.0, 150.0, 100.0, 150.0, '$11', 100.0, '$18', 50.0, '$13', 100.0, 150.0, '$28', 100.0, '$34', 50.0, 100.0, '$2', 50.0, '$17', 100.0, '$4', 50.0, '$21', 100.0, '$6', 150.0, '$2', 200.0, 250.0, '$2', 150.0, '$3', 100.0, '$3', 50.0, '$9', 100.0, 200.0, '$19', 250.0]
['$15', 250.0, '$2', 200.0, '$2', 150.0, '$2', 200.0, '$2', 150.0, '$7', 100.0, 50.0, '$5', 100.0, '$13', 50.0, '$17', 100.0, 150.0, '$28', 100.0, '$31', 50.0, 100.0, 50.0, '$2', 100.0, '$2', 50.0, '$15', 100.0, '$6', 50.0, '$20', 100.0, '$7', 150.0, 200.0, '$2', 250.0, 200.0, 150.0, '$4', 100.0, '$2', 50.0, '$9', 100.0, 200.0, '$19', 250.0]
['$16', 250.0, 200.0, '$2', 150.0, '$2', 200.0, '$10', 100.0, '$2', 50.0, '$3', 100.0, '$14', 50.0, '$14', 100.0, 150.0, '$22', 100.0, 150.0, '$7', 100.0, '$7', 50.0, 100.0, '$2', 50.0, '$4', 100.0, '$2', 50.0, 100.0, '$20', 50.0, '$11', 100.0, 50.0, '$2', 100.0, '$8', 50.0, '$19', 100.0, '$6', 150.0, 100.0, 200.0, '$3', 250.0, 200.0, '$4', 100.0, 50.0, '$9', 100.0, 150.0, 200.0, '$19', 250.0]
['$16', 250.0, '$2', 200.0, '$4', 150.0, '$9', 100.0, 50.0, '$3', 100.0, 50.0, '$2', 100.0, '$12', 50.0, '$14', 100.0, 150.0, '$30', 100.0, '$10', 50.0, '$9', 100.0, '$14', 50.0, '$15', 100.0, 50.0, '$3', 100.0, '$7', 50.0, '$17', 100.0, '$7', 150.0, 100.0, 50.0, 200.0, '$3', 250.0, 200.0, 150.0, '$3', 100.0, 50.0, '$9', 100.0, 150.0, 200.0, '$19', 250.0]
['$15', 250.0, 200.0, 250.0, 200.0, '$4', 150.0, '$2', 100.0, 150.0, '$13', 100.0, '$9', 50.0, '$14', 100.0, '$2', 150.0, '$33', 100.0, '$12', 50.0, '$7', 100.0, 50.0, '$27', 100.0, 50.0, '$3', 100.0, '$7', 50.0, '$16', 100.0, '$8', 150.0, 100.0, 0.0, '$2', 200.0, 250.0, 200.0, 250.0, 150.0, '$3', 100.0, 50.0, '$9', 100.0, 150.0, '$20', 250.0]
['$18', 250.0, 200.0, '$2', 100.0, '$2', 150.0, '$16', 100.0, '$6', 50.0, '$13', 100.0, 50.0, 100.0, '$3', 150.0, '$32', 100.0, 50.0, '$3', 100.0, '$2', 50.0, '$6', 100.0, '$3', 50.0, 100.0, 50.0, '$35', 100.0, '$6', 50.0, '$16', 100.0, '$9', 150.0, '$2', 50.0, 150.0, 250.0, 200.0, 250.0, 200.0, 150.0, '$2', 100.0, '$2', 50.0, '$9', 100.0, 150.0, '$2', 250.0, 200.0, '$17', 250.0]
['$18', 250.0, 200.0, 100.0, '$3', 150.0, '$16', 100.0, '$6', 50.0, '$11', 100.0, '$2', 50.0, 100.0, 150.0, '$2', 100.0, 150.0, '$31', 100.0, 50.0, '$21', 100.0, 50.0, '$31', 100.0, '$6', 50.0, '$15', 100.0, '$8', 150.0, 100.0, 50.0, 0.0, 100.0, 200.0, '$2', 250.0, 200.0, 150.0, '$2', 100.0, '$2', 50.0, '$9', 100.0, 200.0, '$2', 250.0, 200.0, '$17', 250.0]
['$15', 250.0, '$3', 200.0, '$4', 150.0, 100.0, 150.0, '$16', 100.0, '$9', 50.0, '$6', 100.0, 50.0, '$2', 100.0, '$2', 150.0, '$27', 100.0, 150.0, '$24', 100.0, 50.0, 100.0, 50.0, '$33', 100.0, '$5', 50.0, '$16', 100.0, '$8', 150.0, 100.0, 0.0, '$2', 50.0, 150.0, '$3', 250.0, 150.0, '$2', 100.0, 50.0, '$9', 100.0, 150.0, 200.0, '$2', 250.0, 200.0, '$17', 250.0]
['$15', 250.0, 200.0, 250.0, 200.0, '$2', 150.0, '$3', 100.0, 200.0, 150.0, '$14', 100.0, '$2', 50.0, '$12', 100.0, '$2', 50.0, 100.0, '$2', 150.0, 100.0, 150.0, '$88', 100.0, '$2', 50.0, 100.0, 50.0, '$17', 100.0, '$8', 150.0, 50.0, 0.0, '$2', 50.0, 100.0, 200.0, 250.0, 200.0, 150.0, '$2', 100.0, 50.0, '$9', 100.0, 150.0, 200.0, '$20', 250.0]
['$16', 250.0, 200.0, '$4', 150.0, 100.0, '$3', 150.0, '$26', 100.0, '$3', 50.0, 100.0, '$2', 150.0, '$30', 100.0, 150.0, '$27', 100.0, 150.0, 200.0, 150.0, '$14', 200.0, 150.0, '$14', 100.0, '$3', 50.0, '$19', 100.0, '$8', 150.0, '$5', 50.0, 100.0, '$2', 250.0, 150.0, '$10', 100.0, 150.0, 100.0, 150.0, 200.0, '$20', 250.0]
['$16', 250.0, 200.0, '$4', 150.0, '$4', 100.0, 150.0, '$11', 100.0, 50.0, '$12', 100.0, 50.0, '$2', 100.0, '$2', 150.0, 100.0, 150.0, '$28', 100.0, 150.0, '$11', 100.0, '$5', 150.0, '$7', 200.0, '$4', 250.0, 200.0, '$4', 250.0, 200.0, '$13', 250.0, 200.0, '$4', 150.0, '$8', 100.0, '$7', 50.0, '$17', 100.0, '$7', 150.0, 100.0, '$4', 50.0, 0.0, 50.0, 200.0, 250.0, 150.0, '$9', 100.0, '$2', 150.0, 100.0, 150.0, '$21', 250.0]
['$15', 250.0, 200.0, '$4', 150.0, '$5', 100.0, '$2', 150.0, '$21', 100.0, '$2', 50.0, '$2', 100.0, '$2', 150.0, '$31', 100.0, 150.0, '$6', 100.0, 150.0, '$3', 200.0, '$18', 250.0, 200.0, '$2', 250.0, 200.0, '$14', 250.0, 200.0, '$6', 150.0, '$6', 100.0, '$4', 50.0, '$20', 100.0, 150.0, 100.0, '$5', 150.0, 100.0, 0.0, '$5', 50.0, 150.0, 200.0, 150.0, '$10', 100.0, 150.0, 100.0, 150.0, '$21', 250.0]
['$15', 250.0, 200.0, '$4', 150.0, '$4', 100.0, '$2', 150.0, 100.0, 150.0, '$19', 100.0, '$2', 50.0, '$2', 150.0, '$39', 100.0, 150.0, 200.0, '$2', 250.0, 200.0, '$32', 250.0, 200.0, '$2', 250.0, 200.0, 250.0, 200.0, '$5', 150.0, 100.0, '$4', 150.0, '$5', 100.0, '$3', 50.0, '$18', 100.0, 150.0, 100.0, '$5', 150.0, 100.0, '$6', 50.0, 100.0, 200.0, 150.0, '$12', 100.0, 200.0, '$21', 250.0]
['$12', 250.0, 200.0, 250.0, 200.0, '$6', 150.0, '$6', 100.0, '$2', 150.0, '$15', 100.0, '$2', 50.0, '$3', 100.0, '$3', 150.0, '$36', 100.0, 150.0, 200.0, '$42', 250.0, 200.0, '$5', 150.0, 100.0, '$7', 150.0, '$20', 100.0, '$2', 150.0, '$2', 100.0, 150.0, 100.0, '$4', 150.0, 100.0, '$6', 50.0, 100.0, '$2', 150.0, '$10', 100.0, 150.0, 100.0, 200.0, '$21', 250.0]
['$10', 250.0, '$2', 200.0, '$2', 250.0, 200.0, '$7', 150.0, '$4', 100.0, '$3', 150.0, '$13', 100.0, '$3', 50.0, 100.0, '$3', 150.0, 100.0, 150.0, 100.0, '$2', 50.0, '$31', 100.0, '$2', 150.0, '$2', 200.0, '$2', 250.0, 200.0, '$40', 250.0, 200.0, '$12', 150.0, '$2', 200.0, 150.0, '$21', 100.0, '$6', 150.0, 100.0, '$8', 50.0, '$2', 150.0, '$10', 100.0, 150.0, 100.0, 200.0, '$21', 250.0]
['$11', 250.0, 200.0, 250.0, 200.0, 150.0, 100.0, '$6', 150.0, '$7', 100.0, '$2', 150.0, '$12', 100.0, '$6', 150.0, 100.0, '$2', 50.0, '$32', 100.0, 150.0, 200.0, '$8', 250.0, 200.0, '$37', 250.0, 200.0, '$6', 150.0, 100.0, '$5', 150.0, 200.0, 250.0, '$2', 200.0, 150.0, '$18', 100.0, 150.0, 100.0, '$5', 150.0, 100.0, '$6', 50.0, '$3', 100.0, 150.0, '$10', 100.0, 150.0, 100.0, 200.0, '$21', 250.0]
['$9', 250.0, 200.0, 250.0, '$2', 200.0, '$3', 150.0, '$2', 200.0, '$2', 150.0, '$2', 200.0, 150.0, '$2', 200.0, '$2', 150.0, '$2', 100.0, '$2', 150.0, '$5', 100.0, '$2', 50.0, 100.0, 50.0, '$2', 150.0, 100.0, 150.0, 200.0, '$4', 100.0, 50.0, '$33', 100.0, 150.0, 200.0, 250.0, 200.0, '$45', 250.0, 200.0, '$6', 150.0, 100.0, '$5', 150.0, 200.0, '$3', 250.0, '$2', 200.0, '$15', 100.0, 150.0, '$3', 100.0, '$5', 150.0, 100.0, '$6', 50.0, '$15', 100.0, 150.0, 200.0, '$21', 250.0]
['$7', 250.0, 200.0, '$3', 250.0, 200.0, '$9', 150.0, '$6', 200.0, 150.0, 100.0, '$5', 150.0, 100.0, 150.0, 100.0, '$3', 50.0, 100.0, '$4', 150.0, 100.0, '$4', 50.0, '$32', 100.0, 150.0, 200.0, 250.0, 200.0, '$46', 250.0, 200.0, '$12', 150.0, 200.0, 250.0, 200.0, '$3', 250.0, '$2', 200.0, '$4', 150.0, '$11', 100.0, '$7', 150.0, '$9', 50.0, '$11', 100.0, '$3', 150.0, 200.0, '$21', 250.0]
['$10', 250.0, 150.0, '$9', 100.0, '$2', 150.0, '$2', 100.0, 150.0, '$2', 100.0, 150.0, '$3', 100.0, '$6', 150.0, 100.0, 50.0, 100.0, '$2', 150.0, 100.0, '$7', 50.0, '$31', 100.0, 150.0, 200.0, 250.0, 200.0, '$47', 250.0, 200.0, '$9', 150.0, 100.0, '$2', 150.0, 200.0, '$4', 250.0, 200.0, '$5', 250.0, '$2', 200.0, 150.0, '$8', 100.0, '$3', 150.0, 100.0, '$4', 150.0, '$8', 50.0, 0.0, 100.0, 150.0, '$9', 100.0, '$3', 150.0, '$22', 250.0]
['$9', 250.0, 200.0, '$3', 100.0, 150.0, '$13', 100.0, 150.0, '$3', 100.0, 200.0, 150.0, '$4', 100.0, '$3', 150.0, '$3', 100.0, '$5', 50.0, '$32', 100.0, 150.0, 200.0, 250.0, 200.0, '$2', 250.0, 200.0, '$45', 250.0, 200.0, '$8', 150.0, '$3', 100.0, '$2', 150.0, '$2', 250.0, 200.0, '$9', 250.0, 200.0, '$2', 150.0, '$5', 100.0, '$7', 150.0, 200.0, 150.0, '$9', 50.0, 100.0, 150.0, '$9', 100.0, '$3', 150.0, '$22', 250.0]
['$9', 250.0, 200.0, '$2', 100.0, 50.0, 100.0, '$10', 50.0, 0.0, '$4', 50.0, '$9', 100.0, '$2', 200.0, 100.0, '$4', 50.0, '$34', 100.0, 150.0, 200.0, '$6', 250.0, 200.0, '$44', 250.0, 200.0, '$8', 150.0, '$2', 100.0, '$3', 150.0, 200.0, '$12', 250.0, '$2', 200.0, '$2', 150.0, '$3', 100.0, '$4', 150.0, '$2', 200.0, '$2', 250.0, 150.0, '$9', 50.0, 100.0, 150.0, '$9', 100.0, '$3', 150.0, '$22', 250.0]
['$9', 250.0, 200.0, 100.0, 50.0, '$9', 100.0, '$9', 50.0, '$3', 100.0, 150.0, 100.0, 0.0, '$2', 50.0, 100.0, 200.0, 150.0, '$3', 50.0, '$35', 100.0, '$2', 200.0, '$51', 250.0, 200.0, '$8', 150.0, '$2', 100.0, '$3', 150.0, 200.0, '$13', 250.0, '$2', 200.0, '$5', 150.0, '$2', 200.0, '$4', 250.0, '$2', 200.0, '$8', 50.0, 100.0, '$2', 150.0, '$11', 100.0, 200.0, '$22', 250.0]
['$9', 250.0, 200.0, 150.0, '$12', 100.0, 50.0, '$9', 100.0, 150.0, 100.0, '$2', 50.0, 100.0, '$2', 150.0, 100.0, '$7', 50.0, '$29', 100.0, 150.0, '$2', 200.0, '$52', 250.0, 200.0, '$9', 150.0, 100.0, '$3', 150.0, 200.0, '$16', 250.0, '$2', 200.0, '$2', 250.0, 200.0, '$6', 250.0, 200.0, '$8', 50.0, 100.0, '$2', 150.0, '$11', 100.0, 200.0, '$22', 250.0]
['$9', 250.0, 200.0, 150.0, '$12', 100.0, 50.0, '$12', 100.0, 150.0, 200.0, 150.0, '$2', 100.0, 50.0, '$3', 100.0, 50.0, '$30', 100.0, 150.0, 200.0, '$54', 250.0, 200.0, '$13', 150.0, 200.0, '$28', 250.0, '$2', 150.0, 200.0, 100.0, '$3', 50.0, 0.0, 100.0, '$2', 150.0, '$11', 100.0, 200.0, '$22', 250.0]
['$7', 250.0, 200.0, 250.0, 150.0, '$24', 100.0, '$2', 150.0, 100.0, '$3', 150.0, 100.0, '$3', 50.0, '$31', 100.0, 150.0, '$56', 250.0, 200.0, '$10', 150.0, '$2', 100.0, '$2', 150.0, '$29', 250.0, 200.0, 250.0, 150.0, '$4', 50.0, 100.0, '$2', 150.0, '$11', 100.0, 200.0, '$22', 250.0]
['$8', 250.0, 200.0, 150.0, '$25', 100.0, 150.0, 100.0, 50.0, 150.0, 200.0, 150.0, '$33', 100.0, 150.0, '$57', 250.0, 200.0, '$9', 150.0, '$3', 100.0, '$2', 150.0, 200.0, '$28', 250.0, '$2', 200.0, 150.0, '$4', 50.0, '$3', 150.0, '$11', 100.0, 150.0, '$22', 250.0]
['$8', 250.0, 200.0, 100.0, '$3', 150.0, '$25', 100.0, '$2', 150.0, '$33', 100.0, 200.0, '$58', 250.0, 200.0, '$8', 150.0, '$4', 100.0, '$2', 150.0, 200.0, '$27', 250.0, 200.0, '$2', 250.0, 200.0, 100.0, '$3', 50.0, '$3', 150.0, '$11', 100.0, 150.0, '$22', 250.0]
['$7', 250.0, 200.0, 150.0, 100.0, 150.0, '$22', 100.0, 150.0, '$3', 100.0, '$2', 150.0, '$32', 100.0, 150.0, 200.0, '$59', 250.0, 200.0, '$8', 150.0, '$4', 100.0, '$2', 150.0, 200.0, '$31', 250.0, 100.0, 50.0, 0.0, 100.0, '$3', 150.0, '$9', 100.0, '$3', 150.0, '$22', 250.0]
['$7', 250.0, '$6', 150.0, '$18', 100.0, 50.0, 100.0, 150.0, '$3', 100.0, '$2', 150.0, '$31', 100.0, 150.0, 200.0, '$60', 250.0, 200.0, '$5', 150.0, '$2', 100.0, '$2', 150.0, '$3', 100.0, '$3', 150.0, '$25', 250.0, 200.0, '$4', 250.0, 200.0, 100.0, 50.0, 0.0, 100.0, '$2', 150.0, '$10', 100.0, '$3', 150.0, '$22', 250.0]
[200.0, '$4', 250.0, 200.0, '$8', 150.0, '$16', 100.0, '$3', 50.0, 100.0, '$5', 150.0, '$30', 100.0, 150.0, '$62', 250.0, 200.0, '$6', 150.0, '$2', 100.0, 150.0, '$4', 100.0, '$2', 150.0, '$30', 250.0, 200.0, 100.0, '$2', 50.0, '$5', 150.0, '$9', 100.0, '$2', 150.0, '$22', 250.0]
['$4', 250.0, '$4', 200.0, '$5', 150.0, '$17', 100.0, '$3', 50.0, '$2', 100.0, 150.0, '$2', 100.0, 50.0, '$29', 100.0, 150.0, '$2', 200.0, '$61', 250.0, 200.0, '$6', 150.0, '$2', 100.0, '$2', 150.0, '$3', 100.0, '$2', 150.0, 200.0, '$26', 250.0, 200.0, '$2', 250.0, 200.0, 100.0, '$2', 50.0, '$4', 150.0, '$10', 100.0, '$2', 150.0, '$22', 250.0]
[200.0, '$3', 250.0, 200.0, '$9', 150.0, '$17', 100.0, '$2', 50.0, 0.0, 50.0, '$4', 100.0, 50.0, '$2', 100.0, '$2', 50.0, '$23', 100.0, 200.0, 250.0, 200.0, '$62', 250.0, 200.0, 150.0, 100.0, '$4', 150.0, '$7', 100.0, '$2', 150.0, 200.0, '$29', 250.0, 200.0, 100.0, 50.0, 100.0, '$3', 150.0, '$10', 100.0, '$3', 150.0, '$22', 250.0]
['$3', 250.0, '$2', 200.0, 150.0, '$3', 100.0, '$6', 150.0, '$16', 100.0, '$6', 50.0, 100.0, 150.0, '$5', 50.0, '$21', 100.0, 150.0, 200.0, '$3', 250.0, 200.0, '$61', 250.0, 200.0, '$6', 150.0, '$5', 100.0, 150.0, '$3', 100.0, 200.0, '$29', 250.0, 200.0, 100.0, 50.0, 100.0, '$3', 150.0, '$5', 100.0, 50.0, '$5', 100.0, '$2', 150.0, '$22', 250.0]
['$3', 250.0, 200.0, '$2', 150.0, '$6', 100.0, '$5', 150.0, '$15', 100.0, '$4', 50.0, '$3', 100.0, '$3', 50.0, '$22', 100.0, 150.0, 200.0, '$3', 250.0, 200.0, '$62', 250.0, '$13', 150.0, '$3', 100.0, 200.0, '$29', 250.0, 200.0, 100.0, 50.0, 100.0, '$3', 150.0, '$5', 100.0, 50.0, '$6', 100.0, 150.0, '$22', 250.0]
['$2', 250.0, 200.0, '$3', 150.0, '$7', 100.0, '$9', 150.0, '$9', 100.0, '$2', 50.0, '$3', 100.0, '$2', 50.0, 100.0, '$3', 50.0, '$21', 100.0, 150.0, 200.0, '$3', 250.0, 200.0, '$62', 250.0, 200.0, '$14', 150.0, 100.0, 150.0, 200.0, '$30', 250.0, 200.0, 100.0, '$4', 150.0, '$5', 100.0, '$2', 50.0, '$2', 100.0, 150.0, '$2', 100.0, 150.0, 200.0, '$21', 250.0]
['$2', 250.0, 150.0, '$11', 100.0, '$5', 150.0, '$2', 200.0, '$3', 150.0, '$7', 100.0, 50.0, '$7', 100.0, '$2', 50.0, '$20', 100.0, 150.0, 200.0, 250.0, 200.0, '$2', 250.0, 200.0, '$2', 250.0, 200.0, '$60', 250.0, 200.0, '$2', 150.0, 100.0, '$13', 150.0, 200.0, '$30', 250.0, 200.0, 100.0, '$3', 150.0, '$5', 100.0, '$3', 50.0, '$4', 100.0, '$2', 150.0, 200.0, '$21', 250.0]
['$2', 200.0, 100.0, 50.0, '$10', 100.0, '$6', 150.0, '$3', 200.0, '$2', 150.0, '$14', 100.0, 50.0, '$19', 100.0, 150.0, '$2', 200.0, '$3', 250.0, 200.0, '$3', 250.0, 200.0, '$61', 250.0, 200.0, 150.0, '$4', 100.0, '$11', 150.0, 200.0, '$29', 250.0, '$2', 200.0, 100.0, '$3', 150.0, '$5', 100.0, '$3', 50.0, '$4', 100.0, '$2', 150.0, '$22', 250.0]
[200.0, 100.0, '$3', 50.0, '$11', 100.0, '$3', 50.0, 100.0, '$2', 150.0, 200.0, '$2', 150.0, '$32', 100.0, 150.0, 200.0, '$72', 250.0, 200.0, '$5', 100.0, '$11', 150.0, 200.0, '$28', 250.0, 200.0, 250.0, 200.0, 100.0, '$4', 150.0, '$4', 100.0, '$2', 50.0, '$4', 100.0, '$3', 150.0, 200.0, '$21', 250.0]
[200.0, 100.0, '$3', 50.0, '$4', 100.0, '$2', 50.0, '$4', 100.0, '$2', 50.0, 0.0, '$2', 50.0, 100.0, '$4', 150.0, '$30', 100.0, 150.0, '$2', 200.0, 250.0, 200.0, '$2', 250.0, 200.0, '$68', 250.0, 200.0, '$4', 100.0, '$5', 150.0, 100.0, '$6', 150.0, 200.0, '$30', 250.0, 200.0, '$5', 150.0, '$4', 100.0, '$3', 50.0, '$3', 100.0, '$3', 150.0, 200.0, '$21', 250.0]
[150.0, '$3', 50.0, '$11', 100.0, '$5', 50.0, '$2', 100.0, '$4', 150.0, '$27', 100.0, 150.0, '$2', 200.0, '$74', 250.0, '$2', 200.0, '$2', 50.0, '$9', 100.0, '$5', 150.0, 200.0, '$31', 250.0, 200.0, '$4', 150.0, '$4', 100.0, '$2', 50.0, '$5', 100.0, '$2', 150.0, '$22', 250.0]
[150.0, '$3', 50.0, '$10', 100.0, '$6', 50.0, '$2', 100.0, '$3', 150.0, '$26', 100.0, 150.0, 200.0, '$3', 250.0, '$2', 200.0, '$73', 250.0, 200.0, '$3', 50.0, '$9', 100.0, '$4', 150.0, 200.0, '$32', 250.0, '$4', 150.0, '$5', 100.0, '$2', 50.0, 100.0, 50.0, '$2', 100.0, '$2', 150.0, '$22', 250.0]
[150.0, 100.0, '$2', 50.0, '$9', 100.0, '$7', 50.0, '$2', 100.0, '$3', 150.0, '$24', 100.0, 150.0, 200.0, '$4', 250.0, 200.0, '$75', 250.0, 200.0, '$3', 50.0, '$3', 100.0, '$2', 50.0, '$7', 100.0, 150.0, 200.0, '$28', 250.0, 200.0, 250.0, 200.0, 250.0, 200.0, '$3', 150.0, '$6', 100.0, 50.0, '$3', 100.0, '$3', 150.0, 200.0, '$21', 250.0]
[150.0, '$2', 100.0, 50.0, '$6', 100.0, '$11', 50.0, '$2', 100.0, '$2', 150.0, '$22', 100.0, 150.0, 200.0, '$5', 250.0, 200.0, '$3', 250.0, 200.0, '$71', 250.0, 200.0, 150.0, '$8', 50.0, '$7', 100.0, 200.0, '$31', 250.0, 200.0, 250.0, 200.0, '$3', 150.0, '$6', 100.0, 50.0, '$5', 100.0, 150.0, 200.0, '$21', 250.0]
[150.0, '$4', 100.0, 50.0, '$3', 100.0, '$12', 50.0, '$3', 100.0, 150.0, '$4', 100.0, 150.0, '$13', 100.0, '$2', 150.0, '$2', 200.0, '$81', 250.0, 200.0, '$2', 250.0, 150.0, '$5', 50.0, 100.0, '$2', 50.0, '$6', 100.0, 150.0, 200.0, '$33', 250.0, 200.0, '$3', 150.0, '$4', 100.0, '$3', 50.0, 100.0, '$3', 50.0, 100.0, 150.0, '$22', 250.0]
[200.0, '$4', 100.0, 50.0, '$2', 100.0, '$13', 50.0, '$8', 100.0, 150.0, '$10', 100.0, '$2', 150.0, '$2', 200.0, '$87', 250.0, 150.0, '$9', 50.0, '$5', 100.0, 150.0, '$35', 250.0, '$3', 150.0, '$4', 100.0, '$2', 50.0, 100.0, '$4', 50.0, 100.0, 150.0, 200.0, '$21', 250.0]
[250.0, 150.0, '$6', 100.0, '$12', 50.0, '$7', 100.0, 150.0, 100.0, 150.0, 100.0, 150.0, '$5', 100.0, '$2', 150.0, '$3', 200.0, '$89', 250.0, 200.0, '$8', 50.0, '$6', 100.0, 200.0, '$34', 250.0, '$2', 200.0, '$2', 150.0, '$2', 100.0, '$8', 50.0, '$3', 100.0, 200.0, '$21', 250.0]
[250.0, 200.0, '$6', 100.0, '$12', 50.0, '$7', 100.0, 150.0, '$2', 100.0, 150.0, '$6', 100.0, '$3', 200.0, '$91', 250.0, 200.0, '$5', 50.0, 100.0, 50.0, '$2', 100.0, 50.0, '$4', 100.0, 200.0, 250.0, '$2', 200.0, '$32', 250.0, 200.0, '$2', 150.0, '$2', 100.0, '$8', 50.0, '$3', 100.0, 150.0, '$21', 250.0]
['$2', 250.0, 200.0, '$5', 100.0, '$12', 50.0, '$16', 100.0, 150.0, 200.0, '$93', 250.0, 200.0, '$4', 50.0, 100.0, 150.0, '$3', 100.0, 50.0, '$3', 100.0, 150.0, '$2', 250.0, '$2', 200.0, '$32', 250.0, 200.0, '$2', 150.0, 100.0, '$5', 50.0, '$5', 100.0, 50.0, 100.0, 150.0, '$21', 250.0]
['$3', 250.0, 150.0, '$8', 100.0, '$2', 50.0, 100.0, '$5', 50.0, '$15', 100.0, 150.0, 200.0, '$94', 250.0, 200.0, 100.0, '$3', 50.0, '$9', 100.0, 200.0, 250.0, 200.0, '$35', 250.0, 150.0, '$2', 100.0, '$5', 50.0, '$3', 100.0, '$3', 50.0, 100.0, 200.0, '$21', 250.0]
['$2', 250.0, '$2', 200.0, '$8', 100.0, '$10', 50.0, '$9', 100.0, 50.0, 100.0, '$2', 150.0, '$2', 200.0, 250.0, 200.0, '$92', 250.0, 200.0, 100.0, '$6', 50.0, '$4', 100.0, 150.0, 200.0, '$38', 250.0, 200.0, '$2', 100.0, '$3', 50.0, '$6', 100.0, '$2', 50.0, 100.0, 150.0, '$21', 250.0]
['$4', 250.0, 200.0, '$10', 100.0, '$8', 50.0, '$4', 100.0, 50.0, '$3', 100.0, 150.0, '$2', 200.0, '$97', 250.0, 200.0, 100.0, '$3', 50.0, '$7', 100.0, 200.0, '$2', 250.0, 200.0, '$2', 250.0, 200.0, '$33', 250.0, 200.0, 150.0, '$2', 100.0, '$2', 50.0, '$5', 100.0, '$3', 50.0, 100.0, 200.0, '$21', 250.0]
[200.0, '$2', 250.0, 200.0, 250.0, 200.0, 150.0, '$9', 100.0, '$7', 50.0, 100.0, '$4', 50.0, '$2', 100.0, 150.0, 200.0, 250.0, '$2', 200.0, '$96', 250.0, 200.0, 100.0, '$4', 50.0, '$5', 100.0, 50.0, 200.0, 250.0, 200.0, '$3', 250.0, 200.0, '$34', 250.0, 200.0, '$2', 100.0, '$5', 50.0, 100.0, '$4', 50.0, 100.0, 200.0, '$21', 250.0]
['$4', 250.0, 200.0, 250.0, '$2', 200.0, 150.0, '$8', 100.0, '$4', 50.0, 100.0, '$3', 50.0, '$3', 100.0, 150.0, 200.0, '$101', 250.0, 200.0, 100.0, '$6', 50.0, '$4', 100.0, 200.0, 250.0, 200.0, '$38', 250.0, 200.0, '$3', 100.0, '$4', 50.0, 100.0, '$3', 50.0, '$2', 100.0, 200.0, '$21', 250.0]
['$8', 250.0, 200.0, 150.0, '$11', 100.0, '$4', 50.0, 100.0, 150.0, 200.0, '$103', 250.0, 200.0, 100.0, '$4', 50.0, 100.0, 50.0, '$2', 100.0, 50.0, 150.0, '$42', 250.0, 200.0, '$3', 100.0, '$2', 50.0, '$2', 100.0, '$2', 50.0, '$2', 100.0, 150.0, '$22', 250.0]
['$7', 250.0, 200.0, 250.0, '$2', 200.0, 150.0, '$7', 100.0, 50.0, '$5', 100.0, 150.0, '$2', 200.0, '$103', 250.0, 200.0, 100.0, '$5', 50.0, '$2', 100.0, '$2', 50.0, 150.0, '$42', 250.0, 200.0, 150.0, '$4', 100.0, 50.0, '$5', 100.0, 150.0, 200.0, '$21', 250.0]
['$11', 250.0, '$3', 200.0, '$5', 150.0, '$3', 100.0, '$3', 150.0, 200.0, '$2', 250.0, 200.0, '$102', 250.0, 200.0, 100.0, '$5', 50.0, '$2', 100.0, '$2', 50.0, 200.0, '$8', 250.0, '$11', 200.0, '$24', 250.0, 200.0, 150.0, '$2', 100.0, '$3', 50.0, '$4', 100.0, 150.0, '$22', 250.0]
['$9', 250.0, 200.0, '$8', 250.0, '$7', 200.0, '$106', 250.0, 200.0, 100.0, '$4', 50.0, 100.0, '$4', 50.0, 200.0, '$6', 250.0, '$17', 200.0, '$18', 250.0, 200.0, '$2', 250.0, 150.0, '$2', 100.0, '$7', 50.0, 150.0, '$22', 250.0]
['$12', 250.0, 200.0, '$13', 250.0, 200.0, '$2', 250.0, '$2', 200.0, '$100', 250.0, 200.0, 100.0, '$9', 50.0, 200.0, '$5', 250.0, '$20', 200.0, '$19', 250.0, 200.0, '$3', 100.0, '$6', 50.0, 100.0, '$22', 250.0]
['$131', 250.0, 200.0, 100.0, '$9', 50.0, 200.0, '$3', 250.0, '$25', 200.0, '$15', 250.0, '$2', 200.0, '$3', 100.0, '$6', 50.0, 100.0, 200.0, '$21', 250.0]
['$131', 250.0, 150.0, 100.0, '$7', 50.0, 0.0, 50.0, 200.0, 250.0, '$31', 200.0, '$10', 250.0, 200.0, '$2', 250.0, '$3', 100.0, '$6', 50.0, 100.0, 200.0, '$21', 250.0]
['$7', 250.0, 200.0, '$123', 250.0, 150.0, '$8', 50.0, 0.0, 100.0, '$34', 200.0, '$12', 250.0, 150.0, '$3', 100.0, '$5', 50.0, 100.0, 200.0, '$21', 250.0]
['$128', 250.0, 200.0, '$2', 250.0, 150.0, '$8', 50.0, 0.0, 50.0, '$39', 200.0, '$6', 250.0, '$2', 200.0, '$8', 50.0, 100.0, 200.0, '$21', 250.0]
['$131', 250.0, 150.0, '$10', 50.0, '$43', 200.0, '$3', 250.0, 200.0, 100.0, '$7', 50.0, 100.0, 200.0, '$21', 250.0]
['$129', 250.0, 200.0, 250.0, 150.0, '$10', 50.0, '$43', 200.0, 250.0, 200.0, 250.0, 200.0, 100.0, '$7', 50.0, 100.0, 200.0, '$21', 250.0]
['$131', 250.0, 100.0, '$10', 50.0, '$45', 200.0, 250.0, 200.0, 100.0, '$8', 50.0, 200.0, '$21', 250.0]
['$130', 250.0, 200.0, 100.0, '$10', 50.0, '$15', 200.0, '$6', 150.0, '$26', 200.0, 150.0, '$8', 50.0, 150.0, '$21', 250.0]
['$128', 250.0, 200.0, 250.0, 200.0, '$11', 50.0, '$13', 200.0, '$13', 150.0, '$21', 200.0, 150.0, 50.0, 100.0, '$6', 50.0, 150.0, '$21', 250.0]
['$130', 250.0, 150.0, '$11', 50.0, '$11', 200.0, '$18', 150.0, '$18', 200.0, 150.0, '$8', 50.0, 100.0, 200.0, '$20', 250.0]
['$129', 250.0, 200.0, 100.0, '$9', 50.0, 0.0, 50.0, '$11', 200.0, '$21', 150.0, '$15', 200.0, 150.0, '$8', 50.0, 100.0, '$2', 200.0, '$19', 250.0]
['$129', 250.0, 200.0, '$12', 50.0, '$9', 200.0, '$26', 150.0, '$13', 200.0, '$8', 50.0, 100.0, 200.0, '$20', 250.0]
['$127', 250.0, 200.0, 250.0, 150.0, '$12', 50.0, '$9', 200.0, '$29', 150.0, '$10', 200.0, '$8', 50.0, 100.0, 150.0, '$20', 250.0]
['$127', 250.0, '$2', 200.0, 150.0, '$11', 50.0, 100.0, '$7', 200.0, '$34', 150.0, '$7', 200.0, '$8', 50.0, 100.0, 150.0, 200.0, '$19', 250.0]
['$128', 250.0, 200.0, 100.0, '$12', 50.0, 150.0, '$5', 200.0, '$38', 150.0, '$4', 200.0, '$8', 50.0, '$2', 100.0, 200.0, 250.0, 200.0, '$17', 250.0]
['$128', 250.0, 200.0, 100.0, '$12', 50.0, 150.0, '$5', 200.0, '$39', 150.0, '$2', 200.0, 150.0, 50.0, 100.0, '$6', 50.0, '$2', 100.0, 200.0, 250.0, 200.0, '$17', 250.0]
['$128', 250.0, 200.0, 100.0, '$12', 50.0, 150.0, '$4', 200.0, '$41', 150.0, 200.0, 150.0, 50.0, 100.0, '$7', 50.0, 100.0, 150.0, '$19', 250.0]
['$128', 250.0, 150.0, '$5', 100.0, '$8', 50.0, 150.0, '$4', 200.0, '$43', 150.0, '$2', 100.0, '$5', 50.0, '$3', 100.0, 150.0, 200.0, '$18', 250.0]
['$127', 250.0, 200.0, '$6', 100.0, '$5', 50.0, '$3', 100.0, 150.0, '$4', 200.0, '$43', 150.0, '$2', 100.0, '$5', 50.0, 100.0, 50.0, '$2', 100.0, '$3', 200.0, '$16', 250.0]
['$125', 250.0, 200.0, 250.0, 200.0, '$6', 100.0, '$5', 50.0, '$3', 100.0, 150.0, '$4', 200.0, '$43', 150.0, '$2', 100.0, '$8', 50.0, 100.0, '$3', 200.0, 250.0, 200.0, '$14', 250.0]
['$127', 250.0, 200.0, 150.0, '$3', 100.0, '$2', 50.0, 100.0, '$4', 50.0, 100.0, 150.0, 100.0, 150.0, '$5', 200.0, '$42', 150.0, '$2', 100.0, '$3', 50.0, 100.0, '$4', 50.0, 100.0, 150.0, '$18', 250.0]
['$126', 250.0, 200.0, 150.0, '$4', 100.0, '$2', 50.0, 100.0, '$3', 50.0, '$2', 100.0, 150.0, 100.0, 150.0, '$5', 200.0, '$42', 150.0, '$3', 100.0, 50.0, '$2', 100.0, '$4', 50.0, 100.0, 150.0, 200.0, 250.0, 200.0, '$15', 250.0]
['$123', 250.0, 200.0, '$2', 250.0, 200.0, '$7', 100.0, 50.0, 100.0, 50.0, '$5', 100.0, '$6', 200.0, '$42', 150.0, '$7', 100.0, '$3', 50.0, '$2', 100.0, 200.0, 250.0, 200.0, '$15', 250.0]
['$123', 250.0, 200.0, '$2', 250.0, 200.0, '$7', 100.0, '$3', 50.0, '$5', 100.0, '$6', 200.0, '$42', 150.0, '$8', 100.0, '$2', 50.0, '$2', 100.0, '$2', 200.0, 250.0, 200.0, '$14', 250.0]
['$125', 250.0, 200.0, 150.0, '$6', 100.0, '$5', 50.0, '$3', 100.0, 150.0, '$6', 200.0, '$41', 150.0, '$13', 100.0, 150.0, 200.0, 250.0, '$2', 200.0, '$13', 250.0]
['$123', 250.0, 200.0, 250.0, 200.0, '$6', 100.0, '$6', 50.0, '$3', 100.0, 150.0, '$7', 200.0, '$40', 150.0, '$12', 100.0, '$2', 150.0, 200.0, 250.0, 200.0, '$14', 250.0]
['$123', 250.0, 200.0, 250.0, 200.0, 100.0, '$11', 50.0, '$3', 100.0, '$8', 200.0, '$40', 150.0, '$7', 100.0, '$2', 50.0, '$3', 100.0, '$2', 150.0, '$3', 200.0, '$14', 250.0]
['$119', 250.0, 200.0, '$5', 250.0, '$4', 100.0, '$9', 50.0, '$3', 100.0, '$8', 200.0, '$32', 150.0, '$3', 100.0, '$2', 150.0, 100.0, 150.0, 100.0, 150.0, '$6', 100.0, 50.0, '$5', 100.0, '$2', 150.0, 200.0, 250.0, 200.0, '$13', 250.0]
['$119', 250.0, 200.0, '$3', 250.0, '$2', 200.0, '$6', 100.0, '$7', 50.0, '$2', 100.0, 150.0, '$8', 200.0, '$32', 150.0, '$3', 100.0, 150.0, 100.0, '$4', 150.0, '$12', 100.0, '$2', 150.0, '$3', 200.0, '$13', 250.0]
['$124', 250.0, 150.0, '$5', 100.0, '$10', 50.0, 150.0, '$8', 200.0, '$31', 150.0, '$3', 100.0, 150.0, '$3', 100.0, 150.0, 100.0, 150.0, '$13', 100.0, '$2', 150.0, '$3', 200.0, '$12', 250.0]
['$119', 250.0, 200.0, 250.0, 200.0, '$2', 250.0, 150.0, '$3', 100.0, '$12', 50.0, '$8', 200.0, '$32', 150.0, '$3', 100.0, 150.0, '$5', 100.0, 150.0, '$4', 100.0, '$2', 50.0, '$8', 100.0, '$2', 150.0, '$3', 200.0, '$11', 250.0]
['$123', 250.0, 200.0, 150.0, '$2', 100.0, '$8', 50.0, 100.0, '$3', 50.0, 100.0, '$8', 200.0, '$31', 150.0, '$7', 100.0, 150.0, 100.0, '$3', 150.0, '$4', 100.0, 50.0, '$9', 100.0, 150.0, '$3', 200.0, '$11', 250.0]
['$120', 250.0, '$4', 200.0, 150.0, '$2', 100.0, '$8', 50.0, '$4', 100.0, '$9', 200.0, '$30', 150.0, '$11', 100.0, '$2', 150.0, '$14', 100.0, 150.0, '$4', 200.0, '$10', 250.0]
['$122', 250.0, 200.0, '$2', 150.0, '$2', 100.0, '$3', 50.0, '$5', 100.0, 50.0, '$2', 100.0, 150.0, '$8', 200.0, '$31', 150.0, '$11', 100.0, 150.0, '$15', 100.0, 150.0, '$4', 200.0, '$10', 250.0]
['$119', 250.0, 200.0, 250.0, 200.0, 150.0, 100.0, 150.0, '$2', 100.0, '$2', 50.0, '$6', 100.0, 50.0, '$2', 100.0, 150.0, '$7', 200.0, '$32', 150.0, '$9', 100.0, 150.0, '$17', 100.0, 150.0, '$5', 200.0, '$9', 250.0]
['$113', 250.0, 200.0, '$3', 250.0, '$2', 200.0, 250.0, 200.0, '$4', 150.0, '$12', 100.0, 150.0, '$7', 200.0, '$31', 150.0, '$29', 100.0, 150.0, '$6', 200.0, '$8', 250.0]
['$112', 250.0, '$9', 200.0, '$4', 150.0, '$12', 100.0, 150.0, '$7', 200.0, '$30', 150.0, '$30', 100.0, 150.0, '$6', 200.0, '$8', 250.0]
['$108', 250.0, '$11', 200.0, 150.0, '$2', 100.0, '$2', 150.0, '$14', 100.0, '$6', 200.0, '$31', 150.0, '$16', 100.0, '$2', 150.0, '$12', 100.0, 150.0, '$6', 200.0, '$8', 250.0]
['$104', 250.0, '$15', 200.0, 150.0, '$18', 100.0, '$3', 200.0, 150.0, '$2', 200.0, '$31', 150.0, '$16', 100.0, '$2', 150.0, '$12', 100.0, 150.0, '$8', 200.0, '$6', 250.0]
['$96', 250.0, '$22', 200.0, 150.0, '$2', 100.0, '$6', 50.0, '$11', 100.0, 150.0, '$2', 200.0, 150.0, '$2', 200.0, '$31', 150.0, '$16', 100.0, '$2', 150.0, '$7', 100.0, 150.0, '$4', 100.0, '$2', 150.0, '$6', 200.0, '$7', 250.0]
['$84', 250.0, '$33', 200.0, 150.0, '$3', 100.0, '$7', 50.0, '$10', 100.0, 150.0, '$3', 200.0, 150.0, 200.0, '$31', 150.0, '$17', 100.0, 150.0, '$3', 100.0, '$2', 50.0, '$2', 100.0, '$2', 150.0, '$3', 100.0, '$3', 150.0, '$5', 200.0, '$7', 250.0]
['$76', 250.0, '$40', 200.0, 150.0, '$3', 100.0, '$8', 50.0, '$2', 100.0, '$7', 50.0, 100.0, '$2', 150.0, '$2', 200.0, 150.0, 200.0, '$31', 150.0, '$21', 100.0, '$2', 50.0, 100.0, '$3', 150.0, '$4', 100.0, '$3', 150.0, '$6', 200.0, '$5', 250.0]
['$71', 250.0, '$45', 200.0, 150.0, '$3', 100.0, '$18', 50.0, '$3', 150.0, 200.0, 150.0, 200.0, '$31', 150.0, '$24', 100.0, '$3', 150.0, '$5', 100.0, '$3', 150.0, '$4', 200.0, '$6', 250.0]
['$67', 250.0, '$48', 200.0, 150.0, '$3', 100.0, '$13', 50.0, 100.0, '$5', 50.0, 150.0, '$4', 200.0, '$32', 150.0, '$16', 100.0, 150.0, '$7', 100.0, '$3', 150.0, 100.0, '$2', 50.0, '$2', 100.0, '$2', 150.0, '$6', 200.0, '$5', 250.0]
['$64', 250.0, '$51', 200.0, 150.0, '$2', 100.0, '$14', 50.0, 100.0, '$4', 50.0, 100.0, 150.0, 200.0, 150.0, '$6', 200.0, '$30', 150.0, '$14', 100.0, 150.0, '$2', 50.0, '$7', 100.0, '$2', 150.0, 100.0, 50.0, '$2', 100.0, '$4', 150.0, '$3', 200.0, '$6', 250.0]
['$61', 250.0, '$53', 200.0, 150.0, '$2', 100.0, '$20', 50.0, 100.0, 150.0, 200.0, 150.0, '$8', 200.0, '$29', 150.0, '$14', 100.0, 50.0, '$8', 100.0, 150.0, 200.0, 150.0, '$2', 50.0, '$2', 100.0, '$3', 150.0, '$3', 200.0, 250.0, 200.0, '$4', 250.0]
['$60', 250.0, '$54', 200.0, 150.0, '$2', 100.0, '$20', 50.0, 100.0, 150.0, '$12', 200.0, '$28', 150.0, '$13', 100.0, '$5', 50.0, 0.0, '$3', 50.0, 100.0, '$2', 150.0, '$4', 50.0, '$2', 100.0, 150.0, '$6', 200.0, '$3', 250.0]
['$58', 250.0, '$55', 200.0, 150.0, '$3', 100.0, '$8', 50.0, 0.0, '$11', 50.0, 100.0, 150.0, '$14', 200.0, '$26', 150.0, '$12', 100.0, '$11', 50.0, '$2', 100.0, 50.0, 0.0, '$3', 50.0, 100.0, '$3', 150.0, '$5', 200.0, '$2', 250.0]
['$57', 250.0, '$55', 200.0, '$2', 150.0, '$2', 100.0, '$7', 50.0, 0.0, '$13', 50.0, 100.0, 150.0, '$16', 200.0, '$25', 150.0, '$10', 100.0, 150.0, 50.0, 0.0, '$6', 50.0, '$5', 100.0, '$6', 50.0, 100.0, '$3', 150.0, '$5', 200.0, 250.0]
['$56', 250.0, '$56', 200.0, '$2', 150.0, '$2', 100.0, '$20', 50.0, 100.0, 150.0, '$19', 200.0, '$27', 150.0, '$6', 100.0, 150.0, 50.0, 0.0, '$6', 50.0, '$6', 100.0, 0.0, '$4', 50.0, 100.0, '$3', 150.0, '$5', 200.0, 250.0]
['$55', 250.0, '$57', 200.0, 150.0, '$3', 100.0, '$20', 50.0, 100.0, 150.0, '$22', 200.0, '$24', 150.0, '$5', 100.0, '$2', 150.0, 100.0, '$7', 50.0, '$6', 100.0, '$2', 50.0, 0.0, 50.0, '$3', 100.0, '$3', 150.0, '$3', 200.0, '$2', 250.0]
['$56', 250.0, '$56', 200.0, 150.0, '$4', 100.0, '$6', 50.0, 100.0, '$12', 50.0, 150.0, '$25', 200.0, '$30', 150.0, '$7', 50.0, '$3', 100.0, '$2', 150.0, 100.0, '$4', 50.0, '$4', 100.0, '$3', 150.0, 200.0, 250.0, 200.0, 250.0]
['$56', 250.0, '$57', 200.0, 150.0, 100.0, '$10', 50.0, '$2', 100.0, '$8', 50.0, 150.0, '$28', 200.0, '$27', 150.0, 100.0, '$7', 50.0, '$2', 100.0, '$4', 150.0, '$7', 50.0, '$2', 100.0, '$3', 150.0, '$2', 200.0, 250.0]
['$55', 250.0, '$21', 200.0, 150.0, '$37', 200.0, 150.0, '$3', 100.0, '$6', 150.0, 100.0, '$2', 50.0, '$3', 100.0, '$3', 50.0, 100.0, 150.0, '$34', 200.0, '$22', 150.0, 100.0, '$7', 50.0, '$5', 100.0, 150.0, 100.0, 0.0, '$5', 50.0, '$3', 100.0, '$2', 150.0, '$2', 200.0, 250.0]
['$55', 250.0, '$17', 200.0, '$15', 150.0, '$29', 200.0, 150.0, '$6', 200.0, 150.0, 100.0, '$7', 50.0, 100.0, 150.0, '$39', 200.0, '$19', 150.0, 100.0, '$4', 50.0, 0.0, '$2', 50.0, '$4', 100.0, 150.0, 100.0, '$7', 50.0, 100.0, '$4', 150.0, '$2', 200.0]
['$55', 250.0, '$15', 200.0, '$17', 150.0, '$35', 200.0, 150.0, '$5', 50.0, '$2', 100.0, 150.0, '$45', 200.0, '$17', 150.0, '$6', 50.0, 0.0, '$3', 50.0, '$2', 100.0, 150.0, 100.0, 0.0, '$2', 50.0, 0.0, '$3', 50.0, '$2', 100.0, '$3', 150.0, 200.0]
['$55', 250.0, '$16', 200.0, '$13', 150.0, '$39', 200.0, 150.0, '$2', 100.0, '$2', 150.0, '$51', 200.0, '$14', 150.0, 100.0, 50.0, 0.0, '$6', 50.0, '$3', 100.0, '$2', 150.0, 50.0, 0.0, '$3', 50.0, 0.0, '$2', 50.0, 100.0, '$3', 150.0, 200.0]
['$56', 250.0, '$15', 200.0, '$7', 150.0, 200.0, '$3', 150.0, '$101', 200.0, '$11', 150.0, 50.0, 0.0, '$6', 50.0, '$4', 100.0, 150.0, 100.0, '$5', 50.0, '$3', 100.0, '$3', 150.0, 200.0]
['$56', 250.0, '$17', 200.0, '$3', 150.0, '$3', 200.0, 150.0, '$106', 200.0, '$7', 150.0, 200.0, 150.0, 100.0, '$5', 50.0, '$4', 100.0, '$5', 150.0, '$5', 50.0, '$2', 100.0, 150.0, 200.0, 250.0]
['$56', 250.0, '$140', 200.0, 150.0, 100.0, '$3', 50.0, '$6', 100.0, 150.0, '$3', 200.0, 150.0, '$3', 100.0, '$2', 150.0, '$2', 200.0, 250.0]
['$57', 250.0, '$142', 200.0, 150.0, '$6', 100.0, '$2', 150.0, 200.0, '$2', 250.0, '$3', 200.0, '$2', 250.0, '$2', 200.0, '$2', 250.0]
['$57', 250.0, '$98', 200.0, '$15', 250.0, '$34', 200.0, '$4', 150.0, '$3', 200.0, '$3', 250.0, 200.0, '$5', 250.0]
['$57', 250.0, '$95', 200.0, '$24', 250.0, '$30', 200.0, 250.0, 200.0, '$5', 250.0, 200.0, 250.0, 200.0, '$2', 250.0, 200.0, 250.0]
['$58', 250.0, '$93', 200.0, '$28', 250.0, '$20', 200.0, 250.0, '$3', 200.0, '$17', 250.0]
['$60', 250.0, '$47', 200.0, 250.0, '$41', 200.0, '$34', 250.0, '$21', 200.0, '$2', 250.0, '$2', 200.0, '$6', 250.0, 200.0, '$5', 250.0]
['$60', 250.0, '$44', 200.0, '$9', 250.0, '$35', 200.0, '$38', 250.0, '$4', 200.0, '$5', 250.0, '$3', 200.0, '$22', 250.0]
['$61', 250.0, '$40', 200.0, '$15', 250.0, '$30', 200.0, '$46', 250.0, '$2', 200.0, '$26', 250.0]
['$63', 250.0, '$35', 200.0, '$21', 250.0, '$22', 200.0, '$79', 250.0]
['$63', 250.0, '$34', 200.0, '$25', 250.0, '$16', 200.0, '$82', 250.0]
['$65', 250.0, '$28', 200.0, '$34', 250.0, '$8', 200.0, '$85', 250.0]
['$67', 250.0, '$24', 200.0, '$129', 250.0]
['$69', 250.0, '$22', 200.0, '$129', 250.0]
['$74', 250.0, '$15', 200.0, '$131', 250.0]
['$220', 250.0]
['$220', 250.0]
['$220', 250.0]
['$220', 250.0]
['$220', 250.0]
