['$300', 250.0]
['$300', 250.0]
['$300', 250.0]
['$300', 250.0]
['$300', 250.0]
['$300', 250.0]
['$300', 250.0]
['$300', 250.0]
['$300', 250.0]
['$300', 250.0]
['$300', 250.0]
['$300', 250.0]
['$300', 250.0]
['$300', 250.0]
['$300', 250.0]
['$300', 250.0]
['$300', 250.0]
['$300', 250.0]
['$300', 250.0]
['$300', 250.0]
['$300', 250.0]
['$300', 250.0]
['$300', 250.0]
['$300', 250.0]
['$300', 250.0]
['$300', 250.0]
['$300', 250.0]
['$300', 250.0]
['$300', 250.0]
['$300', 250.0]
['$300', 250.0]
['$300', 250.0]
['$108', 250.0, '$2', 200.0, '$190', 250.0]
['$107', 250.0, '$2', 200.0, '$191', 250.0]
['$107', 250.0, 200.0, 100.0, 200.0, '$190', 250.0]
['$107', 250.0, 200.0, 100.0, '$3', 200.0, '$188', 250.0]
['$107', 250.0, 200.0, 100.0, 150.0, '$2', 200.0, '$188', 250.0]
['$107', 250.0, 200.0, 100.0, 150.0, '$3', 200.0, '$187', 250.0]
['$107', 250.0, 200.0, 50.0, 150.0, '$3', 200.0, '$187', 250.0]
['$107', 250.0, 200.0, 50.0, 150.0, '$4', 200.0, '$186', 250.0]
['$107', 250.0, 200.0, 50.0, '$2', 150.0, '$3', 200.0, '$186', 250.0]
['$107', 250.0, 200.0, 0.0, 100.0, 150.0, 250.0, '$2', 200.0, '$186', 250.0]
['$107', 250.0, 200.0, 0.0, 100.0, 150.0, '$3', 200.0, '$186', 250.0]
['$107', 250.0, 200.0, 0.0, 100.0, 150.0, '$3', 200.0, '$186', 250.0]
['$107', 250.0, 200.0, 0.0, 100.0, 150.0, '$3', 200.0, '$186', 250.0]
['$107', 250.0, 200.0, 0.0, 100.0, 150.0, '$3', 200.0, '$186', 250.0]
['$107', 250.0, 150.0, 0.0, 100.0, 150.0, '$3', 200.0, '$186', 250.0]
['$107', 250.0, 150.0, 0.0, 100.0, '$2', 150.0, '$3', 200.0, '$185', 250.0]
['$107', 250.0, 150.0, 0.0, 100.0, '$2', 150.0, '$3', 200.0, '$185', 250.0]
['$107', 250.0, 150.0, 0.0, 100.0, '$2', 150.0, 200.0, 150.0, 200.0, '$185', 250.0]
['$107', 250.0, 100.0, 0.0, 50.0, 100.0, '$3', 150.0, 200.0, '$185', 250.0]
['$104', 250.0, 200.0, 250.0, 200.0, 100.0, 0.0, 50.0, '$2', 100.0, '$2', 150.0, '$2', 200.0, '$184', 250.0]
['$106', 250.0, 200.0, '$3', 50.0, '$2', 100.0, '$3', 150.0, '$185', 250.0]
['$106', 250.0, 200.0, '$3', 50.0, '$3', 100.0, '$2', 150.0, '$185', 250.0]
['$106', 250.0, 200.0, '$4', 50.0, '$2', 100.0, '$2', 150.0, 200.0, '$184', 250.0]
['$106', 250.0, 200.0, 100.0, '$2', 50.0, '$3', 100.0, '$2', 150.0, 200.0, '$184', 250.0]
['$106', 250.0, 150.0, '$6', 100.0, '$3', 150.0, '$2', 200.0, '$182', 250.0]
['$106', 250.0, 150.0, 50.0, 150.0, '$3', 100.0, '$5', 150.0, 200.0, '$182', 250.0]
['$105', 250.0, 200.0, 100.0, 50.0, 150.0, '$2', 100.0, '$2', 150.0, '$2', 200.0, '$2', 150.0, 200.0, '$182', 250.0]
['$105', 250.0, 200.0, '$2', 100.0, '$4', 150.0, '$2', 200.0, 250.0, 200.0, 150.0, '$2', 200.0, '$181', 250.0]
['$104', 250.0, '$2', 200.0, '$2', 100.0, '$4', 150.0, '$4', 200.0, 150.0, '$2', 200.0, '$181', 250.0]
['$105', 250.0, 200.0, '$2', 100.0, '$4', 150.0, '$4', 200.0, 150.0, '$2', 200.0, '$181', 250.0]
['$105', 250.0, '$6', 150.0, '$5', 200.0, 150.0, '$2', 200.0, '$181', 250.0]
['$105', 250.0, '$6', 150.0, '$5', 200.0, 150.0, '$3', 200.0, '$180', 250.0]
['$104', 250.0, 200.0, '$7', 150.0, '$4', 200.0, 150.0, '$3', 200.0, '$180', 250.0]
['$104', 250.0, 200.0, '$6', 150.0, '$5', 200.0, 150.0, '$3', 200.0, '$180', 250.0]
['$104', 250.0, '$7', 150.0, '$5', 200.0, 150.0, '$3', 200.0, '$180', 250.0]
['$104', 250.0, '$7', 150.0, '$5', 200.0, 150.0, '$3', 200.0, '$180', 250.0]
['$103', 250.0, 200.0, '$7', 150.0, '$5', 200.0, '$2', 150.0, '$2', 200.0, '$180', 250.0]
['$103', 250.0, 200.0, '$6', 150.0, '$6', 200.0, '$2', 150.0, '$2', 200.0, '$180', 250.0]
['$103', 250.0, '$7', 150.0, '$4', 200.0, 250.0, '$2', 200.0, 150.0, '$2', 200.0, '$180', 250.0]
['$103', 250.0, '$7', 150.0, '$4', 200.0, 250.0, '$5', 200.0, '$180', 250.0]
['$102', 250.0, 200.0, '$7', 150.0, '$5', 200.0, 250.0, '$4', 200.0, '$180', 250.0]
['$102', 250.0, 200.0, '$7', 150.0, '$4', 200.0, '$2', 250.0, '$4', 200.0, '$180', 250.0]
['$102', 250.0, 200.0, '$6', 150.0, '$5', 200.0, 250.0, '$5', 200.0, '$2', 250.0, 200.0, '$3', 150.0, '$2', 200.0, '$172', 250.0]
['$102', 250.0, '$6', 150.0, '$9', 200.0, 150.0, '$3', 200.0, 150.0, 50.0, 0.0, '$3', 50.0, 100.0, 150.0, 200.0, '$170', 250.0]
['$101', 250.0, 200.0, '$6', 150.0, '$3', 200.0, 250.0, '$5', 200.0, 150.0, '$2', 100.0, 50.0, 0.0, '$2', 50.0, '$5', 100.0, 150.0, '$3', 200.0, '$167', 250.0]
['$101', 250.0, 200.0, '$7', 150.0, '$6', 200.0, 150.0, 100.0, '$2', 50.0, 0.0, '$6', 50.0, '$3', 100.0, '$2', 150.0, '$3', 200.0, '$166', 250.0]
['$101', 250.0, 200.0, '$7', 150.0, '$6', 200.0, 100.0, 0.0, '$10', 50.0, '$3', 100.0, 150.0, '$4', 200.0, '$165', 250.0]
['$101', 250.0, 200.0, 100.0, '$5', 150.0, '$7', 200.0, 100.0, 0.0, '$7', 50.0, '$2', 100.0, 150.0, 100.0, 150.0, '$6', 200.0, 100.0, '$164', 250.0]
['$101', 250.0, 150.0, 100.0, '$7', 150.0, '$5', 200.0, 100.0, '$3', 50.0, 100.0, '$2', 50.0, '$5', 100.0, 150.0, 200.0, 250.0, 200.0, '$2', 250.0, 200.0, 150.0, 50.0, 100.0, '$163', 250.0]
['$101', 250.0, '$8', 150.0, '$5', 200.0, 250.0, 150.0, '$4', 50.0, '$8', 100.0, 150.0, '$2', 200.0, '$2', 250.0, 200.0, '$3', 100.0, 150.0, 250.0, 200.0, '$160', 250.0]
['$101', 250.0, '$8', 150.0, '$7', 200.0, '$14', 100.0, 150.0, '$2', 200.0, 150.0, 100.0, '$2', 50.0, 100.0, '$162', 250.0]
['$100', 250.0, 200.0, '$6', 150.0, 100.0, '$2', 150.0, '$2', 200.0, '$3', 150.0, 200.0, 100.0, 150.0, '$10', 100.0, '$4', 150.0, 200.0, '$2', 150.0, 100.0, 0.0, 150.0, '$162', 250.0]
['$100', 250.0, 200.0, 150.0, '$2', 100.0, 150.0, '$3', 100.0, '$6', 150.0, '$2', 200.0, '$2', 100.0, 150.0, '$6', 100.0, '$2', 150.0, 100.0, '$7', 150.0, '$2', 100.0, '$163', 250.0]
['$100', 250.0, 200.0, 150.0, '$7', 100.0, '$5', 150.0, '$3', 200.0, 100.0, 150.0, '$6', 100.0, '$11', 150.0, 200.0, '$163', 250.0]
['$101', 250.0, 150.0, '$7', 100.0, '$6', 150.0, '$2', 200.0, '$2', 100.0, 150.0, '$4', 100.0, 150.0, '$3', 100.0, '$9', 150.0, 200.0, '$162', 250.0]
['$100', 250.0, 200.0, '$8', 100.0, '$3', 150.0, 200.0, '$2', 150.0, 200.0, 150.0, '$7', 100.0, '$3', 150.0, 100.0, '$9', 150.0, 100.0, 150.0, 200.0, '$160', 250.0]
['$76', 250.0, '$5', 200.0, '$17', 250.0, 200.0, 150.0, 0.0, 50.0, '$8', 100.0, '$4', 150.0, '$3', 200.0, 150.0, '$10', 100.0, '$8', 150.0, '$4', 100.0, 150.0, 200.0, '$158', 250.0]
['$71', 250.0, '$2', 200.0, '$2', 150.0, '$6', 100.0, '$2', 150.0, 200.0, 250.0, 200.0, '$2', 250.0, 200.0, '$4', 250.0, 200.0, 250.0, '$2', 200.0, 150.0, 50.0, 0.0, '$2', 50.0, 100.0, '$5', 50.0, '$2', 100.0, '$3', 150.0, '$4', 200.0, 150.0, '$11', 100.0, '$7', 150.0, '$6', 100.0, 150.0, '$4', 200.0, '$153', 250.0]
['$69', 250.0, 200.0, 150.0, '$4', 100.0, '$9', 50.0, '$9', 150.0, '$2', 100.0, 50.0, '$3', 0.0, 50.0, '$2', 0.0, 50.0, 100.0, '$4', 50.0, '$2', 100.0, '$3', 150.0, '$4', 200.0, 150.0, '$5', 100.0, 50.0, '$2', 100.0, 50.0, '$3', 100.0, '$3', 150.0, '$7', 100.0, 150.0, '$5', 100.0, 150.0, '$2', 200.0, '$151', 250.0]
['$68', 250.0, 150.0, '$7', 100.0, '$9', 50.0, 100.0, '$4', 150.0, 50.0, '$2', 0.0, '$6', 50.0, '$3', 0.0, 50.0, 100.0, '$4', 50.0, '$2', 100.0, '$2', 150.0, '$4', 200.0, 150.0, '$5', 100.0, '$2', 50.0, '$8', 100.0, 150.0, '$5', 100.0, '$2', 150.0, '$5', 100.0, 150.0, 100.0, '$2', 150.0, '$3', 200.0, '$148', 250.0]
['$66', 250.0, 200.0, 150.0, '$5', 100.0, '$10', 50.0, 100.0, '$3', 150.0, 100.0, '$2', 150.0, 200.0, 150.0, 100.0, '$4', 50.0, '$6', 0.0, '$2', 50.0, 100.0, '$3', 50.0, '$2', 100.0, 150.0, '$3', 200.0, 150.0, '$12', 100.0, '$11', 150.0, '$5', 100.0, '$5', 150.0, 100.0, 150.0, '$2', 200.0, '$147', 250.0]
['$65', 250.0, 200.0, '$6', 100.0, '$4', 50.0, 100.0, '$6', 50.0, '$2', 150.0, '$2', 100.0, 150.0, '$2', 100.0, '$2', 150.0, 200.0, 150.0, 100.0, 50.0, 0.0, '$2', 50.0, '$4', 0.0, '$8', 50.0, '$2', 100.0, '$3', 150.0, '$12', 100.0, '$8', 150.0, '$9', 100.0, '$2', 150.0, '$3', 100.0, '$3', 150.0, '$2', 200.0, '$145', 250.0]
['$64', 250.0, 200.0, '$13', 100.0, '$5', 50.0, '$4', 100.0, '$3', 150.0, '$3', 100.0, 150.0, 200.0, 150.0, 100.0, 50.0, '$6', 0.0, '$3', 50.0, '$2', 0.0, '$3', 50.0, '$17', 100.0, '$6', 150.0, '$2', 100.0, 50.0, '$7', 100.0, '$2', 50.0, '$2', 100.0, 50.0, 100.0, '$5', 150.0, 200.0, '$143', 250.0]
['$64', 250.0, 150.0, 50.0, '$17', 100.0, 150.0, '$7', 100.0, '$2', 150.0, 100.0, '$2', 150.0, 200.0, 150.0, 100.0, '$11', 0.0, '$3', 50.0, '$5', 100.0, 50.0, '$3', 100.0, 50.0, '$7', 100.0, '$4', 150.0, '$8', 100.0, '$6', 50.0, '$2', 100.0, 50.0, 100.0, '$5', 150.0, '$2', 200.0, '$141', 250.0]
['$63', 250.0, 200.0, 50.0, '$14', 100.0, '$3', 50.0, '$4', 150.0, '$5', 100.0, '$7', 150.0, 100.0, '$11', 0.0, '$3', 50.0, '$15', 100.0, 150.0, '$2', 100.0, 150.0, '$9', 100.0, '$4', 50.0, '$2', 100.0, 50.0, '$6', 100.0, '$5', 150.0, 200.0, '$140', 250.0]
['$63', 250.0, 150.0, 50.0, '$14', 100.0, '$2', 50.0, '$4', 150.0, 100.0, '$2', 150.0, '$5', 100.0, '$3', 150.0, 100.0, '$2', 50.0, '$12', 0.0, '$3', 50.0, '$15', 100.0, '$4', 150.0, '$3', 100.0, '$7', 50.0, '$4', 100.0, 50.0, '$6', 100.0, '$6', 150.0, '$2', 200.0, '$138', 250.0]
['$62', 250.0, 200.0, '$9', 100.0, 50.0, '$7', 100.0, 150.0, '$2', 200.0, '$3', 150.0, '$2', 100.0, 150.0, '$7', 100.0, '$3', 50.0, '$13', 0.0, 50.0, '$2', 0.0, '$22', 100.0, '$5', 50.0, '$8', 100.0, '$12', 150.0, '$2', 200.0, '$136', 250.0]
['$60', 250.0, 200.0, 250.0, 200.0, '$8', 100.0, '$3', 50.0, '$4', 100.0, 150.0, '$5', 200.0, '$2', 150.0, '$2', 100.0, 50.0, '$6', 100.0, '$5', 50.0, '$14', 0.0, 50.0, '$6', 100.0, '$3', 150.0, '$7', 100.0, '$4', 50.0, '$3', 100.0, '$3', 50.0, '$17', 100.0, '$6', 150.0, 200.0, '$135', 250.0]
['$62', 250.0, 200.0, 50.0, '$8', 100.0, 50.0, '$2', 100.0, '$2', 150.0, 100.0, 150.0, '$2', 200.0, '$2', 250.0, 200.0, 100.0, '$7', 50.0, '$3', 100.0, '$5', 50.0, '$14', 0.0, 50.0, '$3', 150.0, '$2', 100.0, '$6', 150.0, '$6', 100.0, '$2', 50.0, '$3', 100.0, '$4', 50.0, '$4', 100.0, '$2', 50.0, '$13', 100.0, '$4', 150.0, 100.0, 150.0, '$6', 200.0, '$4', 250.0, 200.0, '$123', 250.0]
['$62', 250.0, 150.0, '$7', 100.0, '$2', 50.0, '$3', 100.0, 150.0, 200.0, '$2', 100.0, 150.0, 200.0, '$2', 250.0, 150.0, 0.0, 50.0, 100.0, '$2', 50.0, '$6', 100.0, '$7', 50.0, '$11', 0.0, 50.0, '$3', 100.0, 150.0, 100.0, '$10', 150.0, '$4', 100.0, 50.0, '$3', 100.0, '$6', 50.0, 100.0, '$3', 50.0, '$13', 100.0, '$4', 150.0, 100.0, 150.0, '$4', 100.0, 50.0, '$3', 100.0, '$2', 150.0, '$3', 200.0, '$8', 250.0, 200.0, '$112', 250.0]
['$8', 250.0, '$2', 200.0, '$52', 250.0, 150.0, 50.0, '$2', 100.0, 50.0, '$8', 100.0, '$2', 150.0, 100.0, 50.0, 150.0, '$3', 200.0, 150.0, '$13', 50.0, 100.0, '$12', 50.0, '$3', 0.0, '$3', 50.0, '$7', 100.0, '$8', 150.0, '$3', 100.0, 50.0, '$2', 100.0, '$6', 50.0, 100.0, '$2', 50.0, '$14', 100.0, '$3', 150.0, '$3', 100.0, 150.0, '$2', 100.0, 150.0, 100.0, '$2', 50.0, 0.0, 50.0, 0.0, '$3', 50.0, 100.0, '$2', 150.0, '$2', 200.0, '$116', 250.0]
['$8', 250.0, '$5', 200.0, '$49', 250.0, '$12', 100.0, '$3', 150.0, 100.0, 50.0, '$3', 150.0, 100.0, '$12', 50.0, '$3', 100.0, '$6', 50.0, '$4', 100.0, '$9', 50.0, '$9', 100.0, '$7', 150.0, '$2', 100.0, '$2', 150.0, '$10', 50.0, '$11', 100.0, '$5', 150.0, '$3', 100.0, '$2', 150.0, '$2', 100.0, 150.0, 100.0, '$2', 50.0, '$3', 100.0, '$6', 50.0, '$2', 100.0, 150.0, '$3', 200.0, '$111', 250.0]
['$11', 250.0, '$9', 200.0, '$41', 250.0, 200.0, '$11', 100.0, '$5', 150.0, '$3', 100.0, '$13', 50.0, '$6', 100.0, '$12', 50.0, 0.0, '$5', 50.0, 150.0, '$9', 100.0, '$5', 150.0, '$2', 100.0, '$2', 150.0, 100.0, 50.0, 100.0, '$7', 50.0, '$11', 100.0, '$8', 150.0, '$4', 100.0, '$3', 150.0, '$6', 100.0, 50.0, '$2', 100.0, '$3', 50.0, '$2', 0.0, 100.0, 150.0, '$2', 200.0, '$109', 250.0]
['$11', 250.0, '$3', 200.0, '$2', 150.0, '$5', 100.0, '$2', 150.0, '$3', 200.0, '$34', 250.0, 200.0, 250.0, 150.0, '$11', 100.0, '$6', 150.0, 100.0, '$13', 50.0, '$2', 100.0, '$10', 50.0, '$2', 100.0, '$9', 50.0, '$7', 100.0, 150.0, '$5', 100.0, '$3', 150.0, '$6', 100.0, '$9', 50.0, '$9', 100.0, '$11', 150.0, '$3', 100.0, '$4', 150.0, '$8', 100.0, 50.0, 100.0, '$5', 50.0, 100.0, 150.0, 200.0, '$107', 250.0]
['$11', 250.0, 200.0, '$3', 150.0, '$3', 100.0, '$2', 50.0, '$4', 0.0, '$2', 50.0, 100.0, '$2', 150.0, '$3', 200.0, '$29', 250.0, 200.0, 100.0, 50.0, '$10', 100.0, '$6', 150.0, '$2', 100.0, '$14', 50.0, '$2', 100.0, '$7', 50.0, '$3', 100.0, '$9', 50.0, '$7', 100.0, '$6', 150.0, 100.0, '$2', 150.0, '$6', 100.0, '$9', 50.0, '$10', 100.0, '$7', 150.0, '$2', 100.0, '$2', 150.0, '$3', 100.0, '$4', 150.0, '$9', 100.0, 50.0, '$5', 100.0, 50.0, 100.0, 150.0, 200.0, '$105', 250.0]
['$8', 250.0, '$4', 200.0, 150.0, '$4', 100.0, '$8', 50.0, '$6', 0.0, 50.0, 100.0, '$2', 150.0, '$3', 200.0, '$24', 250.0, 100.0, 50.0, '$9', 100.0, '$3', 150.0, 200.0, '$4', 150.0, '$3', 100.0, '$6', 50.0, '$3', 100.0, 50.0, '$2', 100.0, '$2', 50.0, '$2', 0.0, 50.0, 100.0, '$14', 50.0, 0.0, 50.0, '$6', 100.0, 150.0, 100.0, '$9', 150.0, 100.0, 50.0, '$3', 100.0, '$8', 50.0, '$12', 100.0, '$5', 150.0, '$8', 100.0, '$4', 150.0, '$16', 100.0, '$2', 50.0, 150.0, '$2', 200.0, '$102', 250.0]
['$9', 250.0, '$2', 200.0, 150.0, '$3', 100.0, '$17', 50.0, '$3', 0.0, '$2', 50.0, '$2', 100.0, 150.0, '$5', 200.0, '$2', 250.0, 200.0, '$2', 250.0, '$7', 200.0, '$3', 150.0, '$2', 100.0, '$2', 50.0, '$10', 100.0, '$4', 150.0, '$2', 200.0, '$2', 150.0, '$2', 100.0, '$14', 50.0, '$4', 100.0, '$9', 50.0, 0.0, '$5', 50.0, 0.0, '$6', 100.0, '$3', 150.0, '$3', 100.0, '$2', 150.0, 100.0, '$2', 150.0, 100.0, 50.0, '$3', 100.0, '$8', 50.0, '$4', 100.0, 50.0, '$6', 100.0, '$3', 150.0, '$5', 100.0, 50.0, '$5', 100.0, '$2', 150.0, 100.0, '$2', 150.0, '$16', 100.0, '$2', 50.0, '$2', 100.0, 150.0, '$2', 200.0, '$99', 250.0]
['$8', 250.0, '$2', 200.0, 150.0, '$2', 100.0, '$31', 50.0, 100.0, '$2', 150.0, '$3', 100.0, '$2', 50.0, '$10', 0.0, '$2', 50.0, '$3', 100.0, 150.0, '$4', 100.0, '$2', 50.0, '$2', 100.0, '$2', 150.0, 200.0, '$3', 150.0, '$10', 50.0, '$3', 100.0, 150.0, '$3', 100.0, 150.0, '$2', 100.0, '$15', 50.0, 0.0, 50.0, 100.0, 150.0, 100.0, 50.0, '$4', 100.0, '$2', 150.0, '$5', 100.0, 150.0, 100.0, 50.0, '$4', 100.0, '$6', 50.0, '$3', 100.0, '$3', 50.0, '$8', 100.0, '$4', 150.0, 100.0, '$2', 50.0, '$6', 100.0, '$2', 150.0, '$2', 100.0, '$2', 150.0, '$16', 100.0, '$2', 50.0, '$2', 100.0, '$2', 150.0, '$2', 200.0, 250.0, 200.0, '$94', 250.0]
['$7', 250.0, '$3', 200.0, 150.0, '$2', 100.0, '$7', 50.0, 0.0, '$17', 50.0, '$5', 100.0, 50.0, '$7', 0.0, '$14', 50.0, '$11', 100.0, '$4', 150.0, 100.0, '$14', 50.0, 100.0, '$3', 150.0, 100.0, '$13', 50.0, 0.0, '$3', 50.0, '$2', 0.0, '$4', 100.0, 50.0, '$4', 100.0, '$2', 150.0, 100.0, 150.0, '$7', 100.0, 50.0, 100.0, '$6', 50.0, '$4', 100.0, '$2', 50.0, '$2', 100.0, 50.0, '$5', 100.0, '$5', 150.0, 100.0, '$2', 50.0, '$3', 100.0, '$5', 150.0, '$2', 100.0, '$4', 150.0, '$10', 100.0, '$2', 50.0, '$8', 100.0, '$3', 150.0, '$2', 200.0, '$92', 250.0]
['$7', 250.0, '$2', 200.0, 150.0, '$6', 100.0, '$12', 50.0, '$3', 100.0, '$13', 50.0, 0.0, '$9', 50.0, '$7', 0.0, 50.0, 0.0, '$2', 50.0, '$11', 100.0, '$2', 150.0, '$3', 100.0, '$7', 50.0, '$5', 0.0, '$3', 50.0, '$2', 0.0, '$15', 50.0, 0.0, '$3', 50.0, 0.0, '$2', 50.0, 100.0, 150.0, '$2', 100.0, 150.0, '$5', 100.0, '$3', 150.0, 100.0, '$2', 50.0, '$5', 100.0, '$3', 50.0, 100.0, '$3', 50.0, '$3', 100.0, '$5', 50.0, '$5', 100.0, '$4', 150.0, 100.0, 50.0, '$4', 100.0, 150.0, 200.0, '$3', 150.0, 200.0, 150.0, 100.0, '$5', 150.0, '$10', 100.0, 50.0, '$13', 100.0, '$2', 150.0, '$2', 200.0, '$88', 250.0]
['$6', 250.0, '$2', 200.0, '$2', 150.0, '$7', 100.0, '$12', 50.0, '$2', 100.0, '$9', 50.0, '$8', 0.0, '$5', 50.0, '$11', 0.0, '$2', 50.0, '$8', 100.0, '$2', 150.0, 100.0, '$3', 150.0, '$3', 100.0, 50.0, '$2', 100.0, '$4', 50.0, 0.0, 50.0, '$4', 0.0, 50.0, '$2', 0.0, '$8', 50.0, 100.0, 50.0, '$2', 100.0, '$3', 50.0, 0.0, '$5', 50.0, '$3', 100.0, 50.0, '$7', 100.0, '$2', 150.0, 100.0, '$2', 50.0, '$4', 100.0, 50.0, 100.0, '$15', 50.0, '$4', 100.0, '$3', 150.0, 100.0, '$3', 50.0, 100.0, '$2', 150.0, '$2', 200.0, '$12', 150.0, '$10', 100.0, 50.0, '$3', 100.0, '$2', 50.0, '$8', 100.0, '$2', 50.0, 100.0, 150.0, '$2', 200.0, '$5', 250.0, 200.0, '$79', 250.0]
['$6', 250.0, '$2', 200.0, 150.0, '$5', 100.0, '$12', 50.0, '$5', 100.0, '$9', 50.0, '$12', 0.0, 50.0, '$11', 0.0, '$2', 50.0, '$3', 100.0, '$2', 150.0, '$4', 100.0, '$6', 150.0, '$6', 100.0, '$9', 50.0, '$4', 0.0, '$7', 50.0, '$2', 100.0, 50.0, 100.0, 50.0, 100.0, 50.0, 0.0, 50.0, 100.0, '$3', 50.0, '$3', 100.0, 50.0, '$5', 100.0, 50.0, 100.0, '$2', 150.0, 100.0, '$3', 50.0, 100.0, '$2', 50.0, '$4', 100.0, '$14', 50.0, '$6', 100.0, '$2', 150.0, 0.0, '$3', 50.0, 100.0, '$2', 200.0, '$12', 150.0, '$11', 100.0, 50.0, '$4', 100.0, 50.0, '$10', 100.0, '$2', 50.0, 100.0, 150.0, '$2', 200.0, '$5', 250.0, 200.0, '$76', 250.0]
['$5', 250.0, '$2', 200.0, '$2', 150.0, '$4', 100.0, '$14', 50.0, '$4', 100.0, '$11', 50.0, '$22', 0.0, '$4', 50.0, '$2', 100.0, 150.0, '$4', 100.0, '$6', 150.0, 100.0, '$3', 150.0, 100.0, '$9', 50.0, 100.0, '$3', 50.0, 0.0, '$7', 50.0, '$3', 100.0, 50.0, 100.0, '$2', 50.0, 0.0, '$5', 50.0, '$4', 100.0, 50.0, '$4', 100.0, '$2', 50.0, 100.0, 150.0, 100.0, '$5', 50.0, '$4', 100.0, '$17', 50.0, '$3', 100.0, 50.0, '$2', 100.0, 50.0, '$5', 100.0, 200.0, '$5', 150.0, 100.0, '$7', 150.0, '$15', 100.0, 50.0, '$11', 100.0, '$3', 50.0, 0.0, 50.0, 100.0, 150.0, '$2', 200.0, '$78', 250.0]
['$5', 250.0, 200.0, '$3', 150.0, '$3', 100.0, '$3', 50.0, '$2', 100.0, '$19', 50.0, 0.0, '$5', 50.0, '$24', 0.0, '$3', 50.0, '$2', 100.0, '$2', 150.0, '$3', 100.0, '$3', 150.0, 200.0, '$4', 150.0, 200.0, '$2', 150.0, 100.0, '$5', 50.0, '$3', 0.0, '$5', 50.0, '$2', 100.0, '$4', 50.0, 100.0, 50.0, '$2', 100.0, '$3', 50.0, '$2', 0.0, '$7', 50.0, '$6', 100.0, '$2', 50.0, '$4', 100.0, '$4', 50.0, '$4', 100.0, '$17', 50.0, 100.0, 50.0, '$5', 100.0, '$2', 150.0, 200.0, 150.0, 100.0, '$2', 150.0, 100.0, '$3', 150.0, 100.0, '$2', 150.0, 100.0, '$7', 150.0, '$12', 100.0, '$2', 50.0, '$11', 100.0, '$7', 50.0, 100.0, 150.0, '$2', 200.0, '$75', 250.0]
['$4', 250.0, '$2', 200.0, '$2', 150.0, '$4', 100.0, '$3', 50.0, '$4', 100.0, '$15', 50.0, '$4', 0.0, '$3', 50.0, '$25', 0.0, '$4', 50.0, 100.0, '$2', 150.0, '$4', 100.0, '$3', 150.0, 200.0, '$2', 150.0, '$4', 200.0, 150.0, '$3', 100.0, '$5', 50.0, '$3', 0.0, '$2', 50.0, '$2', 100.0, '$3', 50.0, '$5', 100.0, '$3', 50.0, '$2', 0.0, '$9', 50.0, 100.0, 50.0, '$2', 100.0, '$2', 50.0, '$3', 100.0, '$7', 50.0, '$3', 100.0, '$10', 50.0, '$3', 0.0, '$6', 50.0, '$3', 100.0, '$3', 150.0, 200.0, '$3', 150.0, '$2', 100.0, '$2', 150.0, '$3', 100.0, 150.0, '$2', 100.0, '$5', 150.0, '$31', 100.0, 50.0, 100.0, '$3', 50.0, '$2', 100.0, '$3', 200.0, '$2', 250.0, 200.0, '$68', 250.0]
['$3', 250.0, 200.0, '$2', 150.0, '$2', 100.0, '$4', 50.0, 100.0, 50.0, '$2', 100.0, '$15', 50.0, '$36', 0.0, '$4', 50.0, '$2', 100.0, 150.0, '$4', 100.0, '$5', 150.0, '$5', 200.0, 150.0, '$6', 100.0, '$5', 50.0, '$4', 100.0, 50.0, '$5', 100.0, 50.0, 0.0, '$2', 50.0, '$2', 0.0, '$3', 50.0, 100.0, '$3', 50.0, 100.0, 50.0, 100.0, '$2', 50.0, 100.0, 50.0, 0.0, 50.0, '$2', 100.0, '$8', 50.0, 100.0, 50.0, '$3', 100.0, '$10', 50.0, '$2', 0.0, '$3', 50.0, '$3', 100.0, '$4', 150.0, '$4', 200.0, '$4', 150.0, 100.0, 50.0, '$4', 100.0, '$5', 150.0, '$17', 100.0, 50.0, '$20', 100.0, '$2', 50.0, 100.0, 150.0, '$2', 200.0, '$68', 250.0]
['$2', 200.0, 150.0, '$3', 100.0, '$5', 50.0, 100.0, 50.0, '$2', 100.0, '$4', 50.0, 0.0, '$7', 50.0, 0.0, 50.0, '$38', 0.0, '$4', 50.0, '$3', 100.0, 150.0, '$5', 100.0, '$3', 150.0, '$6', 200.0, 150.0, '$2', 50.0, '$4', 100.0, '$4', 50.0, '$6', 100.0, 150.0, 100.0, '$4', 50.0, '$5', 0.0, '$2', 50.0, 100.0, '$2', 50.0, '$2', 100.0, 50.0, 100.0, '$2', 50.0, 100.0, '$15', 50.0, '$5', 100.0, '$4', 50.0, 100.0, '$8', 50.0, '$3', 150.0, 100.0, 150.0, '$6', 200.0, '$5', 150.0, 100.0, 50.0, '$3', 100.0, '$5', 150.0, '$17', 100.0, 50.0, 100.0, 50.0, '$18', 100.0, '$6', 50.0, 100.0, 150.0, '$2', 200.0, '$64', 250.0]
[150.0, '$2', 100.0, '$8', 50.0, '$3', 100.0, '$13', 50.0, '$41', 0.0, '$4', 50.0, '$8', 100.0, '$4', 150.0, '$6', 200.0, 150.0, 100.0, '$12', 50.0, '$2', 100.0, 150.0, 100.0, 50.0, '$2', 100.0, 50.0, '$5', 0.0, '$4', 50.0, '$4', 100.0, '$3', 50.0, 100.0, '$14', 50.0, '$8', 100.0, 50.0, '$2', 100.0, '$3', 50.0, '$7', 100.0, '$2', 150.0, '$4', 200.0, '$6', 150.0, 100.0, '$2', 150.0, '$4', 100.0, 150.0, '$41', 100.0, '$7', 50.0, '$2', 0.0, 50.0, 100.0, 150.0, '$3', 200.0, '$60', 250.0]
[100.0, '$11', 50.0, '$3', 100.0, '$8', 50.0, 0.0, 50.0, '$15', 0.0, 50.0, '$11', 0.0, 50.0, '$16', 0.0, '$4', 50.0, '$2', 100.0, 150.0, '$6', 100.0, '$3', 150.0, '$6', 200.0, 150.0, 100.0, 50.0, '$3', 100.0, '$3', 50.0, 100.0, '$2', 50.0, '$2', 100.0, 150.0, '$2', 100.0, '$4', 50.0, '$6', 0.0, '$4', 50.0, 0.0, '$8', 50.0, 0.0, '$10', 50.0, '$17', 100.0, 50.0, '$2', 100.0, '$2', 150.0, '$4', 200.0, '$10', 150.0, '$5', 100.0, '$2', 150.0, '$22', 100.0, 50.0, '$12', 100.0, 50.0, '$2', 100.0, 50.0, '$2', 100.0, '$10', 50.0, '$2', 0.0, 50.0, 100.0, 150.0, 200.0, '$58', 250.0]
[100.0, '$12', 50.0, '$3', 100.0, '$6', 50.0, '$2', 0.0, 50.0, '$44', 0.0, '$5', 50.0, '$2', 100.0, '$3', 150.0, '$3', 100.0, '$4', 150.0, '$3', 200.0, '$2', 150.0, '$2', 100.0, '$2', 50.0, '$6', 100.0, '$2', 50.0, '$5', 100.0, '$4', 50.0, '$6', 0.0, '$2', 50.0, 100.0, '$8', 50.0, '$3', 0.0, '$9', 50.0, '$14', 100.0, 150.0, '$4', 100.0, '$2', 150.0, '$2', 200.0, '$14', 150.0, '$43', 100.0, '$2', 50.0, 100.0, 50.0, '$2', 100.0, '$12', 50.0, '$2', 0.0, 100.0, '$2', 200.0, '$56', 250.0]
[100.0, '$7', 50.0, 0.0, '$2', 50.0, '$3', 100.0, '$8', 50.0, '$2', 0.0, 50.0, '$43', 0.0, '$7', 50.0, '$2', 100.0, '$9', 150.0, '$3', 200.0, '$3', 150.0, '$3', 100.0, '$8', 50.0, '$5', 100.0, '$4', 50.0, '$6', 0.0, '$11', 50.0, 0.0, '$2', 50.0, 0.0, '$9', 50.0, '$13', 100.0, '$3', 150.0, 100.0, '$21', 150.0, '$30', 100.0, '$2', 50.0, '$10', 100.0, '$3', 50.0, '$4', 100.0, '$2', 50.0, 100.0, '$8', 50.0, 100.0, '$2', 150.0, '$3', 200.0, '$54', 250.0]
[100.0, '$2', 50.0, 100.0, '$2', 50.0, 100.0, '$3', 50.0, 100.0, '$5', 50.0, '$8', 0.0, 50.0, '$45', 0.0, '$5', 50.0, '$3', 100.0, '$15', 150.0, 100.0, '$9', 50.0, '$4', 100.0, '$2', 50.0, 0.0, '$2', 50.0, '$7', 0.0, '$4', 50.0, 0.0, 50.0, 100.0, '$6', 50.0, 0.0, '$3', 50.0, 0.0, '$5', 50.0, 100.0, 50.0, '$12', 100.0, '$5', 150.0, '$2', 100.0, '$3', 150.0, 200.0, '$13', 150.0, '$19', 100.0, 50.0, '$2', 100.0, 50.0, '$7', 100.0, '$2', 50.0, '$12', 100.0, '$2', 50.0, '$4', 100.0, '$9', 50.0, '$2', 100.0, 150.0, '$6', 200.0, '$52', 250.0]
[100.0, 50.0, 100.0, 50.0, 100.0, '$11', 50.0, '$2', 0.0, 50.0, '$2', 0.0, '$3', 50.0, '$4', 0.0, 50.0, '$41', 0.0, '$7', 50.0, '$2', 100.0, '$10', 150.0, '$2', 100.0, '$12', 50.0, '$5', 100.0, 50.0, '$2', 0.0, '$4', 50.0, '$2', 0.0, '$5', 50.0, '$2', 0.0, '$2', 50.0, 0.0, '$11', 50.0, 0.0, '$5', 50.0, '$13', 100.0, '$9', 150.0, 200.0, '$17', 150.0, '$14', 100.0, '$10', 50.0, '$3', 100.0, 50.0, '$13', 100.0, 50.0, '$5', 100.0, '$5', 50.0, 100.0, '$3', 50.0, 100.0, 150.0, '$5', 200.0, 150.0, 200.0, '$51', 250.0]
['$10', 50.0, '$2', 0.0, 50.0, '$5', 0.0, 50.0, '$3', 0.0, '$2', 50.0, '$4', 0.0, 50.0, '$41', 0.0, '$8', 50.0, '$2', 100.0, '$5', 150.0, '$6', 100.0, '$14', 50.0, '$2', 100.0, '$2', 50.0, '$4', 0.0, '$3', 50.0, 0.0, '$3', 50.0, 100.0, 50.0, '$2', 0.0, 50.0, 100.0, 0.0, '$2', 50.0, 100.0, '$8', 50.0, '$3', 0.0, '$6', 50.0, '$11', 100.0, '$7', 150.0, '$2', 200.0, '$11', 150.0, 100.0, '$7', 150.0, '$7', 100.0, 50.0, '$4', 100.0, '$5', 50.0, '$2', 100.0, '$2', 50.0, 100.0, 50.0, '$28', 100.0, '$3', 50.0, 100.0, 150.0, '$5', 200.0, 150.0, 200.0, '$2', 250.0, 200.0, '$48', 250.0]
[50.0, '$5', 0.0, '$2', 50.0, '$10', 0.0, '$2', 50.0, '$3', 0.0, 50.0, '$47', 0.0, 50.0, 0.0, '$7', 50.0, 100.0, '$4', 150.0, '$5', 100.0, '$20', 50.0, '$8', 0.0, '$4', 50.0, '$2', 0.0, '$5', 50.0, 100.0, '$7', 50.0, '$4', 0.0, '$6', 50.0, '$2', 100.0, 50.0, '$9', 100.0, '$20', 150.0, 100.0, '$7', 150.0, '$4', 100.0, 50.0, '$7', 100.0, 50.0, '$37', 100.0, '$2', 50.0, '$2', 100.0, 150.0, '$4', 200.0, '$2', 150.0, '$2', 200.0, '$50', 250.0]
[50.0, '$18', 0.0, '$4', 50.0, '$51', 0.0, '$2', 50.0, 0.0, '$2', 50.0, '$3', 100.0, '$3', 150.0, '$4', 100.0, '$19', 50.0, 0.0, '$2', 50.0, '$7', 0.0, '$3', 50.0, '$2', 0.0, '$6', 50.0, 100.0, '$7', 50.0, '$5', 0.0, '$6', 50.0, 100.0, 50.0, '$11', 100.0, '$18', 150.0, 100.0, '$7', 150.0, 100.0, 150.0, '$7', 100.0, 50.0, '$27', 100.0, 50.0, '$12', 100.0, 50.0, '$2', 100.0, '$2', 150.0, '$4', 200.0, '$4', 150.0, 200.0, '$49', 250.0]
[50.0, '$21', 0.0, 50.0, '$52', 0.0, '$3', 50.0, '$6', 100.0, '$2', 150.0, '$6', 100.0, '$11', 50.0, 0.0, '$4', 50.0, 0.0, 50.0, '$8', 0.0, '$3', 50.0, '$2', 0.0, '$17', 50.0, '$3', 0.0, '$7', 50.0, '$11', 100.0, '$2', 150.0, '$9', 100.0, '$5', 150.0, 100.0, '$2', 150.0, 100.0, '$3', 150.0, 100.0, '$4', 150.0, '$27', 100.0, 50.0, '$19', 100.0, 50.0, '$3', 100.0, 150.0, '$4', 200.0, '$3', 150.0, '$3', 100.0, 150.0, '$48', 250.0]
[50.0, '$72', 0.0, '$5', 50.0, '$7', 100.0, 150.0, '$6', 100.0, '$7', 50.0, '$3', 100.0, '$9', 50.0, '$3', 0.0, 50.0, '$3', 0.0, '$4', 50.0, 0.0, '$30', 50.0, '$19', 100.0, 150.0, 100.0, '$11', 150.0, 100.0, '$4', 150.0, '$14', 100.0, 50.0, '$26', 100.0, '$4', 50.0, 100.0, 50.0, '$2', 100.0, '$2', 150.0, '$3', 200.0, '$9', 150.0, '$47', 250.0]
[50.0, '$26', 0.0, 50.0, '$45', 0.0, '$3', 50.0, '$3', 100.0, 50.0, '$7', 100.0, 150.0, '$3', 100.0, '$6', 50.0, '$5', 100.0, '$6', 50.0, '$2', 0.0, '$2', 50.0, 0.0, '$2', 50.0, '$3', 0.0, 50.0, 100.0, '$2', 50.0, '$2', 0.0, '$11', 50.0, 100.0, '$18', 50.0, '$9', 100.0, '$3', 50.0, '$8', 100.0, '$3', 150.0, 100.0, '$7', 150.0, 100.0, '$5', 150.0, '$39', 100.0, '$5', 50.0, '$4', 100.0, 150.0, '$3', 200.0, '$2', 150.0, 100.0, '$2', 150.0, '$2', 200.0, '$3', 150.0, 200.0, '$46', 250.0]
[50.0, '$21', 0.0, '$2', 50.0, '$46', 0.0, 50.0, 0.0, '$7', 50.0, '$4', 100.0, '$2', 50.0, '$3', 100.0, 150.0, 100.0, '$2', 50.0, '$3', 100.0, 50.0, '$3', 100.0, 150.0, '$3', 100.0, '$3', 50.0, '$5', 0.0, '$3', 50.0, '$4', 0.0, 50.0, '$2', 100.0, '$2', 50.0, '$3', 0.0, '$12', 50.0, '$5', 100.0, '$13', 50.0, '$4', 100.0, 50.0, '$2', 100.0, '$3', 50.0, '$8', 100.0, '$2', 150.0, 100.0, '$3', 150.0, 100.0, '$10', 150.0, '$16', 100.0, 150.0, '$2', 100.0, 50.0, '$22', 100.0, 50.0, '$5', 100.0, 150.0, '$3', 200.0, 150.0, '$2', 50.0, 100.0, '$3', 150.0, '$2', 100.0, '$2', 150.0, 200.0, '$45', 250.0]
[50.0, '$64', 0.0, 50.0, '$2', 0.0, '$2', 50.0, '$2', 0.0, 50.0, '$2', 0.0, '$10', 50.0, '$5', 100.0, 50.0, '$4', 100.0, 50.0, '$3', 100.0, '$2', 150.0, '$2', 100.0, '$6', 50.0, '$2', 0.0, '$2', 50.0, '$4', 0.0, '$3', 50.0, 100.0, '$11', 50.0, '$13', 100.0, '$22', 50.0, '$11', 100.0, '$3', 150.0, 100.0, '$9', 150.0, '$7', 100.0, 150.0, '$5', 100.0, 150.0, '$8', 100.0, '$2', 50.0, 100.0, '$2', 50.0, '$15', 100.0, '$2', 50.0, '$4', 100.0, '$2', 150.0, '$2', 200.0, 100.0, 0.0, '$8', 50.0, 100.0, 150.0, '$45', 250.0]
[50.0, '$15', 0.0, '$2', 50.0, '$5', 0.0, 50.0, '$33', 0.0, 50.0, '$7', 0.0, '$2', 50.0, 0.0, 50.0, '$3', 0.0, 50.0, '$2', 0.0, 50.0, '$3', 0.0, '$6', 50.0, '$4', 100.0, '$2', 50.0, '$2', 100.0, '$2', 50.0, '$4', 100.0, '$2', 150.0, '$2', 100.0, '$6', 50.0, '$7', 0.0, '$2', 50.0, 100.0, 50.0, '$2', 100.0, '$11', 50.0, '$3', 100.0, '$3', 50.0, '$6', 100.0, '$23', 50.0, '$12', 100.0, 150.0, 100.0, '$10', 150.0, '$6', 100.0, 150.0, '$18', 100.0, '$2', 50.0, '$13', 100.0, '$2', 50.0, '$5', 100.0, '$2', 150.0, '$2', 200.0, 100.0, 0.0, '$5', 50.0, '$3', 0.0, 100.0, 150.0, 200.0, '$44', 250.0]
[50.0, '$15', 0.0, '$2', 50.0, '$3', 0.0, '$3', 50.0, '$33', 0.0, 50.0, '$7', 0.0, '$3', 50.0, '$4', 0.0, 50.0, '$2', 0.0, 50.0, '$8', 0.0, '$5', 50.0, 0.0, '$5', 50.0, '$4', 100.0, '$2', 150.0, '$2', 100.0, '$6', 50.0, '$7', 0.0, '$3', 50.0, '$3', 100.0, '$18', 50.0, '$4', 100.0, '$22', 50.0, '$14', 100.0, '$2', 150.0, 100.0, '$3', 150.0, 100.0, '$2', 150.0, 100.0, 150.0, '$26', 100.0, '$2', 50.0, '$13', 100.0, 50.0, '$7', 100.0, 150.0, '$2', 200.0, 150.0, 50.0, '$9', 0.0, 100.0, 200.0, '$44', 250.0]
[50.0, '$4', 0.0, 50.0, '$10', 0.0, '$3', 50.0, '$2', 0.0, '$3', 50.0, '$11', 0.0, 50.0, '$21', 0.0, 50.0, '$7', 0.0, '$3', 50.0, '$3', 0.0, '$2', 50.0, '$2', 0.0, 50.0, '$13', 0.0, 50.0, '$2', 0.0, '$5', 50.0, '$3', 100.0, 150.0, 100.0, '$9', 50.0, '$4', 0.0, '$5', 50.0, '$2', 100.0, '$18', 50.0, 100.0, '$2', 50.0, 100.0, '$21', 50.0, '$5', 100.0, 50.0, '$10', 100.0, 150.0, 100.0, 150.0, '$3', 100.0, '$2', 150.0, '$28', 100.0, '$2', 50.0, 100.0, '$2', 50.0, '$9', 100.0, '$2', 50.0, '$6', 100.0, '$2', 150.0, '$3', 200.0, 150.0, '$3', 50.0, 100.0, '$5', 50.0, 100.0, 200.0, '$44', 250.0]
[50.0, '$4', 0.0, '$2', 50.0, '$2', 0.0, '$15', 50.0, '$3', 0.0, 50.0, '$33', 0.0, 50.0, '$8', 0.0, '$3', 50.0, '$2', 0.0, '$2', 50.0, '$16', 0.0, '$4', 50.0, '$5', 100.0, 50.0, 100.0, 50.0, '$10', 0.0, '$5', 50.0, '$2', 100.0, '$7', 50.0, 100.0, '$33', 50.0, '$18', 100.0, 150.0, '$2', 100.0, 150.0, '$19', 100.0, '$2', 50.0, '$14', 100.0, 50.0, '$9', 100.0, '$3', 50.0, '$5', 100.0, '$4', 150.0, '$3', 200.0, 150.0, '$4', 100.0, '$3', 50.0, 100.0, 150.0, 200.0, '$44', 250.0]
[50.0, 0.0, '$3', 50.0, '$2', 100.0, 50.0, 0.0, '$14', 50.0, '$35', 0.0, 50.0, '$2', 0.0, 50.0, '$12', 0.0, 50.0, '$19', 0.0, '$4', 50.0, '$3', 100.0, '$4', 50.0, '$7', 0.0, '$8', 50.0, 100.0, '$30', 50.0, 100.0, '$10', 50.0, '$6', 100.0, 150.0, '$11', 100.0, 150.0, '$3', 100.0, 150.0, '$19', 100.0, '$2', 50.0, '$6', 100.0, '$10', 50.0, 100.0, '$3', 50.0, '$4', 100.0, '$3', 50.0, '$5', 100.0, '$4', 150.0, '$4', 200.0, 150.0, 100.0, 50.0, '$4', 100.0, 150.0, '$2', 200.0, '$44', 250.0]
['$5', 50.0, '$2', 100.0, '$6', 50.0, '$2', 100.0, '$8', 50.0, '$51', 0.0, 50.0, '$21', 0.0, '$3', 50.0, '$2', 100.0, '$4', 50.0, '$7', 0.0, '$22', 50.0, 100.0, '$10', 50.0, '$3', 100.0, '$14', 50.0, '$6', 100.0, '$2', 150.0, '$42', 100.0, '$15', 50.0, '$2', 100.0, '$4', 50.0, 100.0, 50.0, '$3', 100.0, '$4', 150.0, '$2', 200.0, 250.0, '$2', 200.0, 150.0, '$5', 100.0, '$2', 150.0, 200.0, '$44', 250.0]
['$5', 50.0, 100.0, '$16', 50.0, '$51', 0.0, 50.0, '$23', 0.0, '$8', 50.0, '$6', 0.0, '$15', 50.0, 100.0, '$18', 50.0, '$2', 100.0, '$5', 50.0, '$2', 100.0, '$8', 50.0, '$49', 100.0, '$20', 50.0, 100.0, 50.0, '$2', 100.0, 50.0, '$2', 100.0, '$4', 150.0, '$5', 200.0, '$2', 150.0, '$2', 100.0, '$4', 150.0, 200.0, '$44', 250.0]
[50.0, 0.0, '$20', 50.0, '$34', 0.0, 50.0, '$3', 0.0, 50.0, '$11', 0.0, '$3', 50.0, '$23', 0.0, '$4', 50.0, 0.0, 50.0, '$8', 0.0, '$6', 50.0, 100.0, '$9', 50.0, '$2', 100.0, '$22', 50.0, '$2', 100.0, '$8', 50.0, '$3', 100.0, 50.0, '$4', 100.0, 150.0, '$16', 100.0, '$2', 50.0, '$9', 100.0, '$3', 50.0, '$9', 100.0, 50.0, 100.0, '$14', 50.0, 100.0, '$4', 50.0, '$5', 100.0, 50.0, 100.0, '$5', 150.0, '$4', 200.0, '$8', 150.0, 200.0, '$44', 250.0]
[50.0, 0.0, '$15', 50.0, '$2', 0.0, '$2', 50.0, '$35', 0.0, 50.0, '$2', 0.0, '$2', 50.0, '$2', 0.0, '$3', 50.0, '$6', 0.0, '$3', 50.0, '$23', 0.0, '$5', 50.0, '$7', 0.0, '$14', 50.0, 0.0, '$9', 50.0, '$2', 100.0, '$4', 50.0, 100.0, '$11', 50.0, '$5', 100.0, '$5', 50.0, '$3', 100.0, '$3', 50.0, '$18', 100.0, '$2', 50.0, '$3', 100.0, 50.0, '$6', 100.0, '$2', 50.0, '$6', 100.0, '$2', 150.0, '$4', 100.0, '$7', 50.0, 100.0, '$6', 50.0, 100.0, '$7', 50.0, '$6', 100.0, '$4', 150.0, '$4', 200.0, '$2', 150.0, '$2', 200.0, '$3', 150.0, '$45', 250.0]
['$11', 50.0, 0.0, '$5', 50.0, '$39', 0.0, 50.0, '$2', 0.0, '$2', 50.0, '$2', 0.0, '$3', 50.0, '$7', 0.0, '$3', 50.0, '$22', 0.0, '$2', 50.0, 0.0, 50.0, '$9', 0.0, '$6', 50.0, 0.0, '$12', 50.0, '$6', 100.0, '$4', 50.0, 100.0, '$11', 50.0, '$6', 100.0, '$3', 50.0, '$3', 100.0, '$5', 50.0, '$4', 100.0, 50.0, '$2', 100.0, '$3', 50.0, '$7', 100.0, 50.0, '$3', 100.0, '$2', 50.0, '$7', 100.0, '$2', 50.0, '$7', 100.0, 50.0, '$5', 100.0, '$3', 50.0, '$6', 100.0, '$11', 50.0, '$2', 100.0, 150.0, '$3', 100.0, '$5', 150.0, '$3', 200.0, '$2', 150.0, '$2', 200.0, '$2', 150.0, 200.0, '$45', 250.0]
['$6', 50.0, 0.0, '$3', 50.0, '$2', 0.0, 50.0, '$3', 0.0, 50.0, '$6', 0.0, 50.0, '$31', 0.0, 50.0, '$3', 0.0, '$2', 50.0, '$4', 0.0, 50.0, '$7', 0.0, '$3', 50.0, '$12', 0.0, 50.0, '$15', 0.0, '$2', 50.0, '$6', 0.0, '$19', 50.0, '$5', 100.0, '$4', 50.0, 100.0, '$12', 50.0, '$6', 100.0, '$2', 50.0, '$3', 100.0, '$2', 50.0, 100.0, '$3', 50.0, '$6', 100.0, '$5', 50.0, '$9', 100.0, '$2', 50.0, '$7', 100.0, '$2', 50.0, '$21', 100.0, '$11', 50.0, '$6', 100.0, '$7', 150.0, '$3', 200.0, '$2', 150.0, '$4', 200.0, '$45', 250.0]
[50.0, 0.0, '$3', 50.0, '$50', 0.0, 50.0, '$3', 0.0, '$2', 50.0, '$7', 0.0, 50.0, '$3', 0.0, '$2', 50.0, '$27', 0.0, '$2', 50.0, '$2', 0.0, 50.0, '$5', 0.0, '$21', 50.0, '$4', 100.0, '$5', 50.0, '$2', 100.0, '$3', 50.0, 100.0, '$8', 50.0, '$3', 100.0, 50.0, '$4', 100.0, '$7', 50.0, '$7', 100.0, '$2', 50.0, '$5', 100.0, 50.0, '$5', 100.0, '$2', 50.0, '$7', 100.0, '$4', 50.0, '$2', 100.0, '$3', 150.0, '$13', 100.0, '$15', 50.0, '$4', 100.0, '$6', 150.0, '$3', 200.0, '$3', 150.0, '$3', 200.0, '$45', 250.0]
[50.0, '$54', 0.0, 50.0, '$3', 0.0, '$2', 50.0, '$7', 0.0, 50.0, '$3', 0.0, '$3', 50.0, '$12', 0.0, '$3', 50.0, '$11', 0.0, '$2', 50.0, '$2', 0.0, '$2', 50.0, '$5', 0.0, '$19', 50.0, '$6', 100.0, '$5', 50.0, '$3', 100.0, '$2', 50.0, 100.0, '$7', 50.0, '$8', 100.0, '$7', 50.0, '$14', 100.0, '$2', 50.0, '$4', 100.0, 50.0, '$7', 100.0, '$4', 50.0, '$12', 100.0, 50.0, '$6', 100.0, '$16', 50.0, '$3', 100.0, 150.0, 100.0, '$4', 150.0, '$4', 200.0, '$3', 150.0, '$2', 200.0, '$45', 250.0]
[50.0, '$50', 0.0, 50.0, '$4', 0.0, 50.0, '$3', 0.0, 50.0, '$12', 0.0, '$2', 50.0, '$8', 0.0, 50.0, '$3', 0.0, '$3', 50.0, '$11', 0.0, '$2', 50.0, '$2', 0.0, '$2', 50.0, '$5', 0.0, '$20', 50.0, '$7', 100.0, '$3', 50.0, '$3', 100.0, '$2', 50.0, 100.0, '$4', 50.0, 100.0, '$4', 50.0, '$7', 100.0, '$2', 50.0, '$2', 100.0, '$2', 50.0, '$13', 100.0, '$3', 50.0, '$27', 100.0, 50.0, '$7', 100.0, '$17', 50.0, '$5', 100.0, '$10', 150.0, 200.0, '$46', 250.0]
[50.0, '$50', 0.0, 50.0, '$4', 0.0, '$2', 50.0, '$2', 0.0, 50.0, '$8', 0.0, 50.0, '$3', 0.0, '$2', 50.0, '$12', 0.0, '$3', 50.0, '$11', 0.0, '$2', 50.0, '$2', 0.0, 50.0, '$6', 0.0, '$22', 50.0, '$5', 100.0, '$4', 50.0, '$3', 100.0, '$6', 50.0, '$2', 100.0, '$6', 50.0, '$3', 100.0, '$2', 50.0, '$3', 100.0, 50.0, '$16', 100.0, 50.0, '$17', 100.0, 150.0, '$6', 100.0, 50.0, 100.0, '$2', 50.0, '$2', 100.0, 150.0, '$5', 100.0, '$7', 50.0, '$3', 0.0, '$6', 50.0, '$7', 100.0, '$2', 150.0, 200.0, '$5', 150.0, 200.0, '$46', 250.0]
[50.0, '$50', 0.0, 50.0, '$3', 0.0, 50.0, '$4', 0.0, 50.0, '$8', 0.0, 50.0, '$3', 0.0, '$4', 50.0, 0.0, '$2', 50.0, 0.0, '$3', 50.0, '$2', 0.0, '$5', 50.0, '$11', 0.0, 50.0, '$3', 0.0, 50.0, '$3', 0.0, '$24', 50.0, '$6', 100.0, '$3', 50.0, '$5', 100.0, '$5', 50.0, '$3', 100.0, '$4', 50.0, '$2', 100.0, '$2', 50.0, 100.0, '$4', 50.0, '$3', 100.0, '$6', 50.0, '$6', 100.0, 50.0, '$23', 100.0, '$7', 50.0, '$6', 100.0, '$9', 50.0, 0.0, '$2', 50.0, '$3', 0.0, '$5', 50.0, '$4', 100.0, '$8', 150.0, 200.0, '$46', 250.0]
[50.0, '$50', 0.0, 50.0, '$3', 0.0, 50.0, '$4', 0.0, '$2', 50.0, '$11', 0.0, '$4', 50.0, '$3', 0.0, '$4', 50.0, '$2', 0.0, '$4', 50.0, '$12', 0.0, '$2', 50.0, '$7', 0.0, '$20', 50.0, 100.0, 50.0, '$8', 100.0, '$3', 50.0, '$5', 100.0, '$3', 50.0, '$3', 100.0, '$5', 50.0, 100.0, '$6', 50.0, '$5', 100.0, '$6', 50.0, '$2', 100.0, 50.0, '$27', 100.0, '$8', 50.0, 100.0, '$13', 50.0, 0.0, '$4', 50.0, 0.0, '$5', 50.0, '$4', 100.0, '$7', 150.0, 200.0, '$2', 250.0, 200.0, '$44', 250.0]
[50.0, '$50', 0.0, 50.0, '$8', 0.0, '$2', 50.0, '$11', 0.0, '$4', 50.0, '$3', 0.0, '$5', 50.0, 0.0, '$4', 50.0, '$12', 0.0, '$2', 50.0, '$7', 0.0, '$3', 50.0, 0.0, '$16', 50.0, '$4', 100.0, 50.0, '$6', 100.0, '$2', 50.0, '$6', 100.0, '$2', 50.0, '$8', 100.0, '$6', 50.0, '$2', 100.0, 50.0, '$3', 100.0, '$6', 50.0, '$15', 100.0, '$3', 50.0, '$11', 100.0, '$28', 50.0, 0.0, '$4', 50.0, '$4', 100.0, '$7', 150.0, 200.0, '$48', 250.0]
[50.0, '$50', 0.0, 50.0, '$8', 0.0, 50.0, '$12', 0.0, '$6', 50.0, 0.0, '$12', 50.0, '$8', 0.0, 50.0, 0.0, '$3', 50.0, '$7', 0.0, '$19', 50.0, '$4', 100.0, '$3', 50.0, '$6', 100.0, 50.0, '$14', 100.0, 50.0, '$4', 100.0, '$5', 50.0, '$3', 100.0, '$5', 50.0, '$2', 100.0, 50.0, '$12', 100.0, '$8', 50.0, '$8', 100.0, '$32', 50.0, '$3', 100.0, '$4', 150.0, 100.0, '$3', 150.0, 200.0, '$48', 250.0]
[50.0, '$51', 0.0, 50.0, '$16', 0.0, '$2', 50.0, 0.0, '$2', 50.0, '$3', 0.0, '$3', 50.0, 0.0, '$2', 50.0, 100.0, '$4', 50.0, '$7', 0.0, 50.0, '$2', 0.0, 50.0, '$3', 0.0, '$3', 50.0, '$2', 0.0, 50.0, 0.0, '$2', 50.0, '$2', 0.0, 50.0, '$4', 0.0, '$3', 50.0, 0.0, '$10', 50.0, '$2', 100.0, '$5', 50.0, '$12', 100.0, '$2', 50.0, 100.0, 50.0, '$10', 100.0, '$3', 50.0, '$19', 100.0, '$9', 50.0, 100.0, '$2', 50.0, '$10', 100.0, '$15', 50.0, 0.0, '$14', 50.0, '$3', 100.0, '$4', 150.0, 100.0, '$3', 150.0, 200.0, '$49', 250.0]
[50.0, '$51', 0.0, 50.0, '$16', 0.0, '$7', 50.0, 0.0, '$3', 50.0, 0.0, '$2', 50.0, 100.0, '$4', 50.0, '$10', 0.0, '$2', 50.0, '$2', 0.0, '$3', 50.0, '$3', 0.0, '$7', 50.0, '$3', 0.0, '$13', 50.0, '$3', 100.0, '$5', 50.0, 100.0, '$2', 50.0, '$2', 100.0, 50.0, '$9', 100.0, '$2', 50.0, '$9', 100.0, '$3', 50.0, '$20', 100.0, '$2', 50.0, '$2', 100.0, '$3', 50.0, 100.0, '$2', 50.0, '$5', 100.0, 50.0, '$3', 100.0, 150.0, '$3', 100.0, '$3', 50.0, 100.0, '$24', 50.0, '$2', 100.0, '$3', 150.0, 100.0, '$4', 150.0, 200.0, '$50', 250.0]
[50.0, '$68', 0.0, '$7', 50.0, 0.0, '$3', 50.0, 0.0, '$2', 50.0, '$2', 100.0, '$3', 50.0, '$10', 0.0, '$2', 50.0, '$2', 0.0, '$2', 50.0, '$15', 0.0, 50.0, '$2', 0.0, '$9', 50.0, '$4', 100.0, 50.0, '$9', 100.0, '$2', 50.0, '$6', 100.0, '$2', 50.0, '$14', 100.0, '$2', 50.0, '$39', 100.0, 150.0, '$3', 100.0, 150.0, '$23', 50.0, '$5', 100.0, 150.0, '$2', 100.0, '$2', 150.0, 200.0, '$51', 250.0]
[50.0, '$70', 0.0, '$4', 50.0, '$2', 0.0, '$3', 50.0, 0.0, '$2', 50.0, 100.0, '$4', 50.0, '$8', 0.0, 50.0, '$2', 0.0, 50.0, '$2', 0.0, 50.0, '$16', 0.0, '$16', 50.0, 100.0, '$2', 50.0, '$19', 100.0, '$2', 50.0, '$10', 100.0, '$2', 50.0, '$25', 100.0, 150.0, '$13', 100.0, '$2', 150.0, 100.0, '$2', 150.0, 100.0, '$22', 50.0, '$8', 100.0, 200.0, '$53', 250.0]
[50.0, '$50', 0.0, 50.0, '$10', 0.0, '$3', 50.0, '$7', 0.0, '$8', 50.0, 0.0, '$8', 50.0, '$3', 0.0, '$2', 50.0, 0.0, '$2', 50.0, 0.0, '$2', 50.0, 0.0, '$3', 50.0, '$16', 0.0, '$15', 50.0, 100.0, '$2', 50.0, '$4', 100.0, '$4', 50.0, '$4', 100.0, 50.0, '$28', 100.0, 150.0, '$3', 100.0, '$4', 50.0, 100.0, 50.0, '$20', 100.0, '$7', 150.0, 100.0, '$23', 50.0, '$4', 100.0, 150.0, '$55', 250.0]
[50.0, '$50', 0.0, '$2', 50.0, '$7', 0.0, 50.0, 0.0, '$3', 50.0, '$7', 0.0, '$13', 50.0, '$2', 0.0, '$2', 50.0, '$4', 0.0, '$4', 50.0, 0.0, '$3', 50.0, '$21', 0.0, '$16', 50.0, '$3', 100.0, '$6', 50.0, '$3', 100.0, 50.0, 100.0, 50.0, '$29', 100.0, '$6', 50.0, '$15', 100.0, '$12', 150.0, '$2', 100.0, '$7', 50.0, '$2', 100.0, '$14', 50.0, '$2', 100.0, 150.0, 200.0, '$56', 250.0]
[50.0, '$51', 0.0, 50.0, '$2', 0.0, 50.0, '$3', 0.0, 50.0, '$2', 0.0, '$8', 50.0, '$2', 0.0, '$18', 50.0, '$2', 0.0, '$3', 50.0, 0.0, 50.0, 0.0, '$4', 50.0, 0.0, 50.0, '$18', 0.0, '$14', 50.0, '$9', 100.0, 50.0, '$3', 100.0, 50.0, '$9', 100.0, 50.0, '$9', 100.0, 50.0, '$14', 100.0, '$3', 50.0, '$12', 100.0, '$3', 50.0, '$2', 100.0, '$11', 150.0, 100.0, '$24', 50.0, '$2', 100.0, 200.0, 250.0, 200.0, '$55', 250.0]
[50.0, '$47', 0.0, 50.0, '$3', 0.0, 50.0, '$2', 0.0, 50.0, '$3', 0.0, '$11', 50.0, '$2', 0.0, '$19', 50.0, 0.0, '$5', 50.0, 0.0, '$4', 50.0, '$19', 0.0, '$12', 50.0, 100.0, '$2', 50.0, 100.0, 50.0, '$11', 100.0, 50.0, '$5', 100.0, '$2', 50.0, '$2', 100.0, '$4', 50.0, '$6', 100.0, '$4', 50.0, '$10', 100.0, '$4', 50.0, '$4', 100.0, 50.0, '$6', 100.0, 50.0, 100.0, '$3', 50.0, '$5', 100.0, '$4', 150.0, '$4', 100.0, '$6', 50.0, '$2', 100.0, '$16', 50.0, 100.0, '$3', 200.0, '$56', 250.0]
[50.0, '$47', 0.0, 50.0, '$5', 0.0, '$2', 50.0, '$6', 0.0, '$40', 50.0, '$20', 0.0, '$20', 50.0, 100.0, '$10', 50.0, '$7', 100.0, '$2', 50.0, 100.0, '$3', 50.0, '$8', 100.0, 50.0, '$7', 100.0, '$6', 50.0, 100.0, '$2', 50.0, '$6', 100.0, '$7', 50.0, '$13', 100.0, '$4', 50.0, '$3', 100.0, '$14', 50.0, 100.0, 150.0, '$4', 200.0, '$56', 250.0]
[50.0, '$53', 0.0, '$8', 50.0, 0.0, '$9', 50.0, 0.0, '$26', 50.0, 0.0, '$2', 50.0, '$7', 0.0, 50.0, '$12', 0.0, '$5', 50.0, 100.0, '$25', 50.0, '$9', 100.0, '$3', 50.0, '$8', 100.0, '$2', 50.0, '$6', 100.0, '$5', 50.0, '$3', 100.0, '$2', 50.0, '$5', 100.0, '$8', 50.0, '$9', 100.0, 150.0, '$4', 100.0, 50.0, '$6', 100.0, '$7', 50.0, 0.0, '$4', 50.0, 150.0, '$8', 200.0, '$54', 250.0]
[50.0, '$54', 0.0, 50.0, '$2', 0.0, '$4', 50.0, 0.0, '$9', 50.0, 0.0, '$7', 50.0, 0.0, '$18', 50.0, 0.0, 50.0, '$9', 0.0, 50.0, '$8', 0.0, 50.0, '$2', 0.0, '$9', 50.0, 100.0, '$4', 50.0, 100.0, '$15', 50.0, '$3', 100.0, '$2', 50.0, '$6', 100.0, 50.0, '$9', 100.0, '$3', 50.0, '$5', 100.0, '$4', 50.0, '$4', 100.0, '$2', 50.0, 100.0, '$2', 50.0, '$3', 100.0, '$7', 50.0, '$8', 100.0, '$2', 150.0, '$3', 100.0, 50.0, '$7', 100.0, '$6', 50.0, '$2', 0.0, '$2', 50.0, 150.0, '$11', 200.0, '$53', 250.0]
[50.0, '$51', 0.0, '$4', 50.0, '$2', 0.0, '$4', 50.0, 0.0, '$2', 50.0, '$2', 0.0, '$5', 50.0, '$2', 0.0, '$3', 50.0, 100.0, '$21', 50.0, '$11', 0.0, 50.0, '$7', 0.0, '$2', 50.0, '$2', 0.0, '$5', 50.0, 0.0, '$5', 50.0, 100.0, '$19', 50.0, '$4', 100.0, '$2', 50.0, '$13', 100.0, 50.0, 100.0, '$3', 50.0, '$4', 100.0, 50.0, 0.0, '$2', 50.0, '$3', 100.0, '$2', 50.0, 100.0, '$5', 50.0, 100.0, '$2', 50.0, 100.0, '$3', 50.0, '$5', 100.0, 50.0, '$2', 100.0, '$2', 150.0, '$4', 100.0, '$2', 50.0, '$4', 100.0, '$3', 50.0, '$5', 0.0, '$2', 50.0, 150.0, '$13', 200.0, '$53', 250.0]
[50.0, '$52', 0.0, '$3', 50.0, '$3', 0.0, '$3', 50.0, '$2', 0.0, '$2', 50.0, '$4', 0.0, '$16', 50.0, 0.0, 50.0, '$2', 0.0, '$4', 50.0, 0.0, '$5', 50.0, '$9', 0.0, '$2', 50.0, '$5', 0.0, '$3', 50.0, '$5', 0.0, '$19', 50.0, 100.0, 50.0, 100.0, '$6', 50.0, '$5', 100.0, '$4', 50.0, '$13', 100.0, '$2', 50.0, '$2', 100.0, 150.0, '$2', 100.0, '$3', 50.0, '$9', 100.0, '$3', 50.0, 100.0, '$5', 50.0, '$4', 100.0, '$3', 50.0, '$2', 100.0, '$2', 150.0, '$3', 100.0, '$3', 50.0, '$5', 100.0, '$8', 150.0, '$16', 200.0, '$52', 250.0]
[50.0, '$45', 0.0, '$2', 50.0, '$3', 0.0, '$5', 50.0, '$2', 0.0, '$5', 50.0, '$2', 0.0, '$2', 50.0, '$2', 0.0, '$11', 50.0, 0.0, '$7', 50.0, '$4', 0.0, '$8', 50.0, '$9', 0.0, 50.0, '$14', 0.0, '$10', 50.0, '$2', 100.0, '$8', 50.0, '$2', 100.0, '$7', 50.0, '$3', 100.0, '$6', 50.0, '$4', 100.0, 150.0, '$3', 100.0, '$2', 150.0, '$2', 100.0, '$3', 50.0, '$4', 100.0, '$4', 50.0, '$5', 100.0, '$2', 50.0, '$6', 100.0, '$4', 50.0, '$4', 100.0, '$4', 50.0, '$5', 100.0, '$3', 50.0, '$2', 100.0, '$2', 150.0, '$2', 100.0, 150.0, '$2', 200.0, '$7', 250.0, '$14', 200.0, '$52', 250.0]
[50.0, '$45', 0.0, '$2', 50.0, '$3', 0.0, '$5', 50.0, 0.0, '$7', 50.0, '$2', 0.0, 50.0, '$2', 0.0, '$3', 50.0, 0.0, '$7', 50.0, 0.0, '$9', 50.0, '$2', 0.0, '$8', 50.0, '$20', 0.0, '$15', 50.0, '$3', 100.0, '$5', 50.0, '$5', 100.0, '$2', 50.0, '$6', 100.0, '$2', 50.0, 100.0, '$4', 50.0, '$9', 100.0, 150.0, 100.0, '$3', 50.0, '$4', 100.0, '$4', 50.0, '$6', 100.0, 50.0, '$7', 100.0, '$5', 50.0, '$3', 100.0, '$4', 50.0, 100.0, '$6', 50.0, '$3', 100.0, 200.0, 50.0, 100.0, 50.0, 100.0, '$6', 200.0, '$4', 250.0, '$13', 200.0, '$51', 250.0]
[50.0, '$35', 0.0, 50.0, '$9', 0.0, '$3', 50.0, '$5', 0.0, '$2', 50.0, 0.0, '$3', 50.0, '$2', 0.0, '$3', 50.0, '$4', 0.0, '$2', 50.0, '$2', 0.0, '$7', 50.0, 0.0, '$19', 50.0, '$19', 0.0, '$17', 50.0, '$2', 100.0, '$4', 50.0, '$2', 100.0, 50.0, '$3', 100.0, '$2', 50.0, '$2', 100.0, '$6', 50.0, 100.0, '$3', 50.0, '$2', 100.0, 50.0, '$9', 100.0, '$2', 50.0, '$4', 100.0, '$5', 50.0, '$6', 100.0, 50.0, '$5', 100.0, '$2', 50.0, 100.0, 50.0, '$6', 100.0, '$12', 50.0, '$2', 100.0, 200.0, 150.0, 100.0, 150.0, '$24', 200.0, '$51', 250.0]
[50.0, '$32', 0.0, '$4', 50.0, '$9', 0.0, '$3', 50.0, '$3', 0.0, '$4', 50.0, 0.0, '$4', 50.0, 0.0, '$4', 50.0, '$3', 0.0, '$3', 50.0, 0.0, '$23', 50.0, '$2', 0.0, '$2', 50.0, '$16', 0.0, 50.0, '$2', 0.0, '$4', 50.0, 0.0, '$4', 50.0, '$2', 100.0, '$14', 50.0, '$4', 100.0, '$2', 50.0, '$3', 100.0, '$2', 50.0, '$2', 100.0, 50.0, '$2', 100.0, 50.0, '$12', 100.0, '$3', 50.0, '$3', 100.0, '$8', 50.0, '$3', 100.0, '$3', 50.0, '$3', 100.0, '$2', 50.0, '$2', 100.0, '$2', 50.0, '$6', 100.0, '$11', 50.0, 100.0, '$2', 150.0, '$7', 200.0, 250.0, '$12', 200.0, 250.0, '$7', 200.0, '$50', 250.0]
[50.0, '$32', 0.0, '$7', 50.0, '$6', 0.0, '$3', 50.0, '$3', 0.0, '$4', 50.0, 0.0, '$3', 50.0, '$2', 0.0, '$4', 50.0, '$2', 0.0, '$29', 50.0, 0.0, '$2', 50.0, '$21', 0.0, '$7', 50.0, '$2', 100.0, '$6', 50.0, 100.0, '$7', 50.0, '$5', 100.0, 50.0, '$7', 100.0, '$5', 50.0, '$8', 100.0, 150.0, 100.0, 50.0, '$2', 100.0, '$2', 50.0, '$3', 100.0, '$6', 50.0, '$4', 100.0, '$2', 50.0, '$3', 100.0, '$3', 50.0, '$2', 100.0, '$2', 50.0, '$5', 100.0, '$13', 50.0, '$3', 100.0, 150.0, '$16', 200.0, 250.0, 200.0, '$2', 250.0, '$7', 200.0, '$49', 250.0]
[50.0, '$32', 0.0, '$6', 50.0, 0.0, 50.0, '$5', 0.0, '$3', 50.0, '$3', 0.0, '$4', 50.0, 0.0, '$4', 50.0, 0.0, '$39', 50.0, '$19', 0.0, '$8', 50.0, '$3', 100.0, '$5', 50.0, '$2', 100.0, '$6', 50.0, '$4', 100.0, 50.0, '$3', 100.0, 50.0, '$3', 100.0, '$3', 50.0, 100.0, '$3', 50.0, '$6', 100.0, '$2', 150.0, '$4', 100.0, '$3', 50.0, '$2', 100.0, '$6', 50.0, '$4', 100.0, '$2', 50.0, '$2', 100.0, '$4', 50.0, '$2', 100.0, 50.0, '$6', 100.0, '$14', 50.0, '$4', 100.0, 150.0, '$18', 200.0, 250.0, 200.0, 150.0, '$4', 200.0, '$49', 250.0]
[50.0, '$28', 0.0, '$2', 50.0, '$2', 0.0, '$5', 50.0, '$2', 0.0, '$2', 50.0, '$4', 0.0, '$3', 50.0, '$3', 0.0, '$3', 50.0, '$2', 0.0, '$14', 50.0, '$2', 0.0, '$6', 50.0, 0.0, '$21', 50.0, '$21', 0.0, '$7', 50.0, 100.0, '$2', 50.0, 0.0, '$4', 50.0, 100.0, '$6', 50.0, '$9', 100.0, '$9', 50.0, '$13', 100.0, '$12', 50.0, '$3', 100.0, '$2', 50.0, '$2', 100.0, '$5', 50.0, 100.0, 50.0, '$5', 100.0, '$9', 50.0, '$2', 0.0, '$3', 50.0, '$7', 100.0, '$3', 150.0, '$13', 200.0, '$2', 250.0, '$2', 200.0, 150.0, '$4', 200.0, '$48', 250.0]
[50.0, '$26', 0.0, 50.0, '$2', 0.0, 50.0, '$2', 0.0, '$5', 50.0, '$8', 0.0, '$3', 50.0, '$3', 0.0, '$3', 50.0, '$3', 0.0, '$6', 50.0, '$2', 0.0, '$6', 50.0, 0.0, '$4', 50.0, 100.0, 50.0, 0.0, '$11', 50.0, 0.0, '$5', 50.0, '$2', 0.0, '$2', 50.0, '$19', 0.0, 50.0, 0.0, '$14', 50.0, 100.0, '$8', 50.0, '$9', 100.0, '$3', 50.0, '$4', 100.0, '$2', 50.0, '$12', 100.0, '$12', 50.0, '$2', 100.0, '$2', 50.0, '$2', 100.0, '$4', 50.0, '$2', 100.0, 50.0, '$7', 100.0, '$8', 50.0, 0.0, '$6', 50.0, '$8', 100.0, '$4', 150.0, '$7', 200.0, 250.0, '$2', 200.0, 250.0, '$3', 200.0, 150.0, '$3', 200.0, '$48', 250.0]
[50.0, '$29', 0.0, 50.0, '$2', 0.0, '$5', 50.0, '$8', 0.0, '$3', 50.0, '$3', 0.0, '$3', 50.0, '$3', 0.0, '$2', 50.0, 0.0, '$4', 50.0, '$2', 0.0, '$18', 50.0, 0.0, '$12', 50.0, '$2', 0.0, 50.0, '$18', 0.0, '$17', 50.0, '$4', 100.0, '$5', 50.0, '$9', 100.0, '$4', 50.0, '$8', 100.0, 150.0, '$7', 100.0, '$3', 50.0, '$2', 100.0, '$7', 50.0, '$9', 100.0, 50.0, '$12', 100.0, '$18', 50.0, '$2', 100.0, '$9', 150.0, '$6', 200.0, '$2', 250.0, '$2', 150.0, 200.0, 150.0, '$3', 200.0, '$48', 250.0]
[50.0, '$29', 0.0, 50.0, '$2', 0.0, '$5', 50.0, '$8', 0.0, '$3', 50.0, '$3', 0.0, '$2', 50.0, '$4', 0.0, '$2', 50.0, '$2', 0.0, '$3', 50.0, '$3', 0.0, '$11', 50.0, 0.0, '$6', 50.0, 0.0, '$15', 50.0, '$17', 0.0, '$13', 50.0, '$2', 0.0, '$4', 50.0, '$2', 100.0, '$6', 50.0, '$6', 100.0, '$3', 50.0, '$2', 100.0, 50.0, '$7', 100.0, '$2', 150.0, '$4', 100.0, 150.0, '$2', 100.0, '$2', 50.0, '$3', 100.0, '$6', 50.0, '$24', 100.0, '$8', 50.0, 0.0, '$9', 50.0, 100.0, '$4', 150.0, '$3', 200.0, '$2', 150.0, '$7', 200.0, 250.0, 200.0, '$3', 100.0, 150.0, '$2', 200.0, '$48', 250.0]
[50.0, '$21', 0.0, 50.0, '$7', 0.0, 50.0, '$2', 0.0, '$4', 50.0, '$2', 0.0, 50.0, '$7', 0.0, '$2', 50.0, '$3', 0.0, '$2', 50.0, 0.0, 50.0, '$2', 0.0, '$7', 50.0, '$4', 0.0, '$10', 50.0, 0.0, '$20', 50.0, 0.0, 50.0, '$17', 0.0, 50.0, 0.0, '$12', 50.0, '$2', 0.0, '$4', 50.0, 100.0, '$6', 50.0, '$6', 100.0, '$5', 50.0, '$3', 100.0, '$2', 150.0, '$3', 100.0, '$2', 150.0, '$2', 100.0, '$3', 150.0, '$2', 100.0, 50.0, '$4', 100.0, '$6', 50.0, '$17', 100.0, 150.0, '$7', 100.0, '$5', 50.0, 0.0, 50.0, '$5', 0.0, '$5', 50.0, 100.0, '$4', 150.0, '$7', 200.0, 150.0, 200.0, '$2', 150.0, 200.0, '$2', 250.0, 200.0, 150.0, 100.0, 50.0, '$2', 200.0, '$48', 250.0]
[50.0, '$3', 0.0, 50.0, '$2', 0.0, '$2', 50.0, 0.0, '$2', 50.0, '$17', 0.0, '$2', 50.0, '$2', 0.0, '$2', 50.0, '$4', 0.0, '$2', 50.0, '$12', 0.0, '$3', 50.0, 0.0, '$4', 50.0, 0.0, '$3', 50.0, '$3', 0.0, '$11', 50.0, 0.0, '$13', 50.0, 0.0, '$4', 50.0, 0.0, 50.0, '$20', 0.0, '$18', 50.0, '$3', 100.0, '$6', 50.0, '$5', 100.0, '$5', 50.0, '$8', 100.0, '$2', 150.0, '$2', 100.0, 150.0, 100.0, 150.0, '$2', 100.0, 50.0, '$5', 100.0, '$5', 50.0, '$4', 100.0, 50.0, '$20', 100.0, '$6', 50.0, '$7', 0.0, '$4', 50.0, '$2', 100.0, '$5', 150.0, '$7', 200.0, '$2', 150.0, 200.0, '$4', 250.0, '$2', 200.0, 150.0, '$3', 200.0, '$46', 250.0]
[50.0, '$4', 0.0, 50.0, 0.0, '$5', 50.0, '$3', 0.0, 50.0, '$13', 0.0, '$2', 50.0, 0.0, '$3', 50.0, '$4', 0.0, '$2', 50.0, '$12', 0.0, '$12', 50.0, '$4', 0.0, '$10', 50.0, 0.0, '$21', 50.0, '$19', 0.0, '$18', 50.0, '$4', 100.0, '$6', 50.0, '$4', 100.0, '$5', 50.0, '$8', 100.0, '$2', 150.0, 100.0, '$4', 150.0, '$8', 100.0, '$4', 50.0, '$25', 100.0, '$6', 50.0, '$9', 0.0, '$3', 50.0, '$2', 100.0, '$3', 150.0, '$9', 200.0, 150.0, 200.0, '$8', 250.0, 200.0, '$48', 250.0]
[50.0, 0.0, '$9', 50.0, '$3', 0.0, '$2', 50.0, '$3', 0.0, 50.0, '$6', 0.0, '$2', 50.0, 0.0, '$6', 50.0, 0.0, '$6', 50.0, '$8', 0.0, 50.0, 0.0, '$14', 50.0, '$2', 0.0, '$11', 50.0, '$2', 0.0, '$21', 50.0, '$17', 0.0, 50.0, '$6', 0.0, '$12', 50.0, '$4', 100.0, '$6', 50.0, '$4', 100.0, '$3', 50.0, 100.0, '$3', 50.0, '$6', 100.0, '$2', 150.0, '$4', 100.0, 150.0, 100.0, '$2', 50.0, '$6', 100.0, '$3', 50.0, '$12', 100.0, 150.0, 100.0, 50.0, '$9', 100.0, '$6', 50.0, '$10', 0.0, '$3', 50.0, '$4', 100.0, 150.0, '$2', 200.0, 150.0, '$5', 200.0, '$2', 150.0, '$7', 250.0, 200.0, '$50', 250.0]
[50.0, 0.0, '$6', 50.0, '$2', 0.0, 50.0, '$3', 0.0, 50.0, '$11', 0.0, '$9', 50.0, 0.0, '$4', 50.0, 0.0, 50.0, '$8', 0.0, 50.0, 0.0, 50.0, 0.0, '$12', 50.0, '$2', 0.0, '$11', 50.0, '$2', 0.0, '$21', 50.0, '$16', 0.0, '$6', 50.0, '$2', 0.0, '$12', 50.0, '$4', 100.0, '$6', 50.0, '$9', 100.0, 50.0, '$7', 100.0, '$2', 150.0, 100.0, '$4', 150.0, 100.0, 50.0, '$21', 100.0, 150.0, '$11', 100.0, '$6', 50.0, '$10', 0.0, '$5', 50.0, '$3', 100.0, '$4', 150.0, '$4', 200.0, 150.0, 200.0, '$59', 250.0]
[50.0, 0.0, '$4', 50.0, '$7', 0.0, 50.0, '$5', 0.0, 50.0, 0.0, '$2', 50.0, '$3', 0.0, '$5', 50.0, 0.0, '$2', 50.0, '$2', 0.0, '$4', 50.0, 0.0, '$2', 50.0, '$6', 0.0, '$2', 50.0, '$4', 0.0, '$2', 50.0, 0.0, '$8', 50.0, '$2', 0.0, '$12', 50.0, 0.0, '$17', 50.0, '$2', 0.0, '$4', 50.0, '$14', 0.0, '$6', 50.0, '$4', 0.0, '$10', 50.0, '$6', 100.0, '$3', 50.0, 100.0, 50.0, '$9', 100.0, 50.0, '$4', 100.0, '$4', 150.0, 100.0, '$4', 150.0, '$22', 100.0, 150.0, '$4', 100.0, 150.0, '$8', 100.0, 50.0, '$2', 100.0, '$2', 50.0, '$8', 0.0, 50.0, '$2', 0.0, '$5', 50.0, '$4', 100.0, '$4', 150.0, 200.0, 150.0, 200.0, '$60', 250.0]
[50.0, 0.0, '$4', 50.0, 0.0, '$2', 50.0, '$3', 0.0, '$2', 50.0, '$4', 0.0, 50.0, '$2', 0.0, '$2', 50.0, '$3', 0.0, '$4', 50.0, 0.0, '$5', 50.0, 0.0, '$2', 50.0, '$2', 0.0, '$2', 50.0, '$7', 0.0, '$2', 50.0, '$3', 0.0, '$2', 50.0, '$2', 0.0, '$7', 50.0, '$3', 0.0, '$10', 50.0, '$2', 0.0, '$6', 50.0, 100.0, '$3', 50.0, 0.0, '$7', 50.0, '$2', 0.0, '$3', 50.0, '$4', 0.0, 50.0, '$10', 0.0, '$6', 50.0, '$4', 0.0, '$4', 50.0, 0.0, '$5', 50.0, '$6', 100.0, '$4', 50.0, '$9', 100.0, '$2', 50.0, '$5', 100.0, '$2', 150.0, 100.0, '$4', 150.0, 100.0, '$2', 50.0, '$8', 100.0, 50.0, '$7', 100.0, 150.0, 100.0, '$3', 150.0, 100.0, '$9', 150.0, '$6', 100.0, '$2', 50.0, 0.0, 50.0, '$2', 0.0, 50.0, '$7', 0.0, '$3', 50.0, 100.0, 50.0, '$4', 100.0, '$3', 150.0, 200.0, '$61', 250.0]
[50.0, 0.0, '$3', 50.0, 0.0, '$3', 50.0, '$3', 0.0, '$2', 50.0, '$4', 0.0, '$4', 50.0, '$4', 0.0, '$4', 50.0, 0.0, '$8', 50.0, '$16', 0.0, '$2', 50.0, '$3', 0.0, '$7', 50.0, 0.0, '$7', 50.0, 0.0, '$3', 50.0, '$2', 0.0, '$6', 50.0, 100.0, '$3', 50.0, 0.0, '$7', 50.0, '$3', 0.0, '$2', 50.0, '$4', 0.0, '$2', 50.0, '$10', 0.0, '$3', 50.0, 0.0, 50.0, '$4', 0.0, '$3', 50.0, '$3', 0.0, '$7', 50.0, '$2', 100.0, '$4', 50.0, '$10', 100.0, '$2', 50.0, '$5', 100.0, 150.0, '$3', 100.0, '$3', 150.0, 100.0, 50.0, '$9', 100.0, 50.0, '$6', 100.0, '$18', 150.0, '$4', 100.0, '$5', 50.0, '$3', 0.0, 100.0, '$2', 150.0, '$2', 100.0, '$6', 50.0, 100.0, '$2', 150.0, '$3', 200.0, '$2', 250.0, 200.0, '$60', 250.0]
[50.0, 0.0, '$3', 50.0, 0.0, '$3', 50.0, '$2', 0.0, '$2', 50.0, '$6', 0.0, '$2', 50.0, '$3', 0.0, 50.0, 0.0, 50.0, 0.0, 50.0, '$2', 0.0, 50.0, 0.0, '$6', 50.0, '$3', 0.0, 50.0, '$4', 0.0, 50.0, '$7', 0.0, '$2', 50.0, 0.0, 50.0, '$3', 0.0, '$5', 50.0, 0.0, '$7', 50.0, 0.0, '$4', 50.0, 0.0, 50.0, 100.0, 50.0, 0.0, '$13', 50.0, '$4', 0.0, '$3', 50.0, 0.0, '$4', 50.0, '$10', 0.0, '$3', 50.0, 0.0, 50.0, '$10', 0.0, '$13', 50.0, '$10', 100.0, '$2', 50.0, '$5', 100.0, 150.0, '$3', 100.0, '$3', 150.0, 100.0, 50.0, '$15', 100.0, 150.0, 100.0, '$16', 150.0, '$6', 100.0, 50.0, '$3', 0.0, 100.0, 150.0, 200.0, '$2', 250.0, 200.0, 250.0, '$9', 200.0, '$6', 250.0, 200.0, '$60', 250.0]
['$9', 50.0, '$2', 0.0, 50.0, '$7', 0.0, '$2', 50.0, '$3', 0.0, 50.0, '$2', 0.0, 50.0, 0.0, '$2', 50.0, 0.0, 50.0, '$2', 0.0, '$3', 50.0, '$4', 0.0, 50.0, '$7', 0.0, '$2', 50.0, '$3', 0.0, 50.0, 0.0, '$3', 50.0, '$2', 0.0, '$3', 50.0, '$2', 0.0, '$18', 50.0, 0.0, '$9', 50.0, 0.0, '$2', 50.0, '$4', 0.0, '$6', 50.0, '$13', 0.0, '$2', 50.0, '$13', 0.0, '$8', 50.0, 100.0, '$3', 50.0, '$6', 100.0, '$2', 150.0, '$9', 100.0, 150.0, '$3', 100.0, '$2', 150.0, '$2', 100.0, 50.0, '$2', 100.0, 150.0, '$12', 100.0, '$11', 150.0, 100.0, 150.0, '$2', 100.0, 150.0, '$2', 100.0, 50.0, '$2', 100.0, '$2', 50.0, '$2', 0.0, 50.0, 150.0, '$2', 200.0, '$82', 250.0]
['$8', 50.0, '$3', 0.0, 50.0, '$7', 0.0, '$3', 50.0, '$2', 0.0, 50.0, '$3', 0.0, 50.0, '$2', 0.0, '$2', 50.0, 0.0, '$4', 50.0, '$12', 0.0, 50.0, '$4', 0.0, '$5', 50.0, '$2', 0.0, '$3', 50.0, 0.0, '$9', 50.0, 0.0, '$6', 50.0, 100.0, '$2', 50.0, 0.0, '$9', 50.0, 0.0, '$4', 50.0, '$2', 0.0, '$6', 50.0, '$14', 0.0, '$3', 50.0, '$12', 0.0, '$6', 50.0, '$3', 100.0, '$5', 50.0, '$3', 100.0, 150.0, '$14', 100.0, '$2', 150.0, '$2', 100.0, 50.0, '$17', 100.0, '$2', 150.0, 100.0, '$4', 150.0, '$9', 100.0, '$3', 50.0, 0.0, 50.0, 150.0, '$2', 200.0, '$85', 250.0]
['$8', 50.0, '$3', 0.0, 50.0, '$7', 0.0, '$3', 50.0, '$6', 0.0, 50.0, '$2', 0.0, '$2', 50.0, 0.0, '$4', 50.0, '$16', 0.0, '$6', 50.0, '$2', 0.0, '$13', 50.0, '$2', 0.0, '$5', 50.0, 100.0, '$4', 50.0, 100.0, '$7', 50.0, 0.0, '$4', 50.0, '$3', 0.0, '$5', 50.0, '$2', 0.0, '$2', 50.0, '$4', 0.0, '$3', 50.0, '$5', 0.0, 50.0, '$9', 0.0, '$10', 50.0, 100.0, '$7', 50.0, '$8', 100.0, 50.0, '$6', 100.0, 50.0, 100.0, '$2', 150.0, '$20', 100.0, 150.0, '$2', 100.0, 150.0, '$11', 100.0, '$3', 50.0, 100.0, '$2', 200.0, '$2', 250.0, 200.0, '$85', 250.0]
['$2', 50.0, 100.0, '$5', 50.0, '$3', 0.0, 50.0, '$8', 0.0, '$2', 50.0, '$5', 0.0, '$2', 50.0, '$2', 0.0, '$3', 50.0, 0.0, '$3', 50.0, '$13', 0.0, 50.0, '$3', 0.0, '$4', 50.0, '$3', 0.0, '$13', 50.0, 0.0, '$11', 50.0, 100.0, '$7', 50.0, 0.0, '$5', 50.0, '$3', 0.0, '$4', 50.0, '$2', 0.0, '$3', 50.0, '$3', 0.0, '$3', 50.0, '$7', 0.0, 50.0, '$7', 0.0, '$5', 50.0, 0.0, '$5', 50.0, 100.0, '$7', 50.0, '$7', 100.0, 50.0, '$8', 100.0, '$2', 150.0, '$33', 100.0, 50.0, 0.0, 50.0, 150.0, 200.0, '$91', 250.0]
['$9', 50.0, 0.0, '$2', 50.0, '$3', 0.0, 50.0, '$3', 0.0, '$4', 50.0, '$5', 0.0, 50.0, 0.0, '$3', 50.0, '$2', 0.0, '$2', 50.0, '$5', 0.0, 50.0, '$4', 0.0, 50.0, '$7', 0.0, '$5', 50.0, '$2', 0.0, 50.0, '$2', 0.0, '$3', 50.0, '$3', 0.0, '$13', 50.0, 100.0, '$2', 50.0, 100.0, '$7', 50.0, 0.0, '$7', 50.0, 0.0, '$3', 50.0, '$2', 0.0, '$3', 50.0, '$4', 0.0, '$2', 50.0, '$22', 0.0, '$5', 50.0, 100.0, '$8', 50.0, '$7', 100.0, 50.0, '$5', 100.0, 50.0, '$20', 100.0, 50.0, '$13', 100.0, '$2', 50.0, 100.0, 150.0, 200.0, '$93', 250.0]
['$8', 50.0, 0.0, '$2', 50.0, '$4', 0.0, 50.0, '$4', 0.0, '$3', 50.0, '$3', 0.0, 50.0, 0.0, 50.0, 0.0, 50.0, 0.0, '$7', 50.0, 0.0, 50.0, '$14', 0.0, '$8', 50.0, '$2', 0.0, '$2', 50.0, '$3', 0.0, '$11', 50.0, 0.0, '$2', 50.0, 100.0, '$2', 50.0, 100.0, '$7', 50.0, '$2', 0.0, '$6', 50.0, 0.0, '$3', 50.0, '$2', 0.0, '$3', 50.0, '$3', 0.0, '$3', 50.0, '$23', 0.0, '$3', 50.0, '$2', 100.0, 50.0, 0.0, '$8', 50.0, '$4', 100.0, '$2', 50.0, '$5', 100.0, 50.0, '$24', 100.0, 50.0, '$5', 100.0, '$2', 50.0, '$2', 100.0, 150.0, 200.0, '$96', 250.0]
['$11', 50.0, '$4', 0.0, 50.0, '$3', 0.0, '$2', 50.0, '$5', 0.0, 50.0, '$3', 0.0, '$4', 50.0, '$2', 0.0, '$2', 50.0, '$2', 0.0, 50.0, '$2', 0.0, 50.0, '$11', 0.0, '$4', 50.0, 0.0, '$3', 50.0, '$2', 0.0, '$3', 50.0, '$2', 0.0, '$23', 50.0, '$4', 0.0, '$10', 50.0, '$2', 0.0, '$3', 50.0, '$3', 0.0, '$2', 50.0, '$24', 0.0, '$2', 50.0, '$2', 100.0, '$11', 50.0, '$6', 100.0, 50.0, '$3', 100.0, '$3', 50.0, '$2', 100.0, '$2', 50.0, '$16', 100.0, '$2', 50.0, '$4', 100.0, '$3', 50.0, 100.0, 150.0, '$2', 200.0, '$98', 250.0]
['$11', 50.0, '$4', 0.0, 50.0, '$3', 0.0, '$2', 50.0, '$2', 0.0, 50.0, '$2', 0.0, '$2', 50.0, '$4', 0.0, '$2', 50.0, '$2', 0.0, '$6', 50.0, 0.0, 50.0, '$12', 0.0, '$3', 50.0, '$2', 0.0, '$7', 50.0, 0.0, '$24', 50.0, '$3', 0.0, '$15', 50.0, '$3', 0.0, '$3', 50.0, '$24', 0.0, '$2', 50.0, '$2', 100.0, '$6', 50.0, 100.0, '$4', 50.0, '$5', 100.0, '$2', 50.0, '$3', 100.0, '$3', 50.0, 100.0, '$2', 50.0, '$6', 100.0, '$3', 50.0, '$6', 100.0, '$4', 50.0, '$2', 100.0, '$2', 50.0, 100.0, 150.0, '$2', 200.0, '$2', 250.0, 200.0, '$98', 250.0]
[100.0, '$6', 50.0, 0.0, '$2', 50.0, '$5', 0.0, 50.0, '$3', 0.0, '$3', 50.0, '$3', 0.0, '$3', 50.0, '$3', 0.0, '$2', 50.0, '$3', 0.0, '$2', 50.0, 0.0, 50.0, '$16', 0.0, '$2', 50.0, '$2', 0.0, '$7', 50.0, '$2', 0.0, '$13', 50.0, '$2', 100.0, 50.0, '$3', 100.0, '$3', 50.0, 0.0, '$2', 50.0, '$3', 0.0, '$13', 50.0, '$30', 0.0, '$3', 50.0, '$2', 100.0, '$6', 50.0, 100.0, '$4', 50.0, '$4', 100.0, '$2', 50.0, '$4', 100.0, '$2', 50.0, '$2', 100.0, '$2', 50.0, '$7', 100.0, 50.0, '$6', 100.0, '$5', 50.0, '$2', 100.0, 150.0, '$2', 200.0, '$104', 250.0]
[100.0, '$6', 50.0, 0.0, 50.0, '$9', 0.0, '$2', 50.0, '$6', 0.0, 50.0, '$4', 0.0, '$2', 50.0, '$3', 0.0, 50.0, '$6', 0.0, '$3', 50.0, '$13', 0.0, '$8', 50.0, '$2', 0.0, '$17', 50.0, '$2', 100.0, '$2', 50.0, '$2', 0.0, '$3', 50.0, '$2', 0.0, '$13', 50.0, '$30', 0.0, '$9', 50.0, '$2', 100.0, '$13', 50.0, '$2', 100.0, '$2', 50.0, 100.0, '$2', 50.0, '$2', 100.0, 50.0, '$3', 100.0, '$4', 50.0, '$2', 100.0, '$5', 50.0, '$2', 100.0, 150.0, '$3', 200.0, '$106', 250.0]
[100.0, '$6', 50.0, 0.0, 50.0, '$9', 0.0, '$2', 50.0, '$10', 0.0, '$3', 50.0, '$2', 0.0, '$3', 50.0, '$3', 0.0, '$6', 50.0, '$5', 0.0, '$3', 50.0, '$3', 0.0, '$6', 50.0, 0.0, '$2', 50.0, 0.0, '$11', 50.0, 0.0, '$10', 50.0, '$2', 0.0, '$4', 50.0, '$2', 0.0, '$10', 50.0, '$2', 100.0, 50.0, '$29', 0.0, '$4', 50.0, '$2', 0.0, 50.0, 0.0, 50.0, '$2', 100.0, '$12', 50.0, '$2', 100.0, '$7', 50.0, '$2', 100.0, '$8', 50.0, '$4', 100.0, 150.0, '$2', 200.0, '$111', 250.0]
[100.0, '$6', 50.0, '$11', 0.0, '$2', 50.0, '$11', 0.0, '$2', 50.0, '$2', 0.0, '$2', 50.0, '$4', 0.0, '$2', 50.0, '$9', 0.0, '$3', 50.0, '$3', 0.0, '$6', 50.0, 0.0, '$14', 50.0, 0.0, '$17', 50.0, '$2', 0.0, '$3', 50.0, 0.0, '$5', 50.0, '$2', 100.0, 50.0, '$30', 0.0, '$3', 50.0, 0.0, 50.0, 0.0, '$15', 50.0, '$3', 100.0, '$6', 50.0, 100.0, '$5', 200.0, '$3', 150.0, '$5', 200.0, '$2', 250.0, 200.0, '$112', 250.0]
['$6', 50.0, 0.0, '$2', 50.0, '$4', 0.0, 50.0, '$13', 0.0, '$2', 50.0, 0.0, '$2', 50.0, '$4', 0.0, '$3', 50.0, 0.0, '$3', 50.0, '$5', 0.0, 50.0, '$2', 0.0, 50.0, '$4', 0.0, '$10', 50.0, 0.0, '$19', 50.0, 100.0, 50.0, 100.0, '$13', 50.0, 0.0, '$3', 50.0, 100.0, '$5', 50.0, '$29', 0.0, '$3', 50.0, '$2', 0.0, '$3', 50.0, 100.0, '$2', 50.0, '$2', 0.0, '$9', 50.0, 100.0, '$6', 50.0, 0.0, 150.0, '$128', 250.0]
[50.0, 0.0, '$4', 50.0, 0.0, '$2', 50.0, '$3', 0.0, 50.0, '$17', 0.0, '$3', 50.0, '$3', 0.0, '$7', 50.0, '$8', 0.0, 50.0, '$4', 0.0, '$10', 50.0, '$2', 0.0, '$18', 50.0, 100.0, 50.0, 100.0, '$4', 50.0, 0.0, '$11', 50.0, '$2', 100.0, 50.0, 0.0, '$3', 50.0, '$36', 0.0, '$3', 50.0, '$2', 0.0, '$16', 50.0, 0.0, 100.0, '$129', 250.0]
['$9', 50.0, '$3', 0.0, 50.0, '$16', 0.0, '$4', 50.0, '$3', 0.0, '$7', 50.0, 0.0, 50.0, '$11', 0.0, '$9', 50.0, '$3', 0.0, '$10', 50.0, '$2', 0.0, '$8', 50.0, '$2', 100.0, '$3', 50.0, '$3', 0.0, '$9', 50.0, 100.0, '$2', 50.0, '$3', 0.0, 50.0, '$39', 0.0, '$18', 50.0, 100.0, 200.0, '$129', 250.0]
['$9', 50.0, '$2', 0.0, 50.0, '$6', 0.0, 50.0, '$11', 0.0, '$2', 50.0, '$3', 0.0, 50.0, 0.0, '$5', 50.0, '$2', 0.0, 50.0, '$11', 0.0, '$9', 50.0, '$4', 0.0, '$3', 50.0, 0.0, '$5', 50.0, 0.0, '$9', 50.0, 100.0, '$16', 50.0, 100.0, 50.0, '$4', 0.0, 50.0, '$39', 0.0, 50.0, 0.0, '$14', 50.0, 0.0, 100.0, 200.0, '$130', 250.0]
['$4', 50.0, 0.0, '$4', 50.0, '$8', 0.0, '$2', 50.0, '$10', 0.0, '$4', 50.0, '$2', 0.0, 50.0, '$2', 0.0, 50.0, 0.0, 50.0, '$3', 0.0, 50.0, '$8', 0.0, '$8', 50.0, '$4', 0.0, '$21', 50.0, '$3', 100.0, '$6', 50.0, '$2', 0.0, '$7', 50.0, '$4', 100.0, '$45', 0.0, '$13', 50.0, 0.0, 100.0, '$132', 250.0]
['$4', 50.0, 0.0, '$4', 50.0, '$8', 0.0, '$2', 50.0, '$10', 0.0, '$3', 50.0, '$5', 0.0, '$2', 50.0, '$2', 0.0, 50.0, '$2', 0.0, 50.0, '$4', 0.0, 50.0, '$3', 0.0, '$9', 50.0, 0.0, '$24', 50.0, 100.0, '$7', 50.0, '$3', 0.0, '$6', 50.0, '$2', 100.0, 150.0, 100.0, '$45', 0.0, '$11', 50.0, 0.0, 50.0, 150.0, '$133', 250.0]
['$8', 50.0, '$9', 0.0, '$2', 50.0, '$10', 0.0, '$3', 50.0, '$4', 0.0, '$6', 50.0, '$2', 0.0, 50.0, '$3', 0.0, '$2', 50.0, '$3', 0.0, '$2', 50.0, '$2', 0.0, '$5', 50.0, 0.0, 50.0, '$2', 0.0, '$23', 50.0, 0.0, '$6', 50.0, 0.0, '$7', 50.0, '$2', 100.0, '$2', 150.0, '$2', 50.0, '$42', 0.0, '$11', 50.0, 0.0, 100.0, 200.0, '$134', 250.0]
['$8', 50.0, 0.0, 50.0, '$7', 0.0, 50.0, '$10', 0.0, '$4', 50.0, '$4', 0.0, 50.0, 0.0, '$5', 50.0, 0.0, 50.0, '$4', 0.0, '$5', 50.0, '$5', 0.0, '$3', 50.0, 0.0, '$2', 50.0, 0.0, '$35', 50.0, '$5', 100.0, 150.0, 100.0, '$2', 50.0, '$20', 0.0, 50.0, '$13', 0.0, '$3', 50.0, '$3', 0.0, '$8', 50.0, '$3', 0.0, 50.0, 100.0, 200.0, '$136', 250.0]
[100.0, '$11', 50.0, '$5', 0.0, '$2', 50.0, '$11', 0.0, '$2', 50.0, '$8', 0.0, '$3', 50.0, 0.0, 50.0, '$4', 0.0, '$12', 50.0, '$2', 0.0, '$37', 50.0, '$2', 100.0, 150.0, '$2', 100.0, '$2', 150.0, 100.0, 50.0, '$26', 0.0, '$5', 50.0, '$18', 0.0, '$2', 100.0, 150.0, 200.0, '$138', 250.0]
['$13', 50.0, '$4', 0.0, 50.0, '$7', 0.0, 50.0, '$4', 0.0, '$2', 50.0, '$9', 0.0, '$4', 50.0, '$3', 0.0, '$14', 50.0, 0.0, '$25', 50.0, 100.0, 50.0, 0.0, 50.0, 100.0, '$6', 50.0, '$3', 100.0, 150.0, '$2', 100.0, '$2', 150.0, '$3', 50.0, '$17', 0.0, 50.0, '$2', 100.0, '$2', 150.0, '$5', 200.0, 250.0, '$6', 200.0, '$11', 150.0, '$4', 200.0, '$141', 250.0]
['$12', 50.0, '$4', 0.0, '$2', 50.0, '$5', 0.0, 50.0, 0.0, 50.0, '$3', 0.0, '$3', 50.0, '$4', 0.0, 50.0, 0.0, '$6', 50.0, '$3', 0.0, '$41', 50.0, 100.0, 50.0, 0.0, 50.0, '$2', 100.0, '$5', 50.0, '$3', 100.0, 150.0, '$2', 100.0, 150.0, 100.0, '$2', 50.0, '$10', 0.0, 50.0, '$3', 0.0, 50.0, 100.0, 150.0, '$2', 200.0, '$172', 250.0]
['$11', 50.0, '$2', 0.0, 50.0, '$2', 0.0, 50.0, '$5', 0.0, '$4', 50.0, '$2', 0.0, '$4', 50.0, '$6', 0.0, '$2', 50.0, 0.0, '$4', 50.0, '$2', 0.0, '$51', 50.0, '$6', 100.0, 50.0, 100.0, '$3', 50.0, '$12', 0.0, 100.0, 150.0, 200.0, '$176', 250.0]
['$11', 50.0, '$5', 0.0, 50.0, '$6', 0.0, '$2', 50.0, '$3', 0.0, '$4', 50.0, '$8', 0.0, '$3', 50.0, '$2', 0.0, '$19', 50.0, 0.0, '$28', 50.0, 100.0, '$5', 50.0, 100.0, '$2', 50.0, 100.0, '$7', 50.0, '$8', 0.0, 50.0, 150.0, '$2', 200.0, '$178', 250.0]
[100.0, '$9', 50.0, '$14', 0.0, 50.0, '$2', 0.0, '$4', 50.0, '$8', 0.0, '$4', 50.0, '$3', 0.0, '$64', 50.0, '$6', 0.0, 50.0, 150.0, 200.0, '$181', 250.0]
[100.0, '$5', 50.0, 0.0, 50.0, '$14', 0.0, '$2', 50.0, 0.0, '$6', 50.0, '$8', 0.0, '$5', 50.0, 0.0, '$19', 50.0, 0.0, '$44', 50.0, '$5', 0.0, 50.0, 150.0, 200.0, '$183', 250.0]
[100.0, '$5', 50.0, '$16', 0.0, '$2', 50.0, 0.0, 50.0, 0.0, '$4', 50.0, '$8', 0.0, '$12', 50.0, '$2', 0.0, '$51', 50.0, 0.0, '$3', 50.0, '$5', 0.0, 150.0, 200.0, '$2', 250.0, 200.0, '$182', 250.0]
['$7', 50.0, '$7', 0.0, 50.0, '$10', 0.0, 50.0, '$2', 0.0, '$2', 50.0, '$10', 0.0, '$6', 50.0, '$2', 100.0, '$3', 50.0, '$2', 0.0, '$52', 50.0, 0.0, '$3', 50.0, '$2', 0.0, 100.0, '$2', 200.0, '$186', 250.0]
[100.0, '$6', 50.0, '$6', 0.0, 50.0, '$11', 0.0, 50.0, '$2', 0.0, '$3', 50.0, '$8', 0.0, '$6', 50.0, '$2', 100.0, '$3', 50.0, '$3', 0.0, '$55', 50.0, 0.0, 100.0, 200.0, '$4', 250.0, 200.0, '$184', 250.0]
[100.0, 0.0, '$6', 50.0, '$4', 0.0, 50.0, '$3', 0.0, '$2', 50.0, '$7', 0.0, 50.0, '$2', 0.0, 50.0, '$10', 0.0, '$8', 50.0, '$5', 0.0, '$53', 50.0, 100.0, 50.0, 0.0, 150.0, 200.0, 250.0, 200.0, '$188', 250.0]
['$12', 50.0, '$4', 0.0, '$2', 50.0, '$9', 0.0, '$3', 50.0, '$9', 0.0, '$8', 50.0, '$4', 0.0, '$8', 50.0, 0.0, '$46', 50.0, 100.0, 200.0, '$2', 250.0, 200.0, '$189', 250.0]
['$5', 50.0, '$2', 0.0, '$2', 50.0, 0.0, '$2', 50.0, '$3', 0.0, '$3', 50.0, '$6', 0.0, '$2', 50.0, '$2', 0.0, 50.0, '$13', 0.0, '$6', 50.0, '$3', 0.0, 50.0, 0.0, '$5', 50.0, '$2', 0.0, '$10', 50.0, 0.0, '$29', 50.0, '$2', 100.0, '$2', 50.0, 0.0, 150.0, '$194', 250.0]
['$4', 50.0, '$2', 0.0, '$3', 50.0, '$6', 0.0, '$3', 50.0, '$7', 0.0, 50.0, '$17', 0.0, '$5', 50.0, '$3', 0.0, '$47', 50.0, 100.0, '$2', 150.0, 100.0, 50.0, 100.0, 200.0, '$2', 250.0, 200.0, '$192', 250.0]
[50.0, 0.0, '$3', 50.0, '$5', 0.0, 50.0, '$2', 0.0, 50.0, 0.0, '$3', 50.0, '$9', 0.0, '$2', 50.0, 0.0, '$2', 50.0, '$12', 0.0, '$4', 50.0, '$3', 0.0, '$11', 50.0, 0.0, '$34', 50.0, 150.0, 200.0, '$2', 150.0, 100.0, 150.0, 200.0, '$196', 250.0]
['$4', 50.0, '$6', 0.0, 50.0, '$2', 0.0, '$5', 50.0, '$9', 0.0, '$2', 50.0, 0.0, '$2', 50.0, 0.0, '$2', 50.0, '$9', 0.0, 50.0, '$2', 0.0, '$5', 50.0, 0.0, '$40', 50.0, '$3', 100.0, 150.0, '$3', 200.0, 100.0, 150.0, '$198', 250.0]
['$5', 50.0, '$2', 0.0, 50.0, '$2', 0.0, '$2', 50.0, 0.0, '$5', 50.0, '$6', 0.0, 50.0, '$3', 0.0, 50.0, '$2', 0.0, 50.0, '$2', 0.0, 50.0, '$12', 0.0, '$27', 50.0, '$2', 100.0, '$9', 50.0, 100.0, '$7', 50.0, '$2', 100.0, 150.0, '$2', 200.0, 150.0, 100.0, 150.0, '$199', 250.0]
['$5', 50.0, '$2', 0.0, 50.0, '$2', 0.0, '$8', 50.0, '$5', 0.0, '$2', 50.0, '$3', 0.0, '$8', 50.0, '$11', 0.0, '$25', 50.0, '$3', 100.0, '$10', 50.0, '$2', 100.0, '$5', 50.0, '$3', 100.0, '$3', 150.0, 100.0, 200.0, '$200', 250.0]
[50.0, 0.0, 50.0, 0.0, 50.0, '$2', 0.0, 50.0, '$3', 0.0, '$7', 50.0, '$5', 0.0, '$2', 50.0, '$2', 0.0, '$4', 50.0, 0.0, '$4', 50.0, '$11', 0.0, '$17', 50.0, '$4', 100.0, '$5', 50.0, '$3', 100.0, '$9', 50.0, '$4', 100.0, '$3', 50.0, 100.0, '$4', 150.0, 100.0, 200.0, '$201', 250.0]
[50.0, '$11', 0.0, '$6', 50.0, '$6', 0.0, 50.0, '$2', 0.0, '$4', 50.0, '$16', 0.0, '$17', 50.0, '$6', 100.0, '$2', 50.0, '$3', 100.0, '$10', 50.0, '$5', 100.0, 50.0, 100.0, '$3', 150.0, '$2', 100.0, 200.0, '$202', 250.0]
[50.0, '$10', 0.0, '$2', 50.0, '$4', 0.0, '$2', 50.0, '$4', 0.0, '$3', 50.0, '$2', 0.0, '$2', 50.0, '$8', 0.0, 50.0, '$8', 0.0, '$16', 50.0, '$2', 100.0, 50.0, '$4', 100.0, '$3', 50.0, '$2', 100.0, 50.0, 100.0, '$8', 50.0, '$4', 100.0, 50.0, 100.0, '$2', 200.0, 150.0, 50.0, 100.0, 200.0, '$203', 250.0]
[50.0, '$2', 0.0, 50.0, '$6', 0.0, '$2', 50.0, '$5', 0.0, '$2', 50.0, '$4', 0.0, '$3', 50.0, 0.0, '$2', 50.0, '$2', 0.0, 50.0, '$16', 0.0, '$5', 50.0, '$2', 0.0, '$8', 50.0, 100.0, '$4', 50.0, '$2', 100.0, '$3', 50.0, '$3', 100.0, '$2', 50.0, '$2', 100.0, '$6', 50.0, '$3', 100.0, 150.0, 200.0, 150.0, 100.0, 50.0, 100.0, 200.0, '$204', 250.0]
[50.0, '$20', 0.0, 50.0, 0.0, '$2', 50.0, '$2', 0.0, 50.0, 0.0, '$2', 50.0, '$17', 0.0, '$3', 50.0, 100.0, 50.0, '$2', 0.0, '$8', 50.0, 100.0, '$4', 50.0, '$2', 100.0, '$4', 50.0, '$2', 100.0, '$2', 50.0, '$2', 100.0, '$6', 50.0, 100.0, 50.0, 100.0, 200.0, 150.0, 100.0, 50.0, 100.0, 200.0, '$205', 250.0]
[50.0, '$5', 0.0, 50.0, '$14', 0.0, '$5', 50.0, '$2', 0.0, '$2', 50.0, '$18', 0.0, '$3', 50.0, 100.0, 50.0, 0.0, '$9', 50.0, '$2', 100.0, '$3', 50.0, 100.0, '$3', 50.0, 100.0, 50.0, 100.0, 50.0, '$3', 100.0, '$7', 50.0, '$2', 100.0, '$2', 150.0, 100.0, 50.0, 100.0, 200.0, '$206', 250.0]
[50.0, '$3', 0.0, 50.0, '$17', 0.0, '$3', 50.0, '$10', 0.0, 50.0, '$12', 0.0, '$2', 50.0, '$2', 100.0, '$8', 50.0, 100.0, '$2', 50.0, 100.0, '$3', 50.0, '$2', 100.0, 50.0, '$3', 100.0, '$3', 50.0, '$3', 100.0, '$6', 50.0, '$3', 100.0, 150.0, 100.0, 50.0, 100.0, '$208', 250.0]
[50.0, 0.0, '$2', 50.0, '$17', 0.0, '$2', 50.0, '$24', 0.0, '$3', 50.0, 100.0, '$12', 50.0, '$2', 100.0, '$4', 50.0, '$4', 100.0, '$4', 50.0, '$2', 100.0, '$5', 50.0, '$7', 100.0, 200.0, '$208', 250.0]
[50.0, '$46', 0.0, '$3', 50.0, 100.0, '$10', 50.0, 0.0, 50.0, '$2', 100.0, '$3', 50.0, '$5', 100.0, '$4', 50.0, 100.0, 50.0, '$2', 100.0, '$2', 50.0, '$4', 100.0, '$3', 150.0, 200.0, '$209', 250.0]
[50.0, '$46', 0.0, '$2', 50.0, '$2', 100.0, '$2', 50.0, 0.0, '$6', 50.0, 0.0, '$2', 50.0, 100.0, '$3', 50.0, '$6', 100.0, '$6', 50.0, 100.0, '$2', 50.0, '$5', 100.0, '$3', 200.0, '$210', 250.0]
[50.0, '$31', 0.0, '$2', 50.0, '$13', 0.0, '$2', 50.0, '$2', 100.0, 50.0, '$2', 0.0, '$8', 50.0, '$2', 100.0, '$4', 50.0, '$7', 100.0, '$4', 50.0, '$7', 100.0, '$3', 200.0, '$211', 250.0]
[50.0, '$35', 0.0, 50.0, '$10', 0.0, 50.0, '$3', 100.0, '$11', 50.0, '$2', 100.0, '$3', 50.0, '$9', 100.0, '$4', 50.0, '$5', 100.0, 200.0, 250.0, 200.0, '$212', 250.0]
[50.0, '$35', 0.0, 50.0, '$9', 0.0, '$2', 50.0, '$3', 100.0, '$8', 50.0, 0.0, 50.0, '$2', 100.0, '$3', 50.0, '$10', 100.0, '$4', 50.0, '$2', 100.0, 50.0, 100.0, 150.0, '$2', 200.0, '$213', 250.0]
[50.0, 0.0, '$2', 50.0, '$42', 0.0, 50.0, '$3', 100.0, '$8', 50.0, 0.0, '$7', 50.0, '$10', 100.0, '$4', 50.0, '$2', 100.0, 50.0, 100.0, 150.0, 200.0, '$214', 250.0]
['$3', 50.0, 0.0, '$2', 50.0, '$16', 0.0, '$3', 50.0, '$2', 0.0, 50.0, '$17', 0.0, '$2', 50.0, '$2', 100.0, '$16', 50.0, '$11', 100.0, '$2', 50.0, 100.0, '$4', 50.0, '$2', 150.0, 200.0, '$214', 250.0]
['$3', 50.0, 0.0, '$2', 50.0, '$16', 0.0, '$3', 50.0, 0.0, '$2', 50.0, '$14', 0.0, '$23', 50.0, '$14', 100.0, '$2', 50.0, '$3', 100.0, 200.0, '$215', 250.0]
['$7', 50.0, '$19', 0.0, '$2', 50.0, '$13', 0.0, '$25', 50.0, '$12', 100.0, 50.0, '$4', 100.0, 200.0, '$216', 250.0]
['$8', 50.0, '$18', 0.0, '$2', 50.0, '$13', 0.0, '$4', 50.0, '$2', 0.0, '$18', 50.0, '$17', 100.0, 150.0, '$4', 250.0, 200.0, '$212', 250.0]
['$8', 50.0, '$18', 0.0, '$3', 50.0, '$4', 0.0, '$2', 50.0, '$3', 0.0, 50.0, 0.0, '$2', 50.0, 100.0, 50.0, '$3', 0.0, '$13', 50.0, '$22', 100.0, 200.0, '$217', 250.0]
[50.0, 0.0, '$6', 50.0, '$19', 0.0, '$2', 50.0, '$3', 0.0, '$3', 50.0, 0.0, '$5', 50.0, '$2', 100.0, 50.0, '$3', 0.0, '$14', 50.0, '$19', 100.0, 50.0, 200.0, '$218', 250.0]
['$8', 50.0, '$17', 0.0, 50.0, '$2', 0.0, 50.0, '$3', 0.0, '$2', 50.0, '$2', 0.0, '$5', 50.0, 100.0, '$2', 50.0, '$3', 0.0, '$12', 50.0, '$7', 100.0, 50.0, '$12', 100.0, 50.0, 150.0, '$219', 250.0]
['$8', 50.0, '$9', 0.0, '$2', 50.0, '$6', 0.0, 50.0, 0.0, '$13', 50.0, '$3', 100.0, 50.0, '$3', 0.0, '$12', 50.0, '$7', 100.0, 50.0, '$11', 100.0, 50.0, 100.0, '$220', 250.0]
[50.0, 0.0, '$4', 50.0, '$6', 0.0, '$3', 50.0, 0.0, '$5', 50.0, '$3', 0.0, '$9', 50.0, '$2', 0.0, '$5', 50.0, '$3', 100.0, 50.0, 0.0, '$2', 50.0, 0.0, '$10', 50.0, '$7', 100.0, 50.0, '$13', 100.0, 200.0, '$220', 250.0]
[50.0, 0.0, '$3', 50.0, '$5', 0.0, '$11', 50.0, '$2', 0.0, '$5', 50.0, 0.0, '$4', 50.0, 0.0, '$6', 50.0, '$2', 100.0, 50.0, 0.0, '$14', 50.0, '$17', 100.0, 150.0, '$2', 100.0, 200.0, '$221', 250.0]
[50.0, '$2', 0.0, 50.0, '$6', 0.0, '$10', 50.0, '$2', 0.0, '$9', 50.0, 0.0, '$8', 50.0, '$2', 100.0, '$17', 50.0, '$16', 100.0, '$3', 150.0, '$222', 250.0]
[50.0, '$7', 0.0, '$11', 50.0, 0.0, '$20', 50.0, 100.0, '$20', 50.0, '$6', 100.0, 150.0, '$5', 100.0, 150.0, '$2', 100.0, 150.0, '$2', 200.0, '$221', 250.0]
[50.0, '$6', 0.0, '$10', 50.0, '$2', 0.0, '$20', 50.0, '$2', 100.0, 50.0, 0.0, '$18', 50.0, '$12', 100.0, '$2', 150.0, 100.0, 200.0, '$223', 250.0]
['$3', 50.0, '$3', 0.0, '$29', 50.0, 100.0, 50.0, '$4', 100.0, '$20', 50.0, '$10', 100.0, 150.0, 100.0, 150.0, 100.0, 150.0, '$224', 250.0]
[50.0, 0.0, 50.0, '$2', 0.0, '$29', 50.0, 100.0, '$2', 50.0, '$3', 100.0, '$6', 50.0, '$3', 100.0, '$12', 50.0, '$10', 100.0, 150.0, '$3', 100.0, 200.0, 250.0, 200.0, '$222', 250.0]
[50.0, '$3', 0.0, '$29', 50.0, '$2', 100.0, 50.0, 100.0, '$9', 50.0, '$4', 100.0, '$11', 50.0, '$13', 100.0, 150.0, '$225', 250.0]
[50.0, '$3', 0.0, '$18', 50.0, 100.0, '$16', 50.0, 100.0, '$3', 50.0, 100.0, '$2', 50.0, '$8', 100.0, '$7', 50.0, '$13', 100.0, 200.0, '$225', 250.0]
[50.0, '$3', 0.0, '$13', 50.0, 100.0, '$4', 50.0, 100.0, '$23', 50.0, '$8', 100.0, '$8', 50.0, 100.0, 50.0, '$8', 100.0, 50.0, 150.0, 250.0, 200.0, '$224', 250.0]
[50.0, 0.0, '$19', 50.0, 100.0, '$24', 50.0, '$9', 100.0, '$9', 50.0, '$9', 100.0, 200.0, '$226', 250.0]
[50.0, 0.0, '$17', 50.0, 100.0, 50.0, 100.0, '$25', 50.0, '$8', 100.0, '$6', 50.0, 100.0, '$2', 50.0, '$7', 100.0, 50.0, 200.0, '$227', 250.0]
['$6', 50.0, 0.0, '$12', 50.0, 100.0, '$26', 50.0, '$9', 100.0, '$5', 50.0, 100.0, '$4', 50.0, '$5', 100.0, 50.0, 100.0, '$228', 250.0]
['$12', 50.0, 100.0, '$5', 50.0, '$3', 100.0, '$25', 50.0, '$3', 100.0, 50.0, '$6', 100.0, '$4', 50.0, 100.0, '$6', 50.0, '$3', 100.0, 50.0, 200.0, '$228', 250.0]
['$7', 0.0, '$7', 50.0, 0.0, '$5', 50.0, 0.0, 50.0, '$11', 0.0, 50.0, '$3', 0.0, '$2', 50.0, '$3', 0.0, 50.0, 0.0, '$15', 50.0, 0.0, 50.0, '$5', 0.0, '$3', 50.0, 0.0, 150.0, '$229', 250.0]
['$70', 150.0, 200.0, '$229', 250.0]
['$300', 250.0]
['$300', 250.0]
['$300', 250.0]
['$300', 250.0]
['$194', 250.0, 200.0, '$105', 250.0]
['$208', 250.0, 200.0, '$13', 250.0, 200.0, '$77', 250.0]
['$76', 250.0, 50.0, '$13', 250.0, 150.0, '$3', 250.0, 150.0, '$21', 250.0, 150.0, '$16', 250.0, 50.0, '$43', 250.0, 200.0, 100.0, '$2', 50.0, 100.0, 200.0, '$4', 250.0, 150.0, 50.0, 200.0, '$4', 250.0, 150.0, 50.0, '$2', 200.0, 250.0, 150.0, '$2', 50.0, 200.0, 250.0, 200.0, 250.0, 150.0, '$2', 50.0, 200.0, '$3', 250.0, 200.0, 100.0, 50.0, 100.0, 200.0, '$2', 250.0, 200.0, 100.0, '$2', 50.0, 100.0, 200.0, 250.0, 200.0, 100.0, 50.0, 100.0, 200.0, '$68', 250.0]
['$76', 250.0, 50.0, '$13', 250.0, 50.0, '$3', 250.0, 50.0, '$21', 250.0, 50.0, '$16', 250.0, 50.0, '$44', 250.0, 200.0, '$2', 250.0, 150.0, 100.0, '$3', 250.0, 200.0, 100.0, 50.0, 200.0, '$3', 250.0, 200.0, 100.0, 50.0, 200.0, '$2', 250.0, '$2', 200.0, 50.0, 200.0, '$3', 250.0, '$2', 200.0, 50.0, 200.0, '$3', 250.0, 100.0, 150.0, 250.0, 150.0, 100.0, '$2', 250.0, 150.0, 100.0, 200.0, 250.0, 200.0, '$2', 250.0, 100.0, 150.0, 250.0, 150.0, 100.0, '$68', 250.0]
['$70', 250.0, '$4', 100.0, 200.0, 250.0, 50.0, 150.0, '$2', 50.0, 150.0, 250.0, 200.0, 50.0, '$3', 250.0, 50.0, 250.0, 150.0, 50.0, '$2', 100.0, 150.0, 50.0, '$2', 100.0, '$2', 200.0, '$3', 100.0, 200.0, '$2', 250.0, 50.0, 150.0, 100.0, 150.0, 200.0, 100.0, 50.0, '$2', 100.0, 250.0, 150.0, 50.0, '$2', 100.0, 250.0, 200.0, 50.0, '$2', 100.0, 200.0, '$2', 250.0, 200.0, 100.0, 50.0, 100.0, 150.0, 250.0, 50.0, 250.0, 200.0, '$2', 100.0, '$5', 250.0, 200.0, 100.0, 50.0, 100.0, 150.0, 250.0, 150.0, '$3', 100.0, '$2', 200.0, 250.0, 50.0, 150.0, 100.0, 50.0, 200.0, 100.0, 50.0, 100.0, 200.0, '$16', 250.0, 150.0, 100.0, '$2', 250.0, 200.0, 100.0, 200.0, 50.0, 200.0, '$3', 250.0, 100.0, 200.0, 50.0, 200.0, '$3', 250.0, 200.0, 50.0, 200.0, '$5', 250.0, 50.0, 200.0, '$2', 250.0, 200.0, 50.0, 200.0, '$2', 250.0, 50.0, 200.0, 250.0, 50.0, 200.0, '$4', 250.0, 200.0, 50.0, '$3', 250.0, 50.0, 200.0, '$67', 250.0]
['$69', 250.0, 150.0, 100.0, '$2', 250.0, 200.0, '$2', 250.0, 50.0, 150.0, 250.0, 200.0, 50.0, 250.0, 200.0, 50.0, '$3', 250.0, 50.0, '$2', 250.0, 50.0, '$3', 250.0, 50.0, '$2', 250.0, 200.0, 100.0, 200.0, 250.0, 200.0, 50.0, 200.0, 250.0, 50.0, 150.0, 250.0, 200.0, 150.0, 100.0, '$2', 250.0, 200.0, '$2', 250.0, 50.0, '$2', 250.0, 200.0, 50.0, 200.0, 250.0, 150.0, 100.0, 250.0, 200.0, 50.0, 200.0, '$2', 250.0, 200.0, 250.0, 50.0, 200.0, 100.0, 150.0, '$5', 250.0, 200.0, 50.0, 200.0, '$2', 250.0, '$2', 200.0, 50.0, '$2', 200.0, 150.0, 100.0, '$2', 250.0, 50.0, 150.0, 250.0, 150.0, 50.0, 200.0, 250.0, 150.0, 100.0, '$6', 250.0, 200.0, '$2', 50.0, 150.0, '$3', 250.0, 200.0, 100.0, '$2', 50.0, 200.0, '$2', 250.0, '$2', 150.0, 250.0, 50.0, 200.0, '$2', 250.0, '$2', 150.0, 250.0, 50.0, 200.0, '$4', 250.0, 50.0, 200.0, '$5', 250.0, 50.0, 200.0, '$2', 250.0, 200.0, 50.0, '$3', 250.0, 50.0, '$2', 200.0, 50.0, 150.0, '$2', 100.0, 150.0, 250.0, 200.0, 50.0, '$3', 250.0, 50.0, 200.0, '$67', 250.0]
['$69', 250.0, 200.0, 50.0, 100.0, 150.0, 200.0, '$2', 250.0, 50.0, '$3', 250.0, 50.0, 250.0, 200.0, 50.0, '$3', 250.0, 50.0, 250.0, 200.0, 50.0, '$3', 250.0, 50.0, '$2', 250.0, 200.0, 50.0, '$3', 100.0, 50.0, 200.0, 250.0, 50.0, 200.0, '$2', 250.0, 200.0, 50.0, 100.0, 150.0, 200.0, '$2', 250.0, 50.0, '$2', 250.0, 150.0, 100.0, '$3', 250.0, 50.0, 200.0, 150.0, 100.0, '$5', 250.0, 50.0, 100.0, 150.0, '$5', 250.0, 200.0, 150.0, 100.0, '$4', 250.0, 150.0, 100.0, '$3', 250.0, 50.0, 200.0, 250.0, 50.0, '$2', 250.0, 200.0, 50.0, '$2', 250.0, 200.0, 100.0, '$3', 250.0, 200.0, '$2', 250.0, 200.0, '$2', 50.0, 100.0, '$6', 250.0, 150.0, 100.0, 250.0, 200.0, 100.0, '$2', 250.0, 50.0, 200.0, 250.0, 200.0, 100.0, '$2', 250.0, 50.0, 200.0, '$4', 250.0, 50.0, 200.0, '$5', 250.0, 50.0, 200.0, '$2', 250.0, 200.0, 50.0, '$3', 250.0, 50.0, '$2', 200.0, 50.0, 150.0, 250.0, 200.0, 50.0, '$2', 200.0, 50.0, '$3', 250.0, 50.0, 200.0, '$67', 250.0]
['$70', 250.0, 200.0, 150.0, 100.0, 50.0, '$2', 250.0, 50.0, 200.0, '$2', 250.0, 50.0, '$2', 200.0, 50.0, '$3', 250.0, 50.0, '$2', 250.0, 50.0, 200.0, '$2', 250.0, 50.0, 250.0, 200.0, 150.0, 100.0, '$6', 250.0, 50.0, '$4', 250.0, 200.0, '$2', 150.0, 50.0, 200.0, 250.0, 50.0, '$2', 250.0, 150.0, 100.0, '$3', 250.0, 50.0, 200.0, 150.0, 100.0, '$5', 250.0, 50.0, 150.0, 100.0, '$6', 250.0, 150.0, 100.0, '$4', 250.0, 150.0, 100.0, '$3', 250.0, 50.0, 200.0, 250.0, 50.0, '$2', 250.0, 200.0, 50.0, '$2', 250.0, 200.0, 100.0, '$6', 250.0, 200.0, 100.0, 50.0, 150.0, '$5', 250.0, 200.0, 250.0, 50.0, 200.0, 150.0, '$5', 50.0, '$2', 150.0, '$5', 50.0, 200.0, '$3', 250.0, 50.0, '$2', 200.0, '$4', 250.0, 50.0, 200.0, '$2', 250.0, 200.0, 50.0, 200.0, '$2', 250.0, 50.0, '$2', 200.0, 50.0, 200.0, '$2', 250.0, 50.0, '$2', 200.0, 50.0, '$3', 250.0, 50.0, 200.0, '$67', 250.0]
['$69', 250.0, '$2', 200.0, 250.0, 200.0, 50.0, 200.0, 250.0, 50.0, '$3', 250.0, 50.0, 200.0, 250.0, 50.0, 200.0, 250.0, 150.0, 50.0, '$2', 250.0, 50.0, 200.0, '$2', 250.0, 50.0, 200.0, 250.0, 200.0, 50.0, 200.0, '$2', 250.0, 200.0, '$2', 250.0, 50.0, '$3', 250.0, '$2', 200.0, 250.0, 200.0, 50.0, 200.0, 250.0, 50.0, 200.0, 250.0, 200.0, 50.0, 200.0, 250.0, 150.0, 100.0, 250.0, 200.0, 50.0, 200.0, '$2', 250.0, 200.0, 250.0, 50.0, 250.0, 150.0, 100.0, '$2', 250.0, '$2', 200.0, 250.0, 200.0, 50.0, 200.0, '$2', 250.0, '$2', 200.0, 50.0, '$2', 200.0, 150.0, 100.0, '$2', 250.0, 50.0, '$2', 250.0, 200.0, 50.0, '$2', 250.0, 200.0, 100.0, '$12', 250.0, '$2', 200.0, '$2', 250.0, 150.0, 50.0, '$5', 250.0, 50.0, 200.0, '$5', 250.0, 50.0, 200.0, '$4', 250.0, 50.0, 200.0, '$5', 250.0, 50.0, 200.0, '$3', 250.0, 100.0, 150.0, 250.0, 150.0, 100.0, '$2', 250.0, 100.0, 150.0, 250.0, 200.0, 50.0, 200.0, 250.0, 100.0, 150.0, 250.0, 150.0, 100.0, '$68', 250.0]
['$69', 250.0, 200.0, 100.0, '$2', 50.0, 150.0, '$2', 250.0, 50.0, '$3', 250.0, 50.0, 200.0, 250.0, 150.0, '$2', 100.0, 150.0, 50.0, '$2', 250.0, 150.0, '$2', 50.0, 200.0, 150.0, 50.0, 100.0, '$2', 200.0, '$2', 100.0, 50.0, 100.0, '$2', 250.0, 50.0, '$3', 250.0, 200.0, 100.0, '$2', 50.0, 150.0, '$2', 250.0, 150.0, 50.0, 100.0, 250.0, 150.0, '$2', 50.0, 100.0, 200.0, '$2', 250.0, 200.0, 100.0, 50.0, 100.0, 150.0, 250.0, 50.0, '$2', 250.0, 150.0, 100.0, 200.0, 50.0, 150.0, '$2', 250.0, 200.0, 100.0, 50.0, 100.0, 150.0, 250.0, 150.0, 100.0, 50.0, 100.0, 200.0, '$2', 250.0, 50.0, '$2', 250.0, 200.0, 50.0, '$2', 250.0, 200.0, 100.0, '$12', 250.0, 200.0, 100.0, '$2', 50.0, 100.0, 200.0, '$5', 250.0, 50.0, 200.0, '$5', 250.0, 50.0, 200.0, '$2', 250.0, 100.0, '$4', 50.0, '$2', 250.0, 100.0, '$4', 50.0, '$2', 250.0, 200.0, 100.0, 50.0, 100.0, '$2', 200.0, 250.0, 200.0, 100.0, '$2', 50.0, 150.0, '$2', 250.0, 200.0, 100.0, 50.0, 100.0, 200.0, '$68', 250.0]
['$151', 250.0, 200.0, '$70', 250.0, 200.0, '$3', 250.0, 200.0, '$2', 250.0, 200.0, '$70', 250.0]
['$78', 250.0, 200.0, '$11', 250.0, 200.0, '$59', 250.0, 200.0, '$149', 250.0]
['$300', 250.0]
['$300', 250.0]
['$300', 250.0]
['$300', 250.0]
